transaction_id,transaction_amount,hour_of_day,prev_transactions,distance_from_home,is_first_transaction
T000001,161.36369110406315,3.0,2.0,26.53974176549527,0.0
T000002,116.20285141107804,1.0,2.0,50.71440221451397,0.0
T000003,1.0,2.0,,9.46793520346699,0.0
T000004,48.78061793328551,2.0,,41.07706831607596,0.0
T000005,,3.0,8.0,,0.0
T000006,,1.0,2.0,43.371890893514646,1.0
T000007,74.69054694573319,3.0,5.0,16.764099056370686,0.0
T000008,17.930994219895155,1.0,3.0,2.022411242186052,0.0
T000009,74.37056015107456,3.0,1.0,64.70726548768356,0.0
T000010,177.0161989909943,2.0,3.0,31.28494138061624,0.0
T000011,46.884814313694754,2.0,0.0,,0.0
T000012,95.88731501642734,3.0,11.0,0.451994996784427,0.0
T000013,118.19853154263691,3.0,15.0,18.02807275395225,0.0
T000014,110.3633664699472,2.0,0.0,22.99223058982801,0.0
T000015,142.83687107352293,3.0,9.0,19.604308947068876,0.0
T000016,118.38099201048554,1.0,1.0,45.99129557988964,0.0
T000017,153.57579677905193,3.0,0.0,,0.0
T000018,134.01080527252248,3.0,0.0,27.707540201799315,0.0
T000019,80.41757162891045,3.0,3.0,1.4811048597689047,0.0
T000020,95.19700501376752,2.0,1.0,19.53617103925664,0.0
T000021,26.66074046921615,2.0,0.0,2.3194591316771818,0.0
T000022,1.0,2.0,2.0,57.40168957514824,0.0
T000023,24.276484540961647,2.0,2.0,46.61335138152417,0.0
T000024,78.96773386173204,2.0,0.0,,0.0
T000025,,3.0,8.0,,0.0
T000026,185.5854240071172,1.0,3.0,,0.0
T000027,74.43921617844074,2.0,2.0,13.350091979748765,0.0
T000028,95.62823356114096,2.0,7.0,58.04260448582046,0.0
T000029,75.31217084193437,1.0,,19.6445490987848,0.0
T000030,55.94658316693539,2.0,17.0,21.18417029642036,0.0
T000031,141.94702502348062,1.0,7.0,63.0969525993706,0.0
T000032,203.77003993227197,2.0,2.0,6.27282589424209,0.0
T000033,137.78329193721572,2.0,1.0,14.38144131351065,0.0
T000034,103.90588676180082,2.0,7.0,3.4923079222897604,0.0
T000035,22.63480055308172,3.0,,1.4897527870970344,0.0
T000036,118.24805012331127,3.0,3.0,2.402821152462609,1.0
T000037,129.29521005823244,3.0,2.0,,0.0
T000038,111.53504528593416,2.0,14.0,0.2244672843870939,0.0
T000039,193.9937274710504,3.0,5.0,10.410098351832398,0.0
T000040,122.83440053651996,2.0,,10.682361314174631,0.0
T000041,73.31998467804166,2.0,3.0,20.68180355777227,0.0
T000042,125.39956634562718,2.0,2.0,4.064625342077939,0.0
T000043,83.27493820795257,2.0,0.0,5.1786359542963565,0.0
T000044,62.40153341305905,2.0,1.0,43.09672416199805,0.0
T000045,25.850778400879094,2.0,3.0,,0.0
T000046,122.67543562772336,1.0,8.0,71.26777944360984,0.0
T000047,44.88539250817883,3.0,2.0,10.443014609109987,0.0
T000048,73.05790719036308,2.0,4.0,0.7848542960362092,0.0
T000049,102.04623743644616,2.0,2.0,2.5595541529985297,0.0
T000050,172.67670385786585,3.0,6.0,8.328690281307473,1.0
T000051,75.85080369635796,1.0,2.0,12.513437648535945,0.0
T000052,2.0164938060112263,,,3.8577216400851744,0.0
T000053,125.27946209179372,2.0,1.0,0.9655841003124572,0.0
T000054,140.53993227958549,3.0,2.0,,0.0
T000055,,2.0,0.0,31.15170394508273,0.0
T000056,73.7060162052398,3.0,11.0,81.0476186617271,0.0
T000057,124.01302507029624,2.0,0.0,30.92089280622724,0.0
T000058,112.4110293150168,1.0,22.0,9.29349450070232,1.0
T000059,124.54874758191256,1.0,1.0,5.005737451303021,0.0
T000060,98.78227038695086,1.0,3.0,41.9691043878471,0.0
T000061,1.0,1.0,4.0,18.487403270471145,0.0
T000062,115.08500044508678,2.0,6.0,5.692249483992266,0.0
T000063,149.813340972357,3.0,0.0,4.94943726401951,0.0
T000064,115.55549955715976,2.0,,7.592580381927472,0.0
T000065,204.42213864349625,2.0,0.0,,0.0
T000066,111.92774768868696,2.0,3.0,48.28684451272522,1.0
T000067,51.20633735113336,3.0,2.0,50.46169889240751,1.0
T000068,132.97256205568058,2.0,4.0,,0.0
T000069,135.17139583936543,2.0,,,0.0
T000070,149.13415713849707,3.0,4.0,1.9689490268254703,1.0
T000071,95.1042376778548,,0.0,38.080652628076216,0.0
T000072,106.13351579973978,1.0,,44.32172219293305,0.0
T000073,95.40776178325224,2.0,,,0.0
T000074,82.89256744363806,2.0,4.0,7.07586892424376,0.0
T000075,110.03493471444392,3.0,6.0,51.64016461016824,0.0
T000076,,3.0,10.0,,
T000077,187.47919521027103,2.0,11.0,,0.0
T000078,151.25545762908868,3.0,2.0,,0.0
T000079,232.21716735085172,3.0,0.0,8.513160897953538,0.0
T000080,124.3936142435537,2.0,5.0,1.0632590248401967,0.0
T000081,116.20419846973977,2.0,1.0,35.16939240999248,0.0
T000082,122.89028049628924,2.0,1.0,11.898923861919032,0.0
T000083,40.84719076328055,3.0,0.0,45.89229380993818,0.0
T000084,26.751262694755557,3.0,4.0,,0.0
T000085,73.43928526962007,2.0,0.0,,0.0
T000086,1.6465148206423803,2.0,0.0,4.098308869000509,0.0
T000087,82.74265594309864,2.0,11.0,,0.0
T000088,12.063025678844284,2.0,3.0,32.209498152429944,1.0
T000089,276.4527593785242,2.0,5.0,20.89258518482817,0.0
T000090,149.50831194796444,3.0,9.0,57.76623952645894,0.0
T000091,142.48059942581065,2.0,3.0,10.570789706481412,0.0
T000092,122.79438860408038,3.0,0.0,,0.0
T000093,99.02901970561336,3.0,4.0,29.53474896101495,0.0
T000094,146.08250559622297,3.0,3.0,12.144158594953373,1.0
T000095,155.31157794299844,1.0,8.0,9.432312408741293,0.0
T000096,67.51173865758665,2.0,0.0,0.9799913446783132,0.0
T000097,120.2106432638666,2.0,2.0,8.553773455593799,0.0
T000098,126.88149514749398,3.0,18.0,14.905341763858903,0.0
T000099,117.41708696230634,1.0,9.0,2.115487581883889,0.0
T000100,91.78323970573044,2.0,7.0,10.200957709994286,0.0
T000101,108.21473826852844,3.0,7.0,,0.0
T000102,89.98237111029181,3.0,3.0,34.738989554940616,0.0
T000103,172.3898209228933,2.0,,8.303811378152814,0.0
T000104,101.70762087440124,2.0,1.0,9.67756677046074,0.0
T000105,96.3013568202811,3.0,13.0,46.35159107265679,0.0
T000106,58.19541648901868,2.0,1.0,,0.0
T000107,130.33615295680914,2.0,3.0,34.6237413570036,0.0
T000108,132.77019149251186,2.0,0.0,3.9139391006652815,0.0
T000109,194.88835083729884,,6.0,43.04343421654144,0.0
T000110,1.0,2.0,15.0,0.9075071260212814,1.0
T000111,94.77753907312642,2.0,0.0,33.86398267228562,0.0
T000112,,1.0,1.0,19.543928063005144,0.0
T000113,,3.0,6.0,10.65440894779204,0.0
T000114,105.4785790038929,2.0,3.0,10.29612566041904,
T000115,116.75290145420588,3.0,1.0,12.117106004078195,0.0
T000116,83.98074702816028,2.0,5.0,8.458986762750095,0.0
T000117,101.62035066700682,,0.0,,0.0
T000118,94.99229617600236,2.0,0.0,1.5058110107615663,0.0
T000119,63.481668414143165,2.0,1.0,29.09042236812845,0.0
T000120,67.40819460989204,2.0,15.0,14.034261199735624,0.0
T000121,142.6216667398112,2.0,,4.110236023178706,0.0
T000122,104.37368768403697,2.0,0.0,10.54045305167467,0.0
T000123,68.33843016425115,3.0,4.0,106.51908826150763,0.0
T000124,33.95608223113412,3.0,2.0,4.768059689351421,1.0
T000125,93.8135526862582,2.0,1.0,27.03983542395728,0.0
T000126,162.61418309783198,,22.0,68.4699006255565,0.0
T000127,174.7469113726618,2.0,1.0,25.46341403825557,0.0
T000128,76.3080326464542,3.0,1.0,,0.0
T000129,39.51526285794462,3.0,0.0,1.4587385085163231,0.0
T000130,151.34931316598662,2.0,6.0,,1.0
T000131,128.2754822815772,,1.0,82.82694481784172,0.0
T000132,122.52478618890174,2.0,0.0,,0.0
T000133,122.60339191298355,2.0,13.0,31.957809799408587,0.0
T000134,38.04464621730496,2.0,1.0,27.46282772218696,0.0
T000135,127.5942985911077,3.0,0.0,25.13989047293821,0.0
T000136,173.20886193762186,1.0,10.0,2.1727399939125034,0.0
T000137,66.2145960419194,1.0,0.0,4.018334269800546,0.0
T000138,122.86402023076204,3.0,1.0,24.63974754200401,
T000139,88.23630450137806,2.0,4.0,,0.0
T000140,170.5229572601752,1.0,17.0,0.2382224718284021,0.0
T000141,73.47494261947362,2.0,2.0,13.369305664238798,0.0
T000142,1.0,1.0,10.0,10.140965115030442,0.0
T000143,25.040939902115085,3.0,,11.840212797168215,0.0
T000144,148.47845128764533,2.0,0.0,1.9908633589438889,0.0
T000145,151.17653220926724,3.0,0.0,16.288947641732303,0.0
T000146,94.8389123533752,3.0,6.0,10.512012592195472,0.0
T000147,121.6108345379627,3.0,0.0,32.60768040371041,0.0
T000148,78.65979025323712,2.0,2.0,,0.0
T000149,138.04233271557388,1.0,6.0,13.564874795071166,0.0
T000150,1.0,2.0,1.0,52.16357001974908,0.0
T000151,129.95516659317974,3.0,0.0,8.238126581376278,0.0
T000152,34.14340400267075,2.0,6.0,19.5002651578537,0.0
T000153,95.58185203973323,3.0,6.0,33.37158127790574,0.0
T000154,174.20580142679825,2.0,1.0,55.6673656829617,0.0
T000155,49.91899950525423,2.0,1.0,20.972133241503293,
T000156,96.96695930926896,3.0,10.0,9.124338163460092,0.0
T000157,226.4963874625976,3.0,3.0,35.01380529533639,0.0
T000158,112.0376589744284,2.0,0.0,3.0488379704228543,0.0
T000159,108.82207776386126,2.0,3.0,105.12478137749028,0.0
T000160,109.93400047737036,3.0,,6.223067502346789,0.0
T000161,48.237883879031294,2.0,14.0,44.57613171283377,0.0
T000162,185.11074723176188,2.0,5.0,,0.0
T000163,168.40396752443007,2.0,3.0,5.91329677770299,0.0
T000164,75.55569404781544,2.0,4.0,12.991863509201307,0.0
T000165,30.994927089255427,3.0,3.0,22.663761778818703,0.0
T000166,69.94367236655765,2.0,4.0,9.796972364263585,0.0
T000167,100.43918274490738,3.0,0.0,18.874510339071964,
T000168,1.0,3.0,0.0,0.5222592973064097,0.0
T000169,48.40168580764102,2.0,2.0,0.236796626555293,0.0
T000170,131.2754008415518,3.0,4.0,85.21743441655414,0.0
T000171,,2.0,1.0,1.8673122852079604,0.0
T000172,128.14846183452855,2.0,4.0,13.10263315050504,0.0
T000173,21.18039215078753,1.0,5.0,21.2749511629998,0.0
T000174,42.33337983971275,3.0,15.0,6.517540165764812,0.0
T000175,211.57494555138743,2.0,4.0,1.276664129710782,0.0
T000176,,2.0,3.0,5.915348074053986,0.0
T000177,108.61271932055188,2.0,8.0,11.994893871213018,
T000178,70.60718475459998,3.0,0.0,43.01641875970168,0.0
T000179,50.27857391001039,2.0,1.0,25.71481783238387,0.0
T000180,143.80869658465377,2.0,4.0,44.1445212996841,0.0
T000181,136.7318772729665,3.0,8.0,8.559257141532076,0.0
T000182,92.07311537917715,3.0,6.0,33.96064306893252,1.0
T000183,168.34371337222623,3.0,8.0,9.389246280765304,0.0
T000184,106.69791902901176,2.0,4.0,3.360111344396735,0.0
T000185,,2.0,1.0,2.3451331770064816,0.0
T000186,88.67605540492366,2.0,11.0,16.36516214708354,0.0
T000187,189.9362509175656,3.0,2.0,2.267646636573493,0.0
T000188,115.40252697520512,2.0,4.0,6.848594165751662,0.0
T000189,120.84007872415567,3.0,0.0,1.5843386269250512,0.0
T000190,158.29582601276115,2.0,2.0,35.41572803155509,0.0
T000191,,2.0,13.0,27.750700814645363,0.0
T000192,113.40252137948768,2.0,4.0,31.464795709248705,0.0
T000193,159.09450212794468,3.0,5.0,10.481791615803274,0.0
T000194,194.6095880416534,3.0,6.0,31.0029440530378,0.0
T000195,97.72438773493788,2.0,0.0,44.41919911753238,0.0
T000196,78.52972294373735,2.0,5.0,,0.0
T000197,119.72899927421096,2.0,1.0,27.11124383933564,0.0
T000198,124.69886911028225,2.0,10.0,3.1100951165959816,0.0
T000199,,3.0,0.0,18.818770570731974,
T000200,91.58704327562292,2.0,0.0,21.44641861593247,0.0
T000201,107.25318729796908,3.0,3.0,43.62166099680274,0.0
T000202,67.53175901930595,3.0,5.0,6.063919296698546,0.0
T000203,98.4470533564549,1.0,2.0,42.940021332209945,0.0
T000204,93.75565573249663,2.0,9.0,20.23121720179147,0.0
T000205,95.04528498793655,2.0,1.0,26.58924493459134,0.0
T000206,39.52615322905974,3.0,5.0,46.93198714305819,0.0
T000207,,2.0,3.0,9.89741132979834,0.0
T000208,181.1942496405576,1.0,1.0,2.5628011435749185,0.0
T000209,109.7421170135069,,6.0,5.927151213693936,0.0
T000210,111.21082021453964,2.0,15.0,4.328423838660163,0.0
T000211,83.14570144409804,2.0,0.0,36.31240834084713,1.0
T000212,69.75466180359126,2.0,8.0,62.544728883017896,0.0
T000213,,2.0,5.0,,0.0
T000214,98.6869603365074,2.0,0.0,31.711837386120045,0.0
T000215,127.78022330017242,3.0,4.0,62.27870355274183,0.0
T000216,86.44381994787156,3.0,9.0,19.38603589684189,0.0
T000217,135.7000247046046,2.0,3.0,,1.0
T000218,62.54141366983791,,6.0,11.41452571680706,0.0
T000219,89.016527382452,3.0,16.0,9.384095132533531,0.0
T000220,114.2377296692784,3.0,10.0,10.733379390595346,0.0
T000221,40.17210356916567,1.0,7.0,8.083615803392478,0.0
T000222,88.54594845391452,1.0,0.0,3.001499928424971,0.0
T000223,118.6674279855699,3.0,3.0,5.136079596918624,0.0
T000224,114.34779271508545,2.0,2.0,2.444621908255092,0.0
T000225,160.1942218584408,3.0,17.0,21.83075341795264,1.0
T000226,72.44071418357333,3.0,0.0,10.105394856946331,0.0
T000227,67.41998261970915,2.0,1.0,46.93165107913298,0.0
T000228,80.77715605114543,1.0,0.0,33.4550102185944,0.0
T000229,151.20312629057312,2.0,9.0,43.178751797442885,0.0
T000230,25.13711774106777,2.0,2.0,22.30877420012844,0.0
T000231,,3.0,,,0.0
T000232,215.39581253080556,1.0,6.0,13.850089101808338,0.0
T000233,,,0.0,,0.0
T000234,,1.0,1.0,,0.0
T000235,229.4781821009307,3.0,11.0,0.240875358514833,0.0
T000236,1.0,2.0,,54.73048901215355,0.0
T000237,147.89969707400095,2.0,5.0,40.746556140742975,0.0
T000238,133.96866414782517,3.0,6.0,19.152738350519417,0.0
T000239,45.22403055772188,3.0,10.0,19.203047441275245,0.0
T000240,70.99918336731577,3.0,8.0,19.400691766211963,0.0
T000241,106.20878423723067,3.0,18.0,22.415948922014447,1.0
T000242,135.7304895318309,1.0,3.0,49.30365035152152,0.0
T000243,49.20890905108016,2.0,10.0,6.199044026102661,0.0
T000244,,2.0,4.0,28.327831360165,0.0
T000245,172.4249614946463,2.0,5.0,6.32455319426776,0.0
T000246,,3.0,1.0,23.50968319931286,0.0
T000247,79.45928560227077,2.0,,1.1881396917273694,0.0
T000248,219.60548176369963,1.0,3.0,,1.0
T000249,113.4296790522149,1.0,2.0,6.664317845573592,0.0
T000250,9.10103873064226,2.0,0.0,63.90055784819537,0.0
T000251,49.11178454615235,3.0,2.0,67.835252832042,0.0
T000252,88.15906966299956,2.0,1.0,32.18031477144729,0.0
T000253,140.40180947010356,2.0,9.0,3.900444946737938,0.0
T000254,110.83415594821432,1.0,6.0,,0.0
T000255,121.29218293149144,2.0,2.0,96.46442029977786,0.0
T000256,132.32447688628855,2.0,4.0,13.025846946955284,0.0
T000257,44.47120772670856,2.0,1.0,36.80582974350728,0.0
T000258,75.04305242648172,3.0,,7.576000719713509,0.0
T000259,105.3584957629798,3.0,2.0,18.05726757351206,0.0
T000260,58.39693475750717,3.0,8.0,63.43190793940462,0.0
T000261,184.97179915043543,3.0,2.0,,0.0
T000262,126.91480395248163,3.0,1.0,0.7531662105828089,0.0
T000263,45.41874139204487,2.0,7.0,33.47460293890624,0.0
T000264,70.03036772779889,2.0,6.0,52.80596547488111,0.0
T000265,32.74927580346656,1.0,2.0,16.475645384069722,0.0
T000266,,,7.0,10.158707987307038,0.0
T000267,149.0882743495797,3.0,13.0,13.908806677516198,0.0
T000268,175.17099142144997,1.0,4.0,19.881989090544,0.0
T000269,132.98249990411853,2.0,2.0,,0.0
T000270,99.16948288370456,3.0,18.0,8.810446379524292,0.0
T000271,112.80148671569378,2.0,3.0,0.97653784005977,0.0
T000272,,3.0,1.0,,0.0
T000273,62.31319178212552,2.0,2.0,33.6352702455821,0.0
T000274,,2.0,0.0,41.193389568072114,0.0
T000275,124.46872806139592,3.0,,34.117252742920854,0.0
T000276,68.75907111521606,3.0,5.0,25.097152114507544,0.0
T000277,133.643061798341,1.0,0.0,,0.0
T000278,85.9662461566613,,1.0,18.30378142920824,1.0
T000279,191.57293829271768,3.0,2.0,16.536499388421856,0.0
T000280,106.40522074553948,3.0,2.0,14.089620550641078,0.0
T000281,81.07101283934229,3.0,2.0,6.9709287822042265,0.0
T000282,126.71824493181916,3.0,2.0,7.626002609592886,1.0
T000283,1.0,3.0,0.0,17.964723472930245,0.0
T000284,167.55570449933575,2.0,1.0,4.943805292863316,0.0
T000285,,1.0,0.0,0.5038204891698921,0.0
T000286,156.24662726516203,2.0,8.0,34.23823512533606,0.0
T000287,99.4566431482514,1.0,11.0,0.7171918455037757,1.0
T000288,204.89696695662155,2.0,0.0,8.668825571265906,0.0
T000289,236.00845832948093,2.0,0.0,33.66842750834728,0.0
T000290,187.93102420975669,2.0,10.0,1.1270347631541444,0.0
T000291,,2.0,5.0,0.9697475214129015,0.0
T000292,116.21796408608014,3.0,,8.741489445070394,0.0
T000293,103.3495358612436,2.0,0.0,32.36972735672212,0.0
T000294,86.15553221155982,2.0,2.0,,0.0
T000295,88.90558643538657,2.0,4.0,1.465422036479947,0.0
T000296,68.81155196520974,2.0,7.0,25.682308189386788,0.0
T000297,165.91511624263347,2.0,5.0,13.809682849504345,0.0
T000298,97.93313975954148,3.0,,27.174503372885063,1.0
T000299,137.12294567963102,2.0,6.0,18.685622948998382,0.0
T000300,,2.0,0.0,14.885903207516144,0.0
T000301,70.21693529782539,3.0,1.0,12.23740689302612,0.0
T000302,87.73059419985647,3.0,0.0,11.156535832682849,0.0
T000303,67.82408848099286,3.0,6.0,,0.0
T000304,147.86524112967658,3.0,3.0,10.565054722156503,0.0
T000305,35.97853237518585,1.0,,,0.0
T000306,81.65877940926562,3.0,17.0,4.664347927492157,0.0
T000307,45.48957966002851,3.0,2.0,5.556709236022843,0.0
T000308,30.60657247720991,3.0,0.0,18.20209629579309,1.0
T000309,101.5745781130998,3.0,10.0,34.14352119113943,0.0
T000310,5.999498304611819,2.0,1.0,26.63001539107597,0.0
T000311,191.9091838397561,3.0,2.0,56.0169202237638,0.0
T000312,66.52815431832548,3.0,11.0,11.618569510608982,
T000313,103.70473902098875,3.0,1.0,32.533456971334594,1.0
T000314,36.4969455643984,2.0,16.0,6.907398558842267,0.0
T000315,131.13556119501342,2.0,10.0,6.613663439382542,0.0
T000316,97.48809452754315,2.0,5.0,1.5783478843999803,0.0
T000317,63.27042116009754,3.0,1.0,26.1489767263528,0.0
T000318,185.9688953103648,2.0,11.0,27.94299642408119,1.0
T000319,106.29506941974796,3.0,10.0,4.142682754941628,0.0
T000320,86.72197437407294,3.0,13.0,6.025754833729822,0.0
T000321,78.01344708629125,,10.0,41.66807914127651,0.0
T000322,,1.0,6.0,19.9874396886034,1.0
T000323,143.43862502953854,3.0,4.0,35.6924437815568,0.0
T000324,164.63726447591034,2.0,3.0,27.065101182914763,1.0
T000325,114.43468146399286,,3.0,5.200449460052615,0.0
T000326,109.7192150788668,3.0,6.0,12.403418708929422,0.0
T000327,92.55153451163515,3.0,7.0,21.803290446225983,0.0
T000328,99.64775072597226,2.0,5.0,12.282172824970154,1.0
T000329,96.4199370292968,3.0,3.0,41.86329160430469,0.0
T000330,117.02946082002484,2.0,13.0,12.974373988978488,0.0
T000331,112.9330573927694,1.0,0.0,0.058749221653377,0.0
T000332,109.57886980970449,3.0,,39.40898890067322,0.0
T000333,111.69240128947992,3.0,0.0,18.74913069387213,0.0
T000334,35.15840260220767,2.0,3.0,14.112181530286696,0.0
T000335,67.8225083841269,2.0,17.0,9.50635556739332,0.0
T000336,89.53381614240669,2.0,2.0,,0.0
T000337,175.0137304500494,2.0,7.0,34.27472499395952,0.0
T000338,32.63730412093254,2.0,5.0,14.20025842768464,0.0
T000339,169.60193757935457,3.0,0.0,3.110782380275422,0.0
T000340,89.0164056081244,2.0,4.0,,0.0
T000341,163.97324658288755,3.0,2.0,29.545445603127845,0.0
T000342,224.92152418607475,2.0,10.0,14.016417373675106,1.0
T000343,92.63973606572014,2.0,6.0,13.018909423715208,0.0
T000344,64.04233403787899,2.0,10.0,7.266521109160864,0.0
T000345,26.82425259339408,2.0,16.0,1.88243637578872,0.0
T000346,20.89116183269364,1.0,0.0,,0.0
T000347,137.74793830709822,2.0,0.0,45.09948361272458,0.0
T000348,100.32111349054688,1.0,6.0,20.08348050842017,0.0
T000349,146.44660067661076,2.0,0.0,6.571050263427123,0.0
T000350,147.29348218420728,2.0,1.0,8.508157634165588,0.0
T000351,73.6722433431649,2.0,11.0,19.49775357377017,0.0
T000352,23.476929512831163,3.0,2.0,1.4482658804547872,0.0
T000353,175.03798953171554,3.0,21.0,21.61541209359401,0.0
T000354,62.70289367621994,2.0,7.0,3.9162562463643793,
T000355,77.49935710020932,2.0,0.0,,0.0
T000356,150.5137293418008,2.0,0.0,25.820809780725064,
T000357,173.55851637468044,2.0,3.0,3.347668512288795,0.0
T000358,,2.0,2.0,22.95000673766899,0.0
T000359,7.810320825962719,2.0,5.0,15.647355593782358,0.0
T000360,125.6807232115548,1.0,2.0,2.297432704272428,0.0
T000361,119.67426927108748,1.0,,,0.0
T000362,,3.0,3.0,48.47681487085831,0.0
T000363,106.01478158559496,3.0,1.0,4.199705303369485,0.0
T000364,168.68292725814788,3.0,0.0,12.053004848400493,0.0
T000365,93.496985322319,3.0,4.0,51.56332967895625,0.0
T000366,59.18913777290176,2.0,1.0,5.148043913768422,0.0
T000367,207.25745638866945,2.0,0.0,84.87442176676012,0.0
T000368,53.68094350092308,2.0,5.0,3.2082994953023345,0.0
T000369,53.6323432904713,3.0,3.0,4.12862139353459,1.0
T000370,120.88403761197004,2.0,8.0,2.4651860199055915,0.0
T000371,162.65664123841216,1.0,2.0,8.156673675870389,0.0
T000372,112.62844229983118,2.0,0.0,,0.0
T000373,85.48627279056743,2.0,7.0,50.42422121225116,0.0
T000374,104.76720997206542,1.0,2.0,6.710784515990159,0.0
T000375,98.8223924562881,2.0,17.0,10.558758980733977,0.0
T000376,155.7160847334436,1.0,0.0,61.66129613874776,0.0
T000377,107.16942336711256,3.0,1.0,24.505322808361267,0.0
T000378,1.0,2.0,3.0,10.295240109511392,
T000379,152.34558972440698,3.0,17.0,2.875187686947019,0.0
T000380,1.0,2.0,20.0,51.29853413322952,0.0
T000381,35.368732642386874,,6.0,7.168981867662408,1.0
T000382,122.67927617546091,1.0,2.0,35.473524050739776,0.0
T000383,72.34550915429338,2.0,7.0,10.664923185378727,0.0
T000384,188.0594062433687,1.0,0.0,5.984799150442861,0.0
T000385,140.45563953656892,2.0,10.0,37.64886979563767,0.0
T000386,175.06668259777433,3.0,5.0,,0.0
T000387,73.2382394219716,2.0,0.0,9.374490374092174,0.0
T000388,55.81404296544686,2.0,2.0,5.225568751748975,0.0
T000389,182.8104126028648,3.0,1.0,21.70679391087213,0.0
T000390,182.5286481616424,2.0,10.0,86.85562545186956,0.0
T000391,134.16115073944042,3.0,2.0,26.83607946352292,
T000392,46.60985392104035,3.0,7.0,32.08972306552359,0.0
T000393,,2.0,2.0,19.90287606640003,1.0
T000394,72.75404565955252,3.0,,22.88213176045532,0.0
T000395,31.329855551512537,3.0,3.0,7.906590084008239,0.0
T000396,162.6421317213742,2.0,0.0,20.94948637445623,0.0
T000397,14.469832278174296,2.0,,34.87841898381696,0.0
T000398,90.71705116680914,2.0,1.0,17.925704916843273,0.0
T000399,101.42287905915796,,0.0,0.4737226253243067,0.0
T000400,91.35269700382884,3.0,5.0,1.1859304344145627,0.0
T000401,155.60503096106692,2.0,9.0,51.98378099845021,0.0
T000402,143.53733222942014,1.0,0.0,19.504723101023234,0.0
T000403,1.0,2.0,1.0,45.0995432466369,0.0
T000404,176.53754161718487,1.0,2.0,32.748241459358745,0.0
T000405,149.7790757001015,3.0,0.0,30.767394480185807,0.0
T000406,121.617635710017,3.0,1.0,,0.0
T000407,162.22825801776278,3.0,8.0,14.436839200525572,0.0
T000408,83.9851097731679,2.0,3.0,3.681784691752308,0.0
T000409,43.86389892188507,3.0,5.0,5.4579831642447685,0.0
T000410,184.7861438905433,2.0,2.0,8.53749731153042,0.0
T000411,29.384814933235432,2.0,1.0,36.92777572489464,0.0
T000412,100.61117742075848,,17.0,23.94770692367839,0.0
T000413,118.08305306235084,3.0,3.0,63.68248606299086,0.0
T000414,115.49103551135136,2.0,2.0,14.129628851550304,0.0
T000415,93.02051859224132,3.0,2.0,10.43734611702613,0.0
T000416,135.57052897327475,3.0,2.0,15.523197195021254,0.0
T000417,95.59543779854634,1.0,0.0,18.245478451211124,0.0
T000418,91.25201216522956,3.0,0.0,1.3942309361334442,0.0
T000419,85.12588995630749,,2.0,44.29723392978972,0.0
T000420,87.02043243181976,2.0,1.0,61.75603791213338,0.0
T000421,70.12605709877982,3.0,4.0,43.32150786111308,0.0
T000422,107.17132834287466,2.0,2.0,,0.0
T000423,68.13064363467412,3.0,4.0,0.7538816264689117,0.0
T000424,137.18258877700868,2.0,3.0,12.448717057647904,0.0
T000425,17.73006265215541,3.0,0.0,1.2830776224904668,0.0
T000426,146.9141902987999,,6.0,8.335459784741795,0.0
T000427,159.19937215984447,1.0,1.0,43.29006524368807,0.0
T000428,39.13586538897603,2.0,4.0,66.9223734765559,0.0
T000429,16.355304934421284,2.0,,82.43579514759661,0.0
T000430,,1.0,4.0,,0.0
T000431,19.321930106162934,2.0,10.0,3.5922214063969378,0.0
T000432,135.41782236496766,3.0,10.0,5.7522620329820064,
T000433,134.31592284783505,3.0,5.0,11.004965282777848,0.0
T000434,67.3335383713144,2.0,0.0,131.3271140977379,0.0
T000435,1.0,2.0,2.0,38.19327959635047,0.0
T000436,148.51581008941406,2.0,1.0,,0.0
T000437,116.39055367870615,3.0,18.0,0.5696534345320114,0.0
T000438,116.58238335628812,3.0,9.0,27.78401787301684,0.0
T000439,85.78076751967453,1.0,1.0,12.608955556996944,0.0
T000440,101.74439735447042,2.0,2.0,18.983309366549253,1.0
T000441,36.08236855988378,3.0,7.0,26.421488194964184,0.0
T000442,124.94415973841063,3.0,7.0,26.190673379099227,0.0
T000443,167.0225223011572,,4.0,9.701588175985297,0.0
T000444,58.655982298007,3.0,6.0,11.060539695280063,0.0
T000445,172.07843103289505,2.0,0.0,3.1242498655106234,0.0
T000446,157.30150720710327,1.0,3.0,49.8690435200358,
T000447,153.00448699543327,2.0,2.0,3.709344351339378,0.0
T000448,47.30822523178272,3.0,0.0,0.2780536457546048,0.0
T000449,24.24044689007239,2.0,9.0,9.771537856457384,0.0
T000450,64.2348145370016,3.0,0.0,20.378819838283174,0.0
T000451,113.4647376290367,1.0,0.0,37.06944254986356,0.0
T000452,159.6655502963563,1.0,31.0,,0.0
T000453,8.415887639698695,,1.0,,0.0
T000454,41.05382543508374,3.0,0.0,8.954980429023824,0.0
T000455,130.1623750285697,2.0,2.0,,0.0
T000456,20.79320284972552,2.0,3.0,33.02129599174541,1.0
T000457,97.10247291186413,2.0,1.0,56.287129688833936,0.0
T000458,123.65191410801076,1.0,1.0,1.5940631831069183,0.0
T000459,55.1678886342396,2.0,2.0,32.05194742454486,1.0
T000460,84.23516723569378,2.0,0.0,23.470952003407643,0.0
T000461,91.22180272503924,3.0,3.0,17.233416843620915,0.0
T000462,58.2838477254209,1.0,7.0,1.2483636972870278,1.0
T000463,79.13165931974578,1.0,2.0,48.315112740811614,0.0
T000464,99.00631823158442,1.0,7.0,23.500070495960777,0.0
T000465,26.027788843013795,1.0,14.0,40.04714053679174,0.0
T000466,88.05339504151529,1.0,6.0,14.996035192415222,0.0
T000467,185.95203064209105,,3.0,26.811310189169003,0.0
T000468,32.51134653093844,2.0,,,0.0
T000469,90.3147310097519,2.0,1.0,16.067478363457635,0.0
T000470,74.15765584130857,3.0,1.0,75.80467850308996,0.0
T000471,192.6139092254469,2.0,0.0,8.783656480577328,0.0
T000472,157.46366631428378,2.0,3.0,8.030340937362448,
T000473,132.1361379933772,3.0,2.0,0.6075666791573021,0.0
T000474,104.47903406276244,2.0,14.0,10.048616350477143,0.0
T000475,150.31464046072202,3.0,2.0,9.345082357322978,0.0
T000476,107.06285700437316,3.0,4.0,,0.0
T000477,119.09677261157766,3.0,0.0,51.12625426030407,0.0
T000478,63.59985293854328,1.0,3.0,12.127998203386865,0.0
T000479,166.528745201952,3.0,,12.478984424537732,0.0
T000480,44.40164871129182,3.0,2.0,8.160898365071116,0.0
T000481,1.0,3.0,1.0,74.81496049629034,0.0
T000482,42.442313172356535,2.0,0.0,16.68856431344816,0.0
T000483,143.45780321946364,3.0,4.0,14.742298380610013,0.0
T000484,69.60880536921879,2.0,8.0,8.562407154193314,0.0
T000485,115.7123666297637,3.0,32.0,20.031276566226616,0.0
T000486,,2.0,5.0,51.88627267377039,0.0
T000487,84.69930228212955,2.0,3.0,5.2823242139769455,0.0
T000488,52.980054175782335,1.0,6.0,,0.0
T000489,1.0,2.0,0.0,72.35877031491964,0.0
T000490,193.28872555723785,3.0,6.0,4.417741106724275,0.0
T000491,,1.0,1.0,7.228304771733504,0.0
T000492,72.522143204571,2.0,0.0,40.4345879642808,0.0
T000493,46.36284871300968,3.0,3.0,28.77014904660829,1.0
T000494,120.3311017111337,2.0,,,0.0
T000495,93.49284728161577,2.0,0.0,49.22620766502693,1.0
T000496,41.52596853984917,2.0,0.0,15.835463963251511,1.0
T000497,153.26881361298013,2.0,0.0,14.063457274833524,0.0
T000498,61.20625884167581,3.0,6.0,1.3257430497175502,0.0
T000499,75.8406768850313,3.0,3.0,2.707648574119949,0.0
T000500,129.75785127184568,2.0,17.0,61.24777805968476,0.0
T000501,34.40818838249203,2.0,2.0,32.438352220034616,0.0
T000502,168.43157787661744,3.0,10.0,8.628684611716245,0.0
T000503,59.51982400391769,3.0,4.0,2.687202326954304,0.0
T000504,162.62703655146154,3.0,0.0,16.67199393658267,0.0
T000505,102.79319699222484,2.0,3.0,6.831627435672122,0.0
T000506,76.11772086979974,2.0,0.0,112.05970429594524,0.0
T000507,125.50787344575916,2.0,2.0,104.70760122561715,0.0
T000508,95.16881649925551,2.0,0.0,5.8344168486303465,0.0
T000509,,3.0,3.0,,0.0
T000510,53.00601068363224,2.0,0.0,7.436477074514049,0.0
T000511,44.714766575703216,3.0,0.0,71.6822213715761,0.0
T000512,61.92060674818901,3.0,6.0,78.27990838143836,0.0
T000513,158.63784226337225,1.0,,39.71821035289047,0.0
T000514,,2.0,2.0,39.67354909484738,1.0
T000515,106.82676655413688,1.0,2.0,2.2146781477205137,0.0
T000516,111.21173722676458,1.0,6.0,19.195268120194164,
T000517,32.73951645956987,3.0,3.0,56.186549114090354,0.0
T000518,58.03951663304968,2.0,1.0,26.78177751945085,0.0
T000519,92.61987068506656,3.0,1.0,9.622978244023052,0.0
T000520,157.80033347255636,3.0,3.0,48.89240627690551,0.0
T000521,161.19279592712965,2.0,12.0,13.206314834767769,0.0
T000522,,1.0,1.0,33.38270622765825,0.0
T000523,97.93543191076692,2.0,0.0,1.139531828518026,0.0
T000524,130.94431490115767,1.0,5.0,69.15324408699604,0.0
T000525,112.89879906105904,3.0,1.0,8.479358400363173,1.0
T000526,114.03182022450682,3.0,9.0,14.778060680435482,0.0
T000527,126.71039311873372,2.0,0.0,23.05715020294608,0.0
T000528,26.71630713289524,2.0,3.0,4.128491661338983,0.0
T000529,83.61689267011158,3.0,0.0,6.409527560955462,0.0
T000530,15.466418619677398,2.0,1.0,21.892755426353776,0.0
T000531,111.7807279054283,2.0,3.0,5.686872499466209,1.0
T000532,4.752777299468065,3.0,7.0,7.6289769689755715,1.0
T000533,183.74298364570325,2.0,18.0,20.94934764243792,0.0
T000534,115.40049511086704,2.0,1.0,34.85635193802128,0.0
T000535,53.879350757802335,2.0,,,0.0
T000536,51.77311025449043,1.0,2.0,2.7366691638271043,0.0
T000537,128.8278481527883,3.0,,15.737539818609775,0.0
T000538,,3.0,15.0,14.332307147370916,0.0
T000539,183.67260451492683,3.0,0.0,53.72814936414549,0.0
T000540,,2.0,1.0,38.68676424162255,0.0
T000541,,2.0,1.0,,0.0
T000542,58.6944004142729,2.0,1.0,34.49939927499898,0.0
T000543,83.0120496176238,1.0,7.0,,0.0
T000544,81.5396399776277,1.0,3.0,50.785187123427264,0.0
T000545,57.38066169629482,2.0,9.0,,0.0
T000546,166.8328678879491,2.0,5.0,34.81326299546866,0.0
T000547,84.32351569138011,2.0,10.0,19.264924458290714,0.0
T000548,57.191507966912496,2.0,4.0,6.900040252357768,0.0
T000549,58.95605387951567,2.0,5.0,53.77181241778138,0.0
T000550,45.92259981928025,2.0,2.0,,1.0
T000551,101.718765451323,,4.0,41.392443220619725,0.0
T000552,123.9489912873196,1.0,2.0,4.641486684754958,0.0
T000553,88.26897150212932,2.0,4.0,96.9828513952432,0.0
T000554,98.72229645042772,2.0,12.0,35.19967887254796,1.0
T000555,70.84612807155308,2.0,12.0,45.4086175556754,0.0
T000556,141.98319322155945,2.0,6.0,5.676385242360715,0.0
T000557,148.75598667088755,2.0,3.0,40.95998071013566,0.0
T000558,91.59280907076052,1.0,0.0,38.62772325978352,0.0
T000559,60.81232394377859,2.0,13.0,20.169683766671398,1.0
T000560,49.78547182528735,2.0,2.0,12.493513813487196,0.0
T000561,28.762590689327155,3.0,0.0,,0.0
T000562,129.42766348853598,2.0,4.0,78.29515506433428,0.0
T000563,64.15888396985974,2.0,6.0,52.8679563780138,0.0
T000564,73.79558010327037,3.0,8.0,47.67832362411772,0.0
T000565,174.90488167438923,3.0,0.0,39.70524890435057,0.0
T000566,47.642121565486775,,,28.960446532599693,0.0
T000567,86.61794545506032,2.0,,29.847812877582047,1.0
T000568,49.65363195274279,3.0,28.0,20.278180366505865,0.0
T000569,92.3765081809728,1.0,5.0,4.696690780950324,0.0
T000570,100.78091669748017,3.0,3.0,5.82716887955999,0.0
T000571,125.7031276212388,2.0,7.0,27.40193483565181,0.0
T000572,29.659249525123087,,2.0,6.6054100165976015,0.0
T000573,111.2225909279986,2.0,2.0,9.50684550492909,0.0
T000574,,2.0,2.0,25.81367889738106,0.0
T000575,124.02933792138565,2.0,6.0,44.607107383483566,0.0
T000576,114.9542867010553,1.0,3.0,4.158318978672846,0.0
T000577,77.30542919234358,,7.0,25.60450507306509,0.0
T000578,67.53612274669965,2.0,3.0,53.93168585297802,0.0
T000579,66.6110221765557,1.0,,,0.0
T000580,138.59600774183374,3.0,4.0,23.389331698780357,0.0
T000581,143.97085205687017,2.0,1.0,4.149257250832394,0.0
T000582,116.3066511121059,2.0,1.0,4.103359743025627,0.0
T000583,59.2621998588226,2.0,2.0,4.457118154430239,0.0
T000584,154.5430835301849,3.0,2.0,1.5075104560286403,0.0
T000585,118.07517626030508,2.0,2.0,10.792781586897828,0.0
T000586,94.7516146218188,3.0,3.0,43.78899472126911,0.0
T000587,,2.0,4.0,,0.0
T000588,,2.0,4.0,75.3855316440797,0.0
T000589,57.742302078692056,3.0,1.0,28.08491426880867,0.0
T000590,91.0453357491922,3.0,4.0,17.427481402634275,0.0
T000591,55.18336707039691,1.0,,20.798112706051956,0.0
T000592,59.23121858419395,2.0,0.0,0.6494784141006125,0.0
T000593,101.68595274505266,2.0,14.0,12.285757461517337,0.0
T000594,209.4901466608836,3.0,6.0,31.064532114247328,0.0
T000595,1.0,2.0,0.0,120.40514955473722,1.0
T000596,134.54554786960963,2.0,5.0,12.61233018867892,0.0
T000597,42.85148510846884,3.0,0.0,15.697151659527556,0.0
T000598,136.59353521441477,3.0,0.0,11.506077766132234,0.0
T000599,89.75616680676414,,1.0,16.623755363977292,1.0
T000600,50.70980956660867,2.0,2.0,0.0453509456490214,0.0
T000601,105.705074611326,3.0,1.0,38.98984710851936,0.0
T000602,90.44861186999157,2.0,9.0,57.318483548286494,0.0
T000603,63.9893989496605,3.0,8.0,13.616551962772844,0.0
T000604,159.5274297171798,2.0,4.0,,0.0
T000605,167.61013394335723,2.0,3.0,18.861162455656338,0.0
T000606,90.855177944758,2.0,0.0,39.29311774257681,0.0
T000607,77.98703978067998,1.0,4.0,0.2975811194877191,0.0
T000608,1.0,2.0,4.0,54.91097476722526,0.0
T000609,117.4900012283954,,1.0,11.915759691297998,0.0
T000610,168.69571926057247,3.0,5.0,48.61943471859375,0.0
T000611,168.9233677726904,3.0,,2.1621172669104665,0.0
T000612,7.671347609779147,1.0,14.0,17.249569153951093,0.0
T000613,,3.0,18.0,19.88430235169859,0.0
T000614,116.59592238539436,2.0,0.0,,0.0
T000615,107.9047437933405,2.0,1.0,19.32265670178049,0.0
T000616,153.93404167156478,2.0,10.0,4.346985810929352,1.0
T000617,154.13455269435366,3.0,,64.93154147166426,0.0
T000618,90.79838004004986,2.0,1.0,6.756165163886436,0.0
T000619,,2.0,0.0,,0.0
T000620,79.78012884080194,2.0,16.0,63.68482263756884,0.0
T000621,153.71590063577807,3.0,0.0,,0.0
T000622,164.19084299267809,2.0,3.0,6.101047385033064,0.0
T000623,118.86059375322604,3.0,7.0,22.56198794512954,0.0
T000624,102.1757334321733,2.0,0.0,16.81436703030024,0.0
T000625,85.59805630389619,2.0,7.0,,0.0
T000626,,1.0,4.0,40.157281830323946,0.0
T000627,69.80705343815227,3.0,1.0,0.2204511591147834,0.0
T000628,52.06107719066126,1.0,12.0,,0.0
T000629,,3.0,6.0,57.12120295432602,
T000630,60.99004354412686,1.0,1.0,9.457070052683456,0.0
T000631,57.83767023419041,2.0,,6.280926659873375,0.0
T000632,25.75510157750483,2.0,1.0,30.07272028981283,0.0
T000633,102.83249624485536,3.0,9.0,24.565194962385785,0.0
T000634,1.2018350054190137,2.0,2.0,95.21365510038778,0.0
T000635,118.01843579524304,2.0,4.0,28.169358703234412,0.0
T000636,98.4398255530458,1.0,,5.755157473080772,0.0
T000637,37.12110705426919,1.0,29.0,22.00161243756464,0.0
T000638,53.6223334594136,3.0,13.0,5.76744121080606,1.0
T000639,165.87987678039798,,3.0,32.11038657419646,0.0
T000640,110.7698252728144,2.0,2.0,16.62325333191061,0.0
T000641,116.15396365580143,3.0,5.0,34.2684386254666,0.0
T000642,109.23552373905416,2.0,1.0,42.28557742116198,0.0
T000643,35.584619126823114,3.0,9.0,6.691656921902367,0.0
T000644,104.9666152714613,3.0,8.0,35.095940640747244,0.0
T000645,97.22076645447724,2.0,1.0,27.603651826173696,0.0
T000646,89.14914747878149,2.0,9.0,35.39777161400116,0.0
T000647,109.47399106105404,,12.0,6.014325337211054,0.0
T000648,185.12573290648027,2.0,1.0,17.295729445388442,0.0
T000649,213.6217360223441,3.0,5.0,21.518911888960503,0.0
T000650,173.99720694450127,3.0,10.0,7.513999708758083,0.0
T000651,28.658671160932883,1.0,2.0,1.8930870185178896,0.0
T000652,14.87081978810798,3.0,6.0,48.295783934749785,
T000653,204.619363784273,3.0,0.0,19.80378192543142,0.0
T000654,90.32861857093972,3.0,9.0,59.92720268321755,1.0
T000655,1.0,2.0,1.0,70.57094189148035,0.0
T000656,172.60588495912802,2.0,6.0,25.84177391187052,0.0
T000657,152.35491513060774,1.0,1.0,9.507567807875857,0.0
T000658,92.43503898837388,2.0,1.0,78.47759223768134,0.0
T000659,36.86151121507179,,4.0,36.71669372560259,0.0
T000660,148.11725846332848,2.0,20.0,58.49060184498983,0.0
T000661,49.6991309250149,3.0,3.0,28.845585392803404,0.0
T000662,133.95713877190977,3.0,0.0,49.7765346582022,0.0
T000663,77.0319550229878,1.0,6.0,32.25644013200904,1.0
T000664,65.81828588568061,1.0,,7.047244971709989,0.0
T000665,173.8765040527631,2.0,15.0,58.984232002836,0.0
T000666,159.44566857373215,1.0,4.0,0.7597691182121895,0.0
T000667,,3.0,1.0,,0.0
T000668,154.59026695373228,,0.0,45.65090250243049,0.0
T000669,158.63645096296824,3.0,5.0,12.08364375162468,1.0
T000670,127.33667841006896,2.0,0.0,10.37548854391432,0.0
T000671,126.1071272966968,3.0,2.0,42.15884577435236,0.0
T000672,6.509183023391799,3.0,5.0,7.436618821137666,1.0
T000673,90.54928511587627,2.0,6.0,104.8545908555068,0.0
T000674,53.927448828553935,3.0,4.0,1.450237654835531,1.0
T000675,95.43002212454428,2.0,7.0,18.74771351427043,0.0
T000676,93.57312442805346,2.0,0.0,4.069265226899804,0.0
T000677,73.51198981164806,2.0,1.0,26.39365632403519,0.0
T000678,101.22159200890172,2.0,6.0,26.1944522141056,0.0
T000679,90.9804159118796,2.0,24.0,36.56735888435595,0.0
T000680,70.91595430256781,1.0,3.0,102.37735279409569,0.0
T000681,,2.0,1.0,64.8549793347379,0.0
T000682,,2.0,,14.169757034193143,0.0
T000683,18.476337814243,3.0,1.0,36.18972600769087,0.0
T000684,78.99065914520713,3.0,1.0,6.2172209708231385,0.0
T000685,25.942713768914217,3.0,1.0,10.117408600415818,0.0
T000686,31.40494285343219,2.0,2.0,27.76899623646864,0.0
T000687,102.9104359223,2.0,10.0,,0.0
T000688,131.90255507203787,2.0,6.0,15.256076907388824,0.0
T000689,21.768893633209785,,1.0,41.22876138328133,0.0
T000690,66.41883160309743,2.0,2.0,64.84311150968338,0.0
T000691,178.2321827907003,3.0,6.0,39.85550167833998,0.0
T000692,50.37109966355885,2.0,5.0,13.913593408146085,0.0
T000693,1.0,2.0,23.0,8.553190508332008,1.0
T000694,122.02373689801996,2.0,1.0,,1.0
T000695,158.55838163530734,2.0,0.0,34.8150598383603,0.0
T000696,84.74055772596242,3.0,1.0,1.7321404070705853,1.0
T000697,133.33139417284454,2.0,5.0,37.661676262769824,0.0
T000698,86.3003459085348,3.0,0.0,45.195331354654975,1.0
T000699,89.66943601519768,2.0,2.0,2.278462905512268,0.0
T000700,132.616143920671,3.0,,5.9688593656755895,0.0
T000701,124.64419859259348,2.0,0.0,9.803408404854675,0.0
T000702,104.89135873539614,2.0,4.0,5.735629563909654,0.0
T000703,57.65193258408361,2.0,0.0,34.47169642620287,0.0
T000704,86.72036833687943,2.0,12.0,38.80567105199162,0.0
T000705,42.40012262104285,2.0,0.0,2.627061470271,
T000706,189.88432634247613,3.0,,12.52469002572405,0.0
T000707,58.59018635173827,2.0,2.0,1.8270556181724664,0.0
T000708,37.806838230435744,3.0,2.0,14.283323724932028,0.0
T000709,202.89055885488813,2.0,2.0,6.411263674422159,0.0
T000710,59.74524094847456,2.0,1.0,,0.0
T000711,,1.0,3.0,26.05279658615014,0.0
T000712,95.2444176149617,3.0,4.0,33.70839015737811,0.0
T000713,96.8997995316984,3.0,1.0,21.51355271489897,0.0
T000714,148.23849471512227,2.0,12.0,44.62203159217116,1.0
T000715,87.56544369082265,3.0,12.0,18.0609031945214,0.0
T000716,51.17999756681013,2.0,3.0,23.72173775291464,0.0
T000717,114.63577410709269,3.0,3.0,,0.0
T000718,168.2070214986922,3.0,2.0,20.570076974200894,0.0
T000719,21.44238244410585,2.0,7.0,33.595515217095226,0.0
T000720,95.2587884359564,2.0,13.0,,0.0
T000721,64.52100726254136,3.0,1.0,0.2011284202679616,0.0
T000722,106.16024033922427,3.0,9.0,18.898523846508063,0.0
T000723,42.33247447020203,3.0,4.0,16.991097750151514,0.0
T000724,148.94447792783896,2.0,3.0,0.1561322939889951,0.0
T000725,125.7523843153024,2.0,4.0,21.96223576184776,0.0
T000726,40.08039375239774,1.0,8.0,13.451842978851795,0.0
T000727,112.46542978208645,2.0,24.0,1.2060297616296682,0.0
T000728,97.82615250930688,2.0,6.0,8.304560644824587,0.0
T000729,60.47627722773441,2.0,0.0,28.196339377636743,0.0
T000730,,2.0,0.0,6.638872563566088,0.0
T000731,99.4453998025699,,7.0,0.4063313519349169,0.0
T000732,86.5024051587418,3.0,8.0,,0.0
T000733,104.88351883741676,3.0,3.0,31.07910541964301,0.0
T000734,129.59070668706892,2.0,7.0,73.83108739183474,0.0
T000735,46.13119615076209,2.0,7.0,34.183506030416915,0.0
T000736,68.56648764845698,2.0,3.0,11.599645106613751,0.0
T000737,115.98909670712683,2.0,6.0,0.7450833407982788,0.0
T000738,96.57767536667922,2.0,0.0,1.132062896523311,0.0
T000739,,1.0,4.0,0.1485167503904574,0.0
T000740,142.51108710567465,1.0,5.0,9.970668578851663,0.0
T000741,106.71482486238963,3.0,0.0,66.64463021181166,0.0
T000742,92.41074524822083,,1.0,10.220180000030918,0.0
T000743,80.58265308494208,3.0,5.0,5.623804383691589,0.0
T000744,146.47049923954077,1.0,7.0,15.105317221680256,0.0
T000745,62.41044749524078,2.0,5.0,17.261471977295415,0.0
T000746,1.0,1.0,12.0,67.21096600608519,0.0
T000747,80.64346751052426,2.0,1.0,13.722056672090128,
T000748,,2.0,3.0,,0.0
T000749,94.51950980370846,1.0,2.0,26.2864531776395,0.0
T000750,93.5482942435108,2.0,10.0,10.362410510934565,
T000751,,3.0,2.0,4.193454662194273,0.0
T000752,94.27638141005686,3.0,0.0,3.8608559609962048,1.0
T000753,,3.0,2.0,11.171390000603113,0.0
T000754,64.65537160063255,3.0,4.0,36.613073218694645,0.0
T000755,62.23085338233388,2.0,,13.987332678655571,0.0
T000756,87.02266612080415,2.0,4.0,57.36023883065327,0.0
T000757,108.56841405949852,2.0,8.0,22.48226178108885,0.0
T000758,120.68995487257492,2.0,8.0,,0.0
T000759,160.33040774319576,3.0,3.0,3.070399969116853,0.0
T000760,,1.0,8.0,,0.0
T000761,202.8103564970161,2.0,3.0,14.83779082479483,0.0
T000762,122.8376609576892,3.0,4.0,13.497603153421906,0.0
T000763,34.05157508487446,3.0,0.0,32.62600911608874,
T000764,100.08095156784704,3.0,13.0,42.78941310062941,0.0
T000765,149.1345491972757,3.0,0.0,63.57459805657747,0.0
T000766,34.6315108884518,2.0,5.0,2.592859642201177,0.0
T000767,125.76471608122336,2.0,17.0,25.89266954664224,0.0
T000768,61.61012174479358,,0.0,25.92630681141549,0.0
T000769,76.6752310385901,1.0,3.0,12.99083634590146,1.0
T000770,121.83692758667549,3.0,2.0,2.522031301839521,1.0
T000771,,3.0,4.0,2.3152666027713247,0.0
T000772,72.58656025374614,3.0,12.0,40.47615441369351,0.0
T000773,,3.0,10.0,28.91178354502787,0.0
T000774,19.9864447748145,2.0,,17.276071028044345,0.0
T000775,81.2588971689097,3.0,4.0,10.909649288513952,1.0
T000776,84.59828579071294,2.0,5.0,12.759015609178435,0.0
T000777,60.19315984067523,2.0,2.0,13.67377403611774,0.0
T000778,70.38220221739732,2.0,4.0,10.076691840446978,0.0
T000779,24.8459849120091,2.0,0.0,,0.0
T000780,69.27306081544525,2.0,5.0,8.033774006708242,0.0
T000781,137.73666490339048,2.0,,34.90248085901396,1.0
T000782,,,0.0,40.11142343402321,
T000783,190.2787216343408,3.0,2.0,22.662530586232148,0.0
T000784,40.0524301003062,2.0,18.0,36.66799994655995,0.0
T000785,129.52110306257316,2.0,3.0,32.97364354671024,0.0
T000786,80.61492200320079,2.0,3.0,5.478634079439376,0.0
T000787,,3.0,9.0,4.772923332917521,0.0
T000788,51.29390768918158,3.0,,12.69138218769689,0.0
T000789,69.80074066420897,2.0,0.0,44.87316603600809,0.0
T000790,27.599304979187806,2.0,11.0,10.707948323318991,0.0
T000791,163.7437520639361,2.0,1.0,6.180911266737992,0.0
T000792,45.134873618357794,2.0,0.0,7.781778973420894,0.0
T000793,,3.0,3.0,,0.0
T000794,107.4798978759394,2.0,0.0,17.82055696028256,0.0
T000795,162.3871036336867,2.0,4.0,60.925035226391664,0.0
T000796,199.78337448919825,2.0,0.0,3.873403169090349,0.0
T000797,93.83279679769448,1.0,6.0,9.699810058726811,0.0
T000798,148.80203596779734,2.0,,1.9998424241575292,0.0
T000799,74.9107903594234,2.0,0.0,100.95471744073232,0.0
T000800,134.80839985796445,3.0,6.0,44.38775795781195,0.0
T000801,66.5927957230503,2.0,1.0,42.203657240350026,0.0
T000802,29.23146289747929,2.0,1.0,46.88049136075598,0.0
T000803,99.1052511495825,3.0,0.0,8.082536450904197,0.0
T000804,66.65756415242183,2.0,16.0,1.6376611604937443,0.0
T000805,167.54261653495027,3.0,0.0,3.228404185810972,0.0
T000806,161.5111087825394,3.0,2.0,27.338354255574927,0.0
T000807,204.55471363662383,2.0,22.0,0.1678218916773245,1.0
T000808,84.34709847384228,3.0,6.0,37.64956165464617,1.0
T000809,107.76624995997008,2.0,2.0,83.82359490770975,0.0
T000810,1.0,1.0,12.0,41.20872471379532,0.0
T000811,101.41591880652304,2.0,0.0,,0.0
T000812,145.5209249842785,2.0,1.0,4.38440264017426,0.0
T000813,93.39317055492263,2.0,4.0,5.7460979516141135,0.0
T000814,166.4097070924529,2.0,13.0,19.51787875224838,0.0
T000815,181.91798661354704,3.0,1.0,44.95832819868741,
T000816,54.61219099265398,2.0,6.0,2.6994021797198995,0.0
T000817,27.59578292513379,2.0,5.0,2.831269939541802,0.0
T000818,98.12146775102592,1.0,1.0,19.08957983217542,0.0
T000819,74.3401817743302,1.0,4.0,8.612375138946476,0.0
T000820,107.587899612437,2.0,1.0,,0.0
T000821,73.52665182464959,1.0,1.0,9.86169407185984,0.0
T000822,43.54741143913854,2.0,1.0,86.90960263041727,0.0
T000823,15.35215929023073,3.0,0.0,1.886165411891346,0.0
T000824,85.01616759966065,1.0,3.0,0.5844277502010596,0.0
T000825,1.0,3.0,1.0,15.441752358803374,0.0
T000826,116.43755548298422,2.0,6.0,20.67700857531036,1.0
T000827,88.95152002333884,3.0,2.0,96.0711455432329,0.0
T000828,66.5827402576599,2.0,4.0,8.144979124341297,0.0
T000829,68.22950598856315,2.0,6.0,80.50008007579353,1.0
T000830,44.42098752432244,3.0,4.0,112.524345636833,0.0
T000831,77.14518717068641,2.0,2.0,15.180855285072592,0.0
T000832,128.33858630920898,1.0,17.0,,0.0
T000833,81.94953883737152,1.0,2.0,29.79569403108076,0.0
T000834,103.60184306418724,2.0,2.0,42.015209504711,0.0
T000835,126.48463771783652,3.0,1.0,10.444187793060005,0.0
T000836,123.69164604558938,2.0,5.0,15.580062863827216,0.0
T000837,173.76781084747762,3.0,1.0,6.676447810129274,0.0
T000838,17.25562818858519,2.0,2.0,10.613404177699238,0.0
T000839,47.054620647169976,2.0,1.0,1.1197065580733063,0.0
T000840,149.27248428076092,3.0,3.0,43.782414570934414,0.0
T000841,77.41702619201887,3.0,13.0,,0.0
T000842,169.45121814813808,3.0,8.0,,0.0
T000843,186.94256759266656,3.0,2.0,2.424214700092078,0.0
T000844,48.072808957801385,3.0,4.0,6.417285551076652,1.0
T000845,156.33525684137916,2.0,1.0,3.8269250170386377,0.0
T000846,101.30455251054168,1.0,5.0,26.883969493321292,
T000847,,2.0,1.0,18.23222783946012,0.0
T000848,59.57531985534062,2.0,11.0,35.25455715411171,0.0
T000849,46.31556705411237,,6.0,,0.0
T000850,101.83914165871174,3.0,9.0,108.37413229440268,0.0
T000851,,3.0,4.0,12.675002124556912,0.0
T000852,55.999400915461806,2.0,,25.38482616057469,0.0
T000853,136.78109986228733,2.0,0.0,3.01779167020906,
T000854,169.07270393452433,2.0,0.0,1.130766462574353,0.0
T000855,41.61102243660325,2.0,10.0,0.0342652494087626,0.0
T000856,108.42304881348072,2.0,2.0,17.77209831951814,0.0
T000857,98.10534591415846,2.0,0.0,13.041541149043727,1.0
T000858,111.93945795132568,2.0,1.0,50.04128117371719,0.0
T000859,173.79395752519827,3.0,0.0,33.21233837263394,0.0
T000860,96.211785673227,3.0,15.0,0.1890418567569673,0.0
T000861,34.39183994022412,3.0,6.0,17.43787311871841,0.0
T000862,46.18094062989708,1.0,1.0,55.86166068872633,0.0
T000863,60.61081240458805,,0.0,59.091162194341806,0.0
T000864,98.87819740097132,2.0,4.0,4.26888248122941,1.0
T000865,112.4162571257941,3.0,,9.134457372852454,0.0
T000866,194.8396491326974,3.0,1.0,15.846377738227329,0.0
T000867,95.3527896693206,2.0,4.0,,0.0
T000868,128.5210586680398,2.0,4.0,7.086603850033546,0.0
T000869,87.79858239144329,3.0,0.0,31.721130513719466,0.0
T000870,69.88939698191098,2.0,0.0,12.552471281611613,0.0
T000871,75.57619599448202,2.0,,9.522098306047196,0.0
T000872,167.95947470820124,2.0,0.0,17.152666510690185,0.0
T000873,55.31269904581429,2.0,16.0,17.730802195445634,0.0
T000874,83.69937520915754,3.0,6.0,0.8296607693037442,0.0
T000875,51.41929807446742,1.0,12.0,75.21828300501406,0.0
T000876,78.11313387978377,2.0,16.0,1.44301725656592,0.0
T000877,111.6521475764742,2.0,3.0,,
T000878,80.85914051935157,2.0,0.0,5.291266293855768,0.0
T000879,103.80026957062056,2.0,11.0,6.347549655286472,0.0
T000880,97.50599229359412,2.0,0.0,25.839844860111757,0.0
T000881,57.3887678501338,2.0,4.0,10.410357737872342,0.0
T000882,173.4892129393748,,,68.5216799739041,0.0
T000883,114.922590699072,2.0,,8.561995713299508,0.0
T000884,55.32024931404398,2.0,2.0,30.483496240631787,0.0
T000885,34.38904032842969,3.0,1.0,22.0602224254419,0.0
T000886,119.68986491081256,3.0,8.0,20.97334243726316,0.0
T000887,,3.0,1.0,28.06219005922612,0.0
T000888,135.30394569075656,2.0,9.0,11.891921834677014,0.0
T000889,62.63941604260883,2.0,5.0,67.76819164862992,0.0
T000890,154.8576355876848,2.0,12.0,8.67989226128865,0.0
T000891,,3.0,2.0,17.636635889205724,0.0
T000892,45.188983756571744,3.0,3.0,27.49191677643936,0.0
T000893,92.98124705473316,2.0,11.0,0.308698043082691,0.0
T000894,36.04846318901068,1.0,9.0,0.5368472403232665,0.0
T000895,51.65119284353935,1.0,3.0,25.248201996857745,0.0
T000896,102.9815184960087,3.0,10.0,4.12444791014451,0.0
T000897,147.96354130426033,,12.0,9.559725854084071,1.0
T000898,82.77613956237737,3.0,4.0,9.1692020242049,1.0
T000899,153.55402502014024,3.0,13.0,33.2259512629848,0.0
T000900,49.51346476450313,2.0,9.0,21.01936239059461,0.0
T000901,127.35486905850188,,0.0,37.70669741705607,0.0
T000902,126.14177440177498,2.0,0.0,31.6918854598676,0.0
T000903,83.79659123955149,2.0,1.0,9.445786689486006,0.0
T000904,95.64576369284252,3.0,2.0,2.211594080722261,0.0
T000905,62.301770556666185,2.0,3.0,8.571416774335727,0.0
T000906,118.36436567006704,2.0,5.0,3.800701424693064,1.0
T000907,84.73876478226661,2.0,3.0,70.6955772124349,0.0
T000908,132.30030935572756,3.0,,39.17835341229068,0.0
T000909,24.85646956588053,2.0,12.0,,1.0
T000910,107.99281959987002,2.0,,25.18171227429772,1.0
T000911,10.346180104380522,1.0,11.0,60.2888640501799,1.0
T000912,137.49501197118553,2.0,0.0,76.52149692891717,0.0
T000913,23.641607170517617,3.0,2.0,211.2896669574616,0.0
T000914,172.34889421768665,1.0,0.0,40.89026838937754,0.0
T000915,167.81200142854115,3.0,1.0,75.61224484547719,0.0
T000916,1.682170531199915,2.0,,3.374878844333292,0.0
T000917,81.84416694222168,2.0,0.0,19.938033940848182,0.0
T000918,179.5291036308925,1.0,0.0,7.499308837573765,
T000919,169.31746986314215,2.0,3.0,91.62203804715573,0.0
T000920,137.3955128058767,,1.0,10.420069369212817,
T000921,89.25394848556323,2.0,0.0,18.97439046413054,0.0
T000922,114.71120645067468,2.0,5.0,28.070937316984768,0.0
T000923,115.02371798054142,2.0,1.0,69.52099640136291,0.0
T000924,47.65445086590302,2.0,1.0,20.594437017956817,0.0
T000925,,3.0,2.0,7.261913217992054,0.0
T000926,67.67135578787367,1.0,1.0,37.13096854255684,0.0
T000927,51.78999642883777,1.0,0.0,120.4018704268384,1.0
T000928,,2.0,9.0,10.37794712731607,0.0
T000929,79.53457629521394,1.0,6.0,8.33563731129208,0.0
T000930,115.81791607680724,3.0,6.0,,0.0
T000931,,3.0,,69.55593876924524,0.0
T000932,59.08896583832637,2.0,10.0,57.206783071048,1.0
T000933,188.27271201405483,3.0,8.0,25.56385869888457,0.0
T000934,142.5562049190119,2.0,14.0,46.21842255383772,0.0
T000935,75.63857179432239,2.0,1.0,,1.0
T000936,143.71945903563636,3.0,1.0,12.108358574478691,0.0
T000937,99.72198531759648,2.0,1.0,20.78791558444708,0.0
T000938,174.6344284479761,3.0,0.0,47.21740529817016,0.0
T000939,110.82292947909876,3.0,0.0,16.67912550987825,0.0
T000940,169.60011431722995,2.0,,29.452635852992653,0.0
T000941,136.22958893615612,,0.0,42.86488305474017,0.0
T000942,209.81115710764,2.0,0.0,19.949592546854173,0.0
T000943,1.0,,0.0,49.28974592234336,0.0
T000944,203.4113020752912,2.0,1.0,48.48576627967556,0.0
T000945,129.36312067320884,,1.0,17.45643485160218,0.0
T000946,148.43224952664443,3.0,16.0,0.529813337972454,0.0
T000947,71.50835358806206,2.0,0.0,15.780895936767948,0.0
T000948,116.20831762442212,1.0,1.0,34.61401048821221,0.0
T000949,28.342409273764403,2.0,5.0,15.900831836489948,0.0
T000950,109.00355188479908,2.0,5.0,121.09085888179342,0.0
T000951,37.32469938141192,2.0,14.0,1.4374824607557473,0.0
T000952,127.80110484211454,3.0,17.0,18.842320140239465,0.0
T000953,172.00586077247362,2.0,2.0,,0.0
T000954,154.7089773760738,2.0,10.0,,0.0
T000955,110.69043969705316,3.0,4.0,2.008214676453386,0.0
T000956,161.49951842193417,1.0,5.0,6.112140107001441,0.0
T000957,1.0,3.0,0.0,57.611188471280826,0.0
T000958,,2.0,4.0,35.08141129571299,0.0
T000959,153.53052799895931,2.0,,4.126505006123854,0.0
T000960,77.055786856553,1.0,6.0,,0.0
T000961,194.38438286700952,3.0,4.0,23.695129723033038,0.0
T000962,98.9071626278938,3.0,2.0,21.32108630643488,0.0
T000963,75.79407527075912,2.0,13.0,6.66163693643113,0.0
T000964,169.4168889104224,2.0,0.0,18.789026099088524,0.0
T000965,,3.0,1.0,31.39111592982958,0.0
T000966,159.8623461822614,3.0,2.0,,0.0
T000967,54.18629497181375,2.0,1.0,20.54601473210468,0.0
T000968,82.14853995966953,3.0,24.0,46.99072312275126,0.0
T000969,146.3107701120796,2.0,6.0,,1.0
T000970,122.38584629051388,1.0,0.0,7.327099413772838,0.0
T000971,50.75034370914924,2.0,7.0,59.153183403958856,0.0
T000972,159.72961102568655,2.0,0.0,24.563823318070565,0.0
T000973,77.58876918499253,2.0,1.0,43.55556570296617,0.0
T000974,163.6285081464285,,7.0,0.8754973011702782,0.0
T000975,76.02535163003783,1.0,0.0,32.3247198789392,0.0
T000976,100.9573888707876,3.0,2.0,13.350367919802142,0.0
T000977,,3.0,9.0,28.34584318458883,0.0
T000978,63.59614510723394,2.0,2.0,10.723000992612612,0.0
T000979,119.64567552741082,3.0,9.0,10.40408151259615,0.0
T000980,80.01819071926988,2.0,2.0,43.197031432685215,0.0
T000981,37.61084090175753,2.0,,17.344855424488113,0.0
T000982,124.37801485433592,1.0,6.0,34.479908264321764,0.0
T000983,120.82230190507264,2.0,10.0,7.959024466995454,0.0
T000984,70.71036382756549,2.0,1.0,11.468805915611563,0.0
T000985,122.86065318462568,1.0,10.0,3.972500474103748,0.0
T000986,16.95195332420043,3.0,6.0,19.680030339132465,0.0
T000987,102.30031933681704,1.0,0.0,23.88090364532658,0.0
T000988,,2.0,1.0,5.282716366961228,1.0
T000989,40.61173800412365,3.0,21.0,59.935722327767,0.0
T000990,149.21611992382918,2.0,5.0,,0.0
T000991,13.754108374348364,2.0,2.0,9.752722992739672,0.0
T000992,59.70041344702923,2.0,,22.53327977561253,0.0
T000993,109.07133100569855,2.0,8.0,0.6260700765298796,0.0
T000994,161.8826878755999,2.0,2.0,109.18363448076758,0.0
T000995,29.75915280362466,3.0,0.0,9.643399243039626,0.0
T000996,76.5262807032524,3.0,,64.70640513472476,0.0
T000997,,2.0,6.0,25.94544411967661,0.0
T000998,84.53954614750683,2.0,0.0,10.275703031615697,0.0
T000999,103.79022790968632,2.0,1.0,,1.0
T001000,113.10334045433628,2.0,0.0,,0.0
T001001,120.79184181430304,2.0,5.0,8.194138939516272,0.0
T001002,131.93385699401506,2.0,1.0,8.615141405523946,1.0
T001003,131.32691816684712,3.0,0.0,8.263278533967153,0.0
T001004,89.70702845598298,3.0,1.0,6.846241989013577,0.0
T001005,117.00256472844453,2.0,0.0,6.142423252512296,0.0
T001006,96.82377126923224,2.0,4.0,5.080489324080536,0.0
T001007,146.17543080236842,2.0,0.0,,0.0
T001008,59.28009062768381,3.0,0.0,4.488699737937695,0.0
T001009,71.81377235980126,2.0,4.0,45.51223782493324,0.0
T001010,168.6424237338265,2.0,19.0,10.75676153550308,0.0
T001011,1.0,3.0,2.0,10.612170872610385,0.0
T001012,61.35611660881955,2.0,6.0,25.02450421907868,0.0
T001013,106.31570997416,3.0,2.0,,0.0
T001014,172.66303316605172,2.0,7.0,17.96658922338093,0.0
T001015,,2.0,12.0,11.900939086500214,0.0
T001016,143.8023396264897,2.0,7.0,14.296725027525278,0.0
T001017,156.09307523971262,1.0,0.0,52.53672376432655,0.0
T001018,194.1012248237517,2.0,2.0,65.82161719762374,0.0
T001019,104.33488497071984,2.0,0.0,18.95743212005779,0.0
T001020,147.79013725562405,3.0,3.0,,0.0
T001021,46.26694802835685,2.0,0.0,69.4296370535609,0.0
T001022,101.15979892786874,2.0,2.0,36.52550729143305,0.0
T001023,158.65623187933207,2.0,18.0,17.835143945175368,1.0
T001024,123.33354909830403,3.0,1.0,,0.0
T001025,83.49549041492813,1.0,0.0,14.38065642714107,0.0
T001026,58.72947350105224,2.0,2.0,10.87392684117762,0.0
T001027,82.12772885947864,2.0,2.0,80.95530867567652,0.0
T001028,24.31428036935864,2.0,4.0,,0.0
T001029,53.96632034603169,2.0,10.0,8.597302849781013,1.0
T001030,55.80712818994335,2.0,13.0,21.12890402149768,0.0
T001031,49.206058650501085,,1.0,,0.0
T001032,1.0,,4.0,37.07008542022236,0.0
T001033,91.34640878580652,2.0,1.0,3.640979382362312,0.0
T001034,65.99132618260245,1.0,4.0,36.71821435605639,0.0
T001035,1.0,3.0,0.0,,0.0
T001036,86.52965827777211,3.0,6.0,3.324697999362852,0.0
T001037,123.10863330409714,2.0,0.0,14.57474975955545,0.0
T001038,138.7557560794543,3.0,4.0,10.574112731808098,0.0
T001039,65.11405480508776,3.0,1.0,22.36287289129494,0.0
T001040,88.59971365951411,3.0,2.0,81.98522415033837,0.0
T001041,120.79133147276715,2.0,1.0,28.646690739948,0.0
T001042,55.63352705721144,2.0,1.0,34.97034517509151,0.0
T001043,94.18854784390209,3.0,1.0,14.380576760741972,0.0
T001044,,,6.0,12.638731003716908,0.0
T001045,120.67174516118504,3.0,1.0,52.24815259124659,0.0
T001046,38.021885695988026,2.0,0.0,4.945293536998713,0.0
T001047,120.43036538508838,3.0,2.0,,0.0
T001048,171.75436996111176,,2.0,16.83312747794858,0.0
T001049,71.09432706421784,3.0,1.0,37.560985817874,0.0
T001050,192.46810706931905,3.0,3.0,3.4898526526939677,0.0
T001051,86.73812297648989,2.0,,9.391880458904293,0.0
T001052,166.44666597677048,2.0,7.0,34.94667034147884,0.0
T001053,51.6876840123373,2.0,,56.59887324288854,1.0
T001054,99.87980795405733,1.0,1.0,40.08459077546346,1.0
T001055,163.63573669856322,2.0,7.0,18.291436283169688,0.0
T001056,163.38257555939867,,6.0,63.53577779190056,0.0
T001057,34.77052780997637,2.0,7.0,75.88282333727992,0.0
T001058,108.06497713313476,2.0,8.0,,0.0
T001059,129.62634746005915,2.0,1.0,30.76154348409352,0.0
T001060,147.76526042852555,2.0,11.0,1.575892156913521,0.0
T001061,109.55495340099516,2.0,2.0,12.300614557106956,0.0
T001062,84.85573781005034,2.0,6.0,62.09239543055498,0.0
T001063,89.17384012319133,3.0,2.0,23.23851366694859,0.0
T001064,215.18193760523943,2.0,0.0,3.729311928351064,0.0
T001065,96.8363020051542,2.0,4.0,72.64834069680833,0.0
T001066,,2.0,11.0,47.69236241820721,0.0
T001067,100.42780404121748,2.0,1.0,,0.0
T001068,28.909466662907818,3.0,6.0,30.63589870627944,0.0
T001069,79.84620054674846,2.0,4.0,22.55948183910993,0.0
T001070,123.4387128037512,2.0,3.0,2.417756211101332,0.0
T001071,,2.0,5.0,26.41125151660085,0.0
T001072,103.63402621646706,3.0,7.0,6.671765032739583,0.0
T001073,170.34673729458754,2.0,0.0,,0.0
T001074,93.43715164538476,,2.0,4.838516001456935,0.0
T001075,24.031501702299323,2.0,0.0,37.000847493903485,0.0
T001076,,2.0,10.0,6.463547564518239,0.0
T001077,6.636740370412596,2.0,3.0,7.413131726136281,0.0
T001078,90.92484189321664,3.0,1.0,7.937817643566677,1.0
T001079,92.61098405912642,2.0,14.0,60.59969261291307,1.0
T001080,113.5747655412824,,9.0,58.2484666202341,0.0
T001081,119.21010360029484,2.0,11.0,113.59143713191374,0.0
T001082,91.35991313017678,1.0,1.0,11.371153937543358,0.0
T001083,136.11906789138857,3.0,0.0,14.899895134536855,0.0
T001084,72.74068776368391,2.0,1.0,43.66100207837359,0.0
T001085,131.10349951530245,2.0,0.0,73.0495303199221,0.0
T001086,108.024481198674,2.0,3.0,13.812251690399991,0.0
T001087,82.70403354764147,1.0,11.0,18.31244196930122,0.0
T001088,46.44731601754756,2.0,4.0,2.636112505464583,0.0
T001089,57.678284927051074,2.0,24.0,2.754033133280501,0.0
T001090,143.61603183603393,2.0,4.0,,0.0
T001091,231.61910324186957,2.0,,15.6314088548211,0.0
T001092,75.34995326705837,3.0,3.0,38.29498828115601,0.0
T001093,148.6863115426184,2.0,6.0,,0.0
T001094,165.59918692869732,2.0,4.0,3.428104410627605,
T001095,57.66031409657976,2.0,6.0,8.503709816398809,1.0
T001096,114.93764541828432,1.0,2.0,2.514450593903263,0.0
T001097,83.89859227539708,2.0,0.0,5.163724184724183,0.0
T001098,48.71236581798614,2.0,2.0,18.94076387948878,0.0
T001099,4.5998931438346204,3.0,,5.078204847933451,0.0
T001100,195.4708320235065,1.0,1.0,9.338194330245958,0.0
T001101,129.7377170832643,2.0,7.0,34.638749778971864,0.0
T001102,,3.0,1.0,43.77596851804203,0.0
T001103,51.32269001477657,,2.0,26.974605466401524,0.0
T001104,51.86337173576938,1.0,,15.439895195964844,0.0
T001105,165.55837489013123,,2.0,3.3185286783773806,0.0
T001106,,2.0,8.0,4.96626466069209,0.0
T001107,82.86562029598257,2.0,7.0,0.193752900199195,0.0
T001108,,3.0,1.0,12.292316593165872,1.0
T001109,124.98425551514669,2.0,1.0,10.163714913247166,0.0
T001110,33.845510329625085,1.0,,,0.0
T001111,54.483782903585805,2.0,6.0,3.3148792837430565,0.0
T001112,36.991761741370986,2.0,4.0,9.678581992925988,0.0
T001113,197.99186273723376,3.0,1.0,19.028307620467604,
T001114,24.76398129844989,3.0,2.0,15.316515150264562,0.0
T001115,61.35873927312141,3.0,1.0,10.058662553663783,0.0
T001116,125.30788277303562,3.0,14.0,68.23201461990037,0.0
T001117,187.7670421221602,1.0,5.0,21.22612100852434,0.0
T001118,122.94970008371456,1.0,3.0,4.826553738417169,0.0
T001119,141.88821107732946,2.0,1.0,33.60170589809968,0.0
T001120,136.56901262874962,,1.0,32.32064874750651,0.0
T001121,70.38030378805654,3.0,3.0,13.526483595453238,0.0
T001122,121.46704114008672,3.0,,0.2608148451084991,0.0
T001123,120.40264234183778,2.0,0.0,1.2533434711367502,0.0
T001124,111.9813759119499,3.0,6.0,2.6773757542203143,0.0
T001125,63.32589666608603,1.0,1.0,6.781491811466759,0.0
T001126,134.52363430607565,3.0,,,0.0
T001127,127.6244977208574,2.0,4.0,7.261004856276733,0.0
T001128,31.35702742594681,3.0,3.0,31.757019086116728,
T001129,157.67951716584628,2.0,9.0,31.0586919957966,0.0
T001130,119.1717515701822,3.0,7.0,,0.0
T001131,45.1428175185593,2.0,6.0,15.094134205608984,1.0
T001132,1.0,2.0,3.0,,0.0
T001133,29.62681128117224,3.0,7.0,11.141469613476026,0.0
T001134,115.41460318194105,2.0,6.0,2.3024173360221565,0.0
T001135,66.14191442439441,3.0,3.0,12.461585989303485,0.0
T001136,1.0,2.0,0.0,46.44856454551734,0.0
T001137,69.43073763056859,2.0,15.0,9.041995605155998,0.0
T001138,,2.0,4.0,36.87660948272542,0.0
T001139,167.55078762435002,3.0,6.0,37.00136892556231,0.0
T001140,99.18884412020294,2.0,,,0.0
T001141,126.34489618328968,2.0,1.0,18.038078844910626,0.0
T001142,148.24258165487288,2.0,11.0,7.537212744739548,0.0
T001143,109.33833822385392,2.0,1.0,27.41597301756171,0.0
T001144,88.11583415195079,1.0,5.0,22.4630613821169,0.0
T001145,,1.0,14.0,,0.0
T001146,68.61330469577472,2.0,2.0,15.567529069100368,0.0
T001147,131.7360734280885,2.0,5.0,50.39150531397072,0.0
T001148,92.41427832113854,3.0,0.0,22.873946080801584,0.0
T001149,113.17436076655298,2.0,,8.576201359411561,0.0
T001150,24.67329849048005,3.0,2.0,5.073045753285379,1.0
T001151,138.73170267146685,2.0,0.0,10.903723154846988,0.0
T001152,,2.0,,24.74941854767769,0.0
T001153,1.0,3.0,,44.96324182714997,0.0
T001154,128.9816586606788,3.0,0.0,3.072769376435548,0.0
T001155,103.87402592594312,2.0,10.0,67.35240228621161,0.0
T001156,23.36497200550346,2.0,,32.52622825768191,0.0
T001157,118.8650246522426,2.0,,68.82492180469953,0.0
T001158,64.00778958026457,,2.0,39.64910575944199,0.0
T001159,57.87836849368368,2.0,1.0,39.3183156657726,0.0
T001160,,2.0,2.0,27.458030135930944,0.0
T001161,101.87874296679328,3.0,3.0,8.70073759154181,0.0
T001162,79.32881146817793,2.0,3.0,0.01641842659686,0.0
T001163,124.38874105421692,3.0,1.0,3.114626157147299,0.0
T001164,69.93161780243932,3.0,,21.48137206656178,0.0
T001165,,3.0,11.0,47.9896249206688,0.0
T001166,231.0396545514988,2.0,12.0,24.62091107815607,1.0
T001167,176.72410508972575,2.0,3.0,90.87139993921627,1.0
T001168,98.42804148126118,2.0,0.0,4.095215177576782,1.0
T001169,51.75382697099478,2.0,7.0,49.313221943328,0.0
T001170,127.0731364102394,2.0,,22.064175830402625,0.0
T001171,84.54139382656803,3.0,5.0,,0.0
T001172,135.5807439044445,3.0,7.0,68.11288084676926,0.0
T001173,,1.0,8.0,2.621503986325891,0.0
T001174,,2.0,2.0,4.864396825706837,1.0
T001175,14.830878032242268,,0.0,21.21245342989406,0.0
T001176,90.93879133909483,2.0,0.0,7.758901511247412,1.0
T001177,175.1178526048014,2.0,3.0,7.246115633917816,0.0
T001178,51.69216383147915,2.0,0.0,11.15506062305596,0.0
T001179,127.5026049512276,3.0,8.0,25.85383081084557,0.0
T001180,80.41209254780891,,11.0,65.50379512662617,0.0
T001181,133.94734938811166,3.0,7.0,0.3019438887509716,0.0
T001182,22.31206169919679,3.0,7.0,25.622120500425403,1.0
T001183,1.0,1.0,3.0,9.132642485820144,0.0
T001184,40.55182902325191,2.0,9.0,,0.0
T001185,132.52250462680695,,3.0,,0.0
T001186,,3.0,4.0,19.966095837143005,0.0
T001187,50.51975898707096,,3.0,15.650445339557775,0.0
T001188,143.17641212607606,3.0,1.0,6.372797318813054,0.0
T001189,128.54452553465836,1.0,9.0,12.34095510307483,1.0
T001190,166.0652016136506,,,74.16162000418925,0.0
T001191,205.2648714729156,3.0,1.0,10.073661627407027,0.0
T001192,88.82670088140739,3.0,1.0,3.892189894142927,0.0
T001193,80.74588597918418,3.0,3.0,,0.0
T001194,,2.0,2.0,10.488245404306271,
T001195,65.64929501502513,2.0,3.0,33.99587692372834,0.0
T001196,,1.0,6.0,15.396461157384389,0.0
T001197,102.06437277937196,2.0,0.0,5.705159218660465,0.0
T001198,61.045363031164975,2.0,1.0,38.45105939281395,0.0
T001199,147.34037832559352,2.0,1.0,6.501255952775844,1.0
T001200,125.22909072386952,2.0,,7.037377057922193,0.0
T001201,100.05549723436464,2.0,0.0,,1.0
T001202,127.53987861368316,1.0,3.0,24.738229255284857,0.0
T001203,23.98566038796952,2.0,2.0,42.9947860294264,0.0
T001204,18.303852047035637,2.0,10.0,,0.0
T001205,,2.0,0.0,7.670459773727846,1.0
T001206,26.29339339789472,3.0,3.0,10.680174553366138,0.0
T001207,148.19534670379312,1.0,7.0,3.983083490264616,0.0
T001208,204.30235247685567,3.0,1.0,22.155555327260277,0.0
T001209,74.204734343383,3.0,19.0,0.7196044736209171,0.0
T001210,74.49195931748913,,8.0,9.47549234715698,0.0
T001211,170.1004662959561,2.0,5.0,3.758469155019167,0.0
T001212,63.4184130545736,2.0,5.0,2.9897056776746758,0.0
T001213,130.30049756728198,2.0,3.0,55.5318029214063,0.0
T001214,,1.0,3.0,104.10680037194535,0.0
T001215,219.3983852762366,3.0,,32.92266019408864,0.0
T001216,132.0239897600412,2.0,0.0,25.952608275247407,0.0
T001217,19.67114496306604,3.0,12.0,90.60609208827178,0.0
T001218,135.47259085695197,1.0,2.0,12.603948835820384,
T001219,102.4042473330691,2.0,10.0,23.35322463024488,1.0
T001220,,3.0,,8.392386496658032,
T001221,,2.0,2.0,5.572247974956277,0.0
T001222,130.7472319515689,,3.0,0.4810856617457027,0.0
T001223,93.52413765682796,3.0,,22.06348511851634,0.0
T001224,83.2107650354936,2.0,1.0,42.49790679559405,0.0
T001225,107.3467649193344,1.0,12.0,85.83227853475294,0.0
T001226,109.79226275488408,2.0,8.0,28.08364757508996,0.0
T001227,71.44080129579068,3.0,,,0.0
T001228,24.572201589357174,3.0,1.0,15.83200456722412,0.0
T001229,39.29056936061339,,0.0,13.234750724512118,1.0
T001230,129.2157083217655,2.0,4.0,3.699720882726672,0.0
T001231,89.59388748213624,3.0,2.0,1.4697861896361142,0.0
T001232,98.9377610361879,3.0,0.0,21.975463341464845,0.0
T001233,30.970064705017435,2.0,0.0,18.405382132818826,0.0
T001234,122.61858981248668,1.0,1.0,50.52190870923891,0.0
T001235,93.13445171055602,,0.0,0.4611385494322956,0.0
T001236,103.39192569584688,1.0,15.0,130.1514567924313,0.0
T001237,77.60193307750124,3.0,8.0,14.20882134073454,0.0
T001238,91.98199594775846,2.0,3.0,4.521813385633445,0.0
T001239,194.52203425778916,2.0,11.0,3.223870800437428,0.0
T001240,69.36056547578069,2.0,7.0,22.805410837262496,0.0
T001241,114.57818383409864,2.0,2.0,7.333142186872353,0.0
T001242,132.20618839250545,2.0,5.0,44.85830352811705,0.0
T001243,187.7466535823621,3.0,3.0,4.092182174860881,0.0
T001244,73.11771211100918,,0.0,1.305214937039929,
T001245,144.62986691496548,2.0,0.0,0.3902263958293939,0.0
T001246,103.61394826921445,1.0,11.0,15.283447327430014,0.0
T001247,,1.0,1.0,1.218990040410703,0.0
T001248,109.2485287536578,,0.0,48.04920174798072,1.0
T001249,,2.0,8.0,1.2375939417752968,1.0
T001250,87.54640776734796,2.0,6.0,41.070975675188805,0.0
T001251,44.81650857348154,2.0,15.0,,
T001252,31.65708183595868,3.0,0.0,29.92255656654631,0.0
T001253,106.7962283609174,2.0,0.0,9.964036827189414,0.0
T001254,130.43677945622085,2.0,4.0,1.3860732847015695,0.0
T001255,86.83460965610419,3.0,0.0,2.984189892784692,0.0
T001256,172.22060975275437,1.0,8.0,3.643140223901072,0.0
T001257,169.51276637559948,3.0,3.0,11.435595452609826,0.0
T001258,183.26759588117653,2.0,8.0,25.30046065280532,0.0
T001259,69.85896721080192,3.0,11.0,13.809820566174777,0.0
T001260,,1.0,24.0,7.266575846867836,0.0
T001261,153.6253668654901,2.0,2.0,50.53240038749088,0.0
T001262,156.05153336622357,1.0,3.0,7.045394495748747,0.0
T001263,170.13971554680495,1.0,1.0,57.60440561714023,0.0
T001264,155.97874557172884,3.0,2.0,16.074031659894565,0.0
T001265,97.85883093442126,2.0,4.0,19.487049251653826,0.0
T001266,73.53994950942436,2.0,2.0,8.255521872372256,0.0
T001267,122.11584340822426,3.0,1.0,37.03565793147461,
T001268,134.79660504704248,3.0,5.0,0.1096318534428376,0.0
T001269,38.2744000788802,2.0,10.0,,0.0
T001270,35.984780066455286,1.0,11.0,52.44082093548248,0.0
T001271,76.77978688453062,2.0,0.0,26.132408644330983,1.0
T001272,29.78802168692056,2.0,8.0,78.56061402100605,0.0
T001273,97.22261505516906,3.0,1.0,12.865052795061796,0.0
T001274,222.7650069955447,1.0,5.0,27.61503268996653,1.0
T001275,70.37678704235529,,1.0,15.928488322929509,0.0
T001276,25.17353724549605,3.0,1.0,9.04124231326434,0.0
T001277,128.9673379878388,3.0,3.0,8.921124340375625,0.0
T001278,63.288333901448105,2.0,8.0,21.37424188284889,0.0
T001279,96.87034360502388,3.0,12.0,2.0332379176351028,0.0
T001280,92.4839769864064,,0.0,15.349978162296871,0.0
T001281,57.42967828698432,1.0,0.0,71.52560057197168,0.0
T001282,27.453605444438796,3.0,4.0,92.59839158050112,1.0
T001283,91.55891384049949,3.0,,67.46661776603499,0.0
T001284,,2.0,2.0,2.957120618578246,0.0
T001285,118.3740832737152,3.0,4.0,47.76904409367183,0.0
T001286,98.38615529486913,3.0,1.0,15.04782260572819,0.0
T001287,80.73432015691199,,0.0,30.32229146061745,0.0
T001288,151.76246673618763,1.0,10.0,3.1024215980286187,1.0
T001289,125.68000532848583,2.0,12.0,14.482799934139573,0.0
T001290,125.43041866167208,2.0,2.0,0.3459682602049689,0.0
T001291,8.18201081148014,1.0,2.0,8.071427630086422,0.0
T001292,98.8474721957267,2.0,10.0,0.6706029620917898,0.0
T001293,,2.0,11.0,8.917262371291601,0.0
T001294,38.69103210936583,3.0,10.0,15.884072144507424,0.0
T001295,1.0,3.0,0.0,24.622030741392187,0.0
T001296,128.14404300871774,3.0,7.0,,0.0
T001297,38.2825564060039,2.0,2.0,11.33622643125738,0.0
T001298,120.97662219535138,3.0,0.0,1.1031940062069434,0.0
T001299,138.54325969434834,3.0,0.0,8.432242107794648,0.0
T001300,148.77725635611796,2.0,12.0,,0.0
T001301,184.45944668258397,3.0,4.0,9.76771941673215,0.0
T001302,122.95900396142184,1.0,2.0,26.554757686478364,0.0
T001303,109.09949413113988,2.0,2.0,3.0711668756752246,0.0
T001304,56.08683735882667,3.0,0.0,0.6167566186603883,0.0
T001305,78.68212018972284,2.0,2.0,9.919955150165618,
T001306,63.23994826183767,3.0,4.0,4.486193254249989,0.0
T001307,139.67443602761065,2.0,2.0,1.6059548809622182,0.0
T001308,130.6234397006801,3.0,5.0,38.58900573673464,0.0
T001309,21.474969818841146,2.0,8.0,0.0718454537962229,0.0
T001310,75.12145808073964,2.0,9.0,18.684855874522583,0.0
T001311,167.45895244443523,3.0,,23.665411550010635,0.0
T001312,100.02639794282986,,2.0,,0.0
T001313,122.0653575849623,2.0,3.0,43.10893675786979,0.0
T001314,89.05668741321871,2.0,,106.53103882467518,0.0
T001315,183.67209428114927,2.0,8.0,45.64505337738257,0.0
T001316,88.82686073370746,3.0,4.0,29.173124855054787,0.0
T001317,87.18595878742138,2.0,5.0,2.9942719895791496,0.0
T001318,65.66423284983523,3.0,15.0,10.551562475047756,0.0
T001319,203.0373962440993,2.0,1.0,44.99855719219656,0.0
T001320,65.93098824652131,3.0,,55.71423674472543,0.0
T001321,112.72104216506064,,2.0,20.594827297267752,0.0
T001322,62.8757883730808,1.0,4.0,52.4876022383591,0.0
T001323,,2.0,0.0,17.122183161760702,0.0
T001324,73.71845330073077,3.0,3.0,6.38411324620541,0.0
T001325,109.91967585887434,2.0,0.0,10.24426190695478,0.0
T001326,95.54399802436058,3.0,1.0,5.800717682780511,0.0
T001327,62.74161148413248,3.0,0.0,11.599586521440797,0.0
T001328,73.54736613268526,3.0,5.0,,0.0
T001329,53.78834278658478,2.0,,,1.0
T001330,109.23702894478622,3.0,4.0,,0.0
T001331,11.959559400961211,3.0,0.0,,0.0
T001332,259.65537839224305,2.0,6.0,7.453333243667203,0.0
T001333,57.14212217918588,3.0,1.0,27.433889819018773,1.0
T001334,66.3757201996832,3.0,2.0,26.342949110847584,0.0
T001335,45.94717297958688,2.0,9.0,0.7659803483284635,0.0
T001336,114.9646290203246,2.0,0.0,100.85095448073209,0.0
T001337,129.39279440688676,3.0,4.0,,1.0
T001338,129.42892022103047,2.0,11.0,45.33799484931984,0.0
T001339,1.0,2.0,1.0,12.48261442784768,0.0
T001340,94.24451530383804,1.0,5.0,12.821278913241944,0.0
T001341,102.99663151331642,,0.0,10.626329755485983,0.0
T001342,141.40294074466547,2.0,5.0,,0.0
T001343,59.45712443948309,3.0,2.0,,1.0
T001344,93.07438776963876,3.0,3.0,8.908238093826391,0.0
T001345,131.9296229388687,3.0,0.0,20.851465014698736,0.0
T001346,64.5284421335762,2.0,4.0,49.23836932670291,0.0
T001347,110.55087336013092,3.0,,10.803716858705393,0.0
T001348,169.6727263762216,2.0,2.0,5.400296244506503,0.0
T001349,153.59649326058985,2.0,0.0,4.121593779059389,0.0
T001350,119.72260711891484,1.0,2.0,36.24173482008085,0.0
T001351,82.46108971992228,2.0,18.0,70.04156122532245,0.0
T001352,1.0,,7.0,19.029912460461816,0.0
T001353,78.99861363529187,3.0,6.0,76.04513095198371,0.0
T001354,86.99818749097776,2.0,11.0,6.604419798360523,0.0
T001355,137.31267830136102,2.0,9.0,28.146308762529756,0.0
T001356,,1.0,0.0,29.20561841173252,0.0
T001357,100.3589233453971,2.0,14.0,82.13846954124556,0.0
T001358,60.1967931139683,1.0,0.0,24.32765910311408,0.0
T001359,,1.0,2.0,6.816971235927635,0.0
T001360,98.8565968850559,3.0,3.0,8.983759415738573,0.0
T001361,151.8043825523128,3.0,4.0,66.93399389974182,0.0
T001362,69.57530481343991,1.0,1.0,6.040417653139548,0.0
T001363,114.78122443735477,2.0,9.0,20.583168024201136,0.0
T001364,164.56369195079395,2.0,2.0,15.425294955327551,0.0
T001365,72.05390763642058,2.0,22.0,4.929141660813337,0.0
T001366,,1.0,0.0,0.3007304521234515,0.0
T001367,104.19133139646804,2.0,1.0,15.47237207354007,0.0
T001368,117.81263943530418,2.0,0.0,13.299140445221092,0.0
T001369,71.88562353795136,3.0,10.0,11.186508259896437,0.0
T001370,29.3637120549722,2.0,4.0,54.973110441022165,0.0
T001371,,2.0,9.0,,1.0
T001372,103.09416764435676,2.0,2.0,18.597816263850707,0.0
T001373,39.17095979321452,2.0,,17.178156565721824,0.0
T001374,214.5471286295371,2.0,,,0.0
T001375,23.717184271495256,2.0,1.0,7.027343043667435,0.0
T001376,43.39254296419966,1.0,5.0,61.650935917781005,0.0
T001377,97.78633400776756,2.0,1.0,12.88151748112128,0.0
T001378,105.97901842070766,2.0,2.0,0.8717782610234148,0.0
T001379,106.3189789773206,3.0,8.0,4.555307330267844,0.0
T001380,64.07963672154013,2.0,6.0,62.920022254619376,0.0
T001381,88.62618700232962,1.0,2.0,18.74257903901698,0.0
T001382,155.48499209781116,2.0,5.0,81.62641046354953,
T001383,159.77656940433548,3.0,0.0,12.807711931688988,0.0
T001384,65.697512148241,3.0,4.0,2.7952605234469017,0.0
T001385,134.20816043044772,1.0,1.0,34.51519244930574,0.0
T001386,47.88642059763758,2.0,5.0,1.6342974880470498,0.0
T001387,70.96758487230244,1.0,3.0,,0.0
T001388,235.15137822025417,2.0,1.0,9.58941903063113,0.0
T001389,140.84185057154906,3.0,,15.237735676060508,0.0
T001390,87.79597631628994,3.0,2.0,,0.0
T001391,224.60919993003432,3.0,1.0,2.738279576666495,0.0
T001392,51.71086835680204,2.0,2.0,27.882414967461283,0.0
T001393,124.32508219131007,2.0,4.0,6.257639800027688,1.0
T001394,119.1326775738746,,0.0,9.509646714109223,0.0
T001395,20.106393275258117,2.0,3.0,4.2999895566359205,0.0
T001396,49.47008900355433,2.0,2.0,2.4564637975184724,0.0
T001397,93.2845629264726,2.0,16.0,54.10553273621738,
T001398,26.39814634866042,2.0,8.0,,0.0
T001399,193.80854196079432,3.0,6.0,19.698304151925115,0.0
T001400,16.945829221641375,1.0,13.0,38.584424003577695,0.0
T001401,119.96115613026396,2.0,1.0,23.04201971369323,0.0
T001402,97.74385548379742,2.0,22.0,,0.0
T001403,1.0,3.0,10.0,1.5010967024686386,
T001404,151.52902928120287,3.0,6.0,83.06886638225915,0.0
T001405,153.43961606971462,3.0,11.0,26.659526902589317,0.0
T001406,22.82745284071265,2.0,7.0,10.218778293434216,0.0
T001407,185.20527581277457,2.0,8.0,72.37406254650949,0.0
T001408,165.86970328171628,3.0,3.0,0.6742886413409855,0.0
T001409,1.0,2.0,4.0,17.25097937011701,0.0
T001410,194.0578534720295,3.0,6.0,2.1325258464866037,0.0
T001411,87.42305569777521,3.0,6.0,37.96054508334695,0.0
T001412,,3.0,1.0,6.612241867343284,0.0
T001413,39.44919001187717,3.0,12.0,19.70223678820018,0.0
T001414,103.46721685181252,3.0,0.0,40.29533837020197,0.0
T001415,135.98789710740908,3.0,4.0,27.60328362940573,0.0
T001416,86.55556547225848,1.0,1.0,27.035786394819738,0.0
T001417,47.114453552204985,,,0.8291622785334627,0.0
T001418,71.9331001778897,,13.0,37.26760728572862,0.0
T001419,26.073900481628627,2.0,8.0,,0.0
T001420,1.0,3.0,7.0,1.197887338165733,
T001421,70.12449026541792,3.0,1.0,7.76275147769942,0.0
T001422,95.51321528563868,2.0,1.0,2.711618475549664,0.0
T001423,254.91497170356288,,5.0,18.12388059878913,0.0
T001424,,2.0,4.0,46.13807563187645,1.0
T001425,37.44004316831611,1.0,1.0,10.521299946748137,1.0
T001426,52.55235861156609,2.0,0.0,71.82779816378772,0.0
T001427,101.91189974800142,3.0,1.0,30.403726386895748,0.0
T001428,71.54259006637331,1.0,3.0,9.046394166590034,0.0
T001429,114.00226713487022,2.0,11.0,33.55846902211382,0.0
T001430,112.17651020931724,3.0,0.0,10.512306310175038,0.0
T001431,103.11656748095616,2.0,4.0,14.75885133976466,0.0
T001432,95.66494319258956,2.0,3.0,17.120125750819405,0.0
T001433,121.00472452259206,3.0,10.0,19.573007772997727,1.0
T001434,42.45032112888486,2.0,9.0,,0.0
T001435,60.45503091662234,3.0,3.0,10.320891896085897,0.0
T001436,40.18966879596646,3.0,5.0,,0.0
T001437,91.36863500295902,3.0,1.0,81.47466846621147,0.0
T001438,67.10827230739315,2.0,10.0,29.28826884700069,0.0
T001439,,2.0,0.0,28.920444036482547,0.0
T001440,46.11276110353469,2.0,2.0,14.196255946964634,0.0
T001441,112.06609674583903,3.0,10.0,26.773361404804024,0.0
T001442,98.06285525052284,2.0,1.0,,0.0
T001443,138.58980886178307,3.0,5.0,,0.0
T001444,85.57124414229494,2.0,3.0,3.0411241059780263,0.0
T001445,94.46673157213353,3.0,3.0,,0.0
T001446,138.00279818448013,2.0,4.0,24.18449637440497,0.0
T001447,112.88762700713754,3.0,,22.01320276680172,0.0
T001448,28.46124489409759,3.0,0.0,,0.0
T001449,136.65271407329993,1.0,1.0,63.40402203714065,0.0
T001450,88.99431343725857,2.0,17.0,3.401140199704263,0.0
T001451,88.0944781843973,2.0,2.0,51.33158019909491,0.0
T001452,20.264846636660224,3.0,6.0,11.24855828583335,1.0
T001453,165.21701214390762,2.0,2.0,19.741272966242025,0.0
T001454,119.41560027117248,1.0,0.0,3.5248049387316205,0.0
T001455,23.247987623382016,2.0,4.0,34.74867828640895,0.0
T001456,1.0,3.0,0.0,8.096150998229893,0.0
T001457,93.4263702164166,3.0,3.0,12.127573357191778,0.0
T001458,1.0,3.0,29.0,6.968662444493082,0.0
T001459,85.89371115330444,2.0,1.0,34.110159697953094,0.0
T001460,70.82003368269976,2.0,2.0,1.3732656208877196,0.0
T001461,135.35161798053923,2.0,15.0,,1.0
T001462,206.10780985063167,2.0,1.0,,0.0
T001463,7.033161416997132,3.0,8.0,6.76508680575373,0.0
T001464,203.7532519674271,3.0,2.0,18.7138587660592,0.0
T001465,142.09918477260635,3.0,4.0,2.582016643184548,0.0
T001466,87.61237908801454,3.0,,3.517020851670244,1.0
T001467,81.56903171071502,2.0,4.0,14.866326764256623,0.0
T001468,203.21100674262053,3.0,10.0,3.680175321166308,0.0
T001469,1.0,1.0,1.0,14.512286827339056,0.0
T001470,154.00280295696552,2.0,1.0,3.8067671589787015,0.0
T001471,98.7883583065154,2.0,2.0,66.22860824676768,0.0
T001472,,2.0,3.0,45.76731045244971,0.0
T001473,137.33056823010787,2.0,0.0,,1.0
T001474,60.00297466490329,,18.0,13.880240571352928,0.0
T001475,101.56979327663882,2.0,5.0,34.15534314979795,0.0
T001476,183.45107626446963,2.0,18.0,,0.0
T001477,35.03918182770879,3.0,2.0,15.111604273840593,0.0
T001478,97.06397864476855,3.0,9.0,5.288325732299287,0.0
T001479,201.18031096148195,2.0,6.0,12.796894929334169,0.0
T001480,115.36497604383048,1.0,1.0,8.893607543212257,0.0
T001481,130.51851327167324,3.0,14.0,21.24539274455595,0.0
T001482,102.488684359048,,4.0,34.842425513661865,0.0
T001483,83.49399530167749,2.0,11.0,18.53596731179652,0.0
T001484,86.35777268299347,3.0,2.0,68.04325386230374,0.0
T001485,151.4706550477663,2.0,2.0,21.31444250222123,0.0
T001486,120.35261435622677,2.0,0.0,18.36125171303262,0.0
T001487,,2.0,0.0,46.1929228460938,1.0
T001488,102.9609217007244,3.0,0.0,25.65197319035975,0.0
T001489,,3.0,17.0,8.108706256427386,0.0
T001490,207.7464338691571,1.0,5.0,8.431999260568208,0.0
T001491,120.73864453943956,2.0,13.0,37.39620406071006,0.0
T001492,60.373963078364966,3.0,2.0,25.945643162700367,0.0
T001493,130.52928726419117,1.0,,2.34195035352636,0.0
T001494,71.17447996366403,3.0,2.0,6.686975279873124,0.0
T001495,83.982634590284,1.0,,,0.0
T001496,160.59719926932,2.0,32.0,29.870721527664116,0.0
T001497,1.0,2.0,1.0,41.23223839123078,0.0
T001498,55.26963488902481,3.0,1.0,21.115984231113128,0.0
T001499,,,8.0,29.96261071404884,0.0
T001500,249.2629501301705,2.0,1.0,31.92333523373983,0.0
T001501,64.61652671906097,2.0,6.0,16.989026987000912,0.0
T001502,,2.0,0.0,15.33156302710813,0.0
T001503,153.76717009784488,1.0,0.0,6.589996719381581,0.0
T001504,179.91609038205166,2.0,22.0,35.55367463395498,0.0
T001505,45.04803877340704,2.0,8.0,14.80335873563597,0.0
T001506,167.0230525895174,2.0,4.0,6.571164669983152,0.0
T001507,134.2225238818214,3.0,1.0,2.626685317275101,0.0
T001508,181.99822646856964,2.0,3.0,46.33156664231297,0.0
T001509,59.80257926362595,2.0,,27.858057737923357,0.0
T001510,36.53544473784479,2.0,,23.65115616673314,0.0
T001511,72.79429989429038,1.0,9.0,15.412218851334517,0.0
T001512,51.99768523602681,3.0,2.0,9.205780225698184,0.0
T001513,64.40133863705387,3.0,1.0,58.92454730742661,0.0
T001514,119.59020027012733,2.0,1.0,72.6571655964881,0.0
T001515,,,,1.931917754163832,0.0
T001516,80.3194208983495,2.0,2.0,5.537493288054205,0.0
T001517,170.98015022568185,3.0,12.0,66.5287630683066,0.0
T001518,125.05470849699226,3.0,0.0,6.232037347052556,0.0
T001519,194.4218469807128,1.0,2.0,22.879218675552483,0.0
T001520,148.94290253908977,3.0,1.0,3.313587219006557,0.0
T001521,130.39201693675042,3.0,1.0,152.6842406464832,0.0
T001522,73.2018277442976,2.0,0.0,9.157313432764845,0.0
T001523,66.25329906047239,3.0,3.0,6.568598541776763,0.0
T001524,125.4362511614967,2.0,5.0,82.18871726233176,1.0
T001525,131.1703569139958,2.0,5.0,12.16626784292444,0.0
T001526,,2.0,,30.491448963070034,0.0
T001527,48.37380482362303,3.0,11.0,,0.0
T001528,16.66182966054012,2.0,0.0,4.569299486327438,1.0
T001529,,2.0,3.0,35.75803697103612,0.0
T001530,135.03503060602918,2.0,1.0,18.561816958725977,0.0
T001531,180.61391289943228,,1.0,29.996417802428144,0.0
T001532,72.66599577063673,2.0,4.0,8.649082477214405,0.0
T001533,207.1503527292455,3.0,6.0,50.69990656042054,0.0
T001534,109.80657295119536,2.0,1.0,44.9086865654685,1.0
T001535,136.381477181849,2.0,1.0,50.45006278887196,0.0
T001536,131.62271083211505,3.0,1.0,20.68848013674714,0.0
T001537,129.34285469001352,1.0,3.0,36.24114163228828,0.0
T001538,99.98431636941126,3.0,0.0,21.20204035783661,0.0
T001539,142.34410519424569,1.0,5.0,23.624422457933143,0.0
T001540,142.155266616162,1.0,3.0,39.20176304712527,0.0
T001541,129.93971947809553,2.0,1.0,18.29303678741724,0.0
T001542,10.290406672528178,3.0,8.0,11.324942085138272,0.0
T001543,89.32716103247809,2.0,7.0,1.424119697741818,0.0
T001544,65.26998154184277,2.0,0.0,11.074988219296726,0.0
T001545,144.4576912393903,1.0,15.0,4.5740435090366,0.0
T001546,,2.0,0.0,46.78604195261643,0.0
T001547,141.09512521876118,1.0,7.0,29.564062115108477,0.0
T001548,108.5208111187744,2.0,11.0,,0.0
T001549,102.85065624485422,3.0,5.0,25.919196703844825,0.0
T001550,86.05583029246218,2.0,3.0,66.69552389530521,0.0
T001551,173.84672130591372,2.0,8.0,,0.0
T001552,24.988906927653204,,1.0,43.20237435218908,0.0
T001553,70.52738000306408,3.0,10.0,15.067613968339636,1.0
T001554,44.886512977207225,3.0,16.0,10.365198156809004,0.0
T001555,92.81702350514408,2.0,1.0,42.26688513416592,1.0
T001556,114.8492336616593,2.0,2.0,14.02565367795026,0.0
T001557,1.0,2.0,1.0,,0.0
T001558,59.84105246598276,3.0,26.0,4.947302156630335,0.0
T001559,90.18596743060316,2.0,1.0,13.197203542189806,1.0
T001560,125.20232577589222,3.0,,7.899203602972237,0.0
T001561,,2.0,0.0,9.35424299027651,0.0
T001562,126.8884095184242,2.0,2.0,19.15462000847209,0.0
T001563,114.27770374288284,2.0,4.0,38.55478362499047,0.0
T001564,,1.0,2.0,18.862391852507663,0.0
T001565,162.78780627867604,3.0,8.0,5.482958520128129,0.0
T001566,168.8248225009769,2.0,0.0,5.237293615776864,0.0
T001567,,3.0,6.0,49.00139365218676,0.0
T001568,,1.0,0.0,0.7801415259812481,0.0
T001569,148.1251442900051,3.0,,43.702120746181066,0.0
T001570,152.5327198003806,2.0,21.0,22.20617061870663,0.0
T001571,,2.0,5.0,13.1962133408265,0.0
T001572,,2.0,1.0,2.697753042065735,0.0
T001573,116.43812051517402,1.0,0.0,0.4857405771752483,0.0
T001574,98.26575563066096,,9.0,9.443930301360902,0.0
T001575,53.89055472841863,3.0,7.0,15.950665315365658,0.0
T001576,1.0,2.0,8.0,66.26961553406882,0.0
T001577,123.65727266338936,,0.0,13.088844803248218,0.0
T001578,110.53004196488207,2.0,17.0,38.82048074363016,0.0
T001579,181.95584027220335,3.0,7.0,14.300694107244617,1.0
T001580,93.50896501332868,3.0,4.0,0.9867484373295466,0.0
T001581,100.7841118235812,3.0,1.0,0.8259941774596368,0.0
T001582,63.55203749834189,3.0,8.0,28.711689968566727,0.0
T001583,72.02268573552655,2.0,7.0,87.0288794149962,0.0
T001584,161.01414482088586,2.0,0.0,5.552564281477086,0.0
T001585,113.28084965862668,3.0,2.0,12.619641752395136,0.0
T001586,106.43087252024831,2.0,0.0,44.57755915689663,0.0
T001587,130.1895260138947,3.0,1.0,,0.0
T001588,84.1142451621883,1.0,0.0,24.4444899041552,
T001589,,3.0,3.0,5.34149181637135,0.0
T001590,,3.0,7.0,8.197824313228391,0.0
T001591,90.47484470010944,,1.0,30.934056127946207,0.0
T001592,,3.0,3.0,33.676517000103686,0.0
T001593,50.71369768322281,3.0,,14.505283297813834,0.0
T001594,98.36233648920008,1.0,,5.258019792712311,0.0
T001595,96.1449145292948,2.0,1.0,48.17184454509872,0.0
T001596,,3.0,2.0,27.711318175926174,0.0
T001597,105.66352052688822,,6.0,15.087935831275804,0.0
T001598,55.10849667871853,1.0,,12.782024667074149,0.0
T001599,87.55179257604632,3.0,4.0,38.33478090062354,0.0
T001600,37.47961330151413,3.0,2.0,110.38159778795377,0.0
T001601,114.10171096046712,1.0,0.0,42.58437888683304,1.0
T001602,73.45656135398397,2.0,5.0,30.8219312526008,1.0
T001603,169.97973225728967,2.0,11.0,21.117417886031703,0.0
T001604,118.7028284923786,2.0,2.0,21.01007195631289,0.0
T001605,74.41182210288483,2.0,0.0,10.82502906213934,0.0
T001606,138.37396722770654,2.0,1.0,60.64984297330651,0.0
T001607,46.16604362644933,3.0,1.0,0.760402128671545,0.0
T001608,142.9792436171778,2.0,10.0,64.0240959241377,0.0
T001609,96.2536721940776,3.0,8.0,57.51011558281658,0.0
T001610,97.34465991515448,3.0,3.0,52.548789613315904,0.0
T001611,82.86427417366153,2.0,7.0,6.894788782652637,0.0
T001612,1.0,2.0,1.0,,0.0
T001613,32.07129923712628,2.0,0.0,4.251661767410393,0.0
T001614,119.12166578462676,1.0,10.0,42.20015229601833,0.0
T001615,89.0673361282482,1.0,0.0,10.419627861625903,0.0
T001616,117.09126069774833,1.0,2.0,39.32233699315668,0.0
T001617,110.02845986154716,,,12.690459113980346,0.0
T001618,116.54256523077888,2.0,0.0,14.84840775291977,0.0
T001619,36.1847791730832,3.0,1.0,8.47169494620759,0.0
T001620,132.95271719567097,3.0,1.0,3.5606839903471457,0.0
T001621,151.0757696390932,3.0,14.0,28.434322063754085,0.0
T001622,245.9086777530046,2.0,0.0,7.57612765593656,0.0
T001623,177.496720250877,2.0,10.0,7.769761619155242,1.0
T001624,153.010495374944,2.0,1.0,52.62599439167157,0.0
T001625,98.88605104081434,2.0,2.0,93.6475759844666,0.0
T001626,83.71944739257482,2.0,4.0,9.343914796656495,0.0
T001627,125.27789266075038,2.0,6.0,20.129174702244857,0.0
T001628,67.91665899348088,1.0,0.0,34.540451162069566,0.0
T001629,81.99803656215087,2.0,2.0,20.339172047538224,0.0
T001630,133.41702443590404,2.0,1.0,26.17401884447138,0.0
T001631,119.15840948794502,3.0,9.0,15.324610328921572,0.0
T001632,177.9394592248447,3.0,7.0,31.153368228373623,0.0
T001633,31.22445552156286,3.0,7.0,,0.0
T001634,151.95558937101345,3.0,24.0,62.77084572243009,0.0
T001635,131.91959628041914,1.0,20.0,18.269327776348877,0.0
T001636,76.06256891682614,2.0,5.0,25.375998615922096,0.0
T001637,65.01372460037072,3.0,19.0,23.59918280220363,0.0
T001638,159.4196636724042,2.0,1.0,,0.0
T001639,122.5612659659254,3.0,5.0,0.765877332658999,0.0
T001640,79.78190036549887,3.0,3.0,8.261874949771729,0.0
T001641,40.16672038578021,3.0,10.0,98.24157364543407,1.0
T001642,124.82000588669706,1.0,6.0,41.838083551806704,0.0
T001643,,3.0,1.0,4.756644829290132,0.0
T001644,,3.0,16.0,,0.0
T001645,99.04918960486556,2.0,2.0,,0.0
T001646,21.75986143189725,2.0,5.0,48.03505644679682,0.0
T001647,35.850388790571515,1.0,1.0,0.6117778338480788,0.0
T001648,,2.0,6.0,19.00594982726604,0.0
T001649,102.04595876978604,2.0,13.0,8.394773127720768,0.0
T001650,112.99413971242116,3.0,0.0,29.690425347255218,0.0
T001651,58.0139078909612,3.0,2.0,14.516100671661675,0.0
T001652,108.02869905249322,3.0,2.0,19.454037010563308,1.0
T001653,143.0818062248972,2.0,1.0,3.467886248934192,0.0
T001654,70.22325324080704,2.0,14.0,,1.0
T001655,54.53062726026305,1.0,0.0,39.88673928149312,1.0
T001656,47.245531591165246,3.0,7.0,43.71160000339799,0.0
T001657,40.65033058471277,2.0,7.0,3.415159384080412,0.0
T001658,99.23450754135024,3.0,1.0,44.83454709707116,0.0
T001659,158.96485920319134,3.0,3.0,25.822246828446755,0.0
T001660,104.67617482193047,2.0,1.0,0.1271160640795617,0.0
T001661,106.77817082073544,,0.0,7.037127997524195,0.0
T001662,95.86596570786504,2.0,5.0,,0.0
T001663,168.85904682522806,1.0,4.0,,0.0
T001664,149.31882529529685,2.0,1.0,75.2970496667915,0.0
T001665,33.87710216282149,,2.0,64.34344364199141,0.0
T001666,40.79847208887203,2.0,7.0,9.563460944047552,0.0
T001667,79.40615169387664,2.0,,5.870059264376852,0.0
T001668,60.37900395000194,1.0,8.0,120.66525479066163,0.0
T001669,82.16634329100644,3.0,3.0,5.7867369152383255,0.0
T001670,123.16031460495616,1.0,3.0,,0.0
T001671,,3.0,0.0,10.508060138851151,0.0
T001672,128.24211793000612,3.0,1.0,33.38521600642483,0.0
T001673,45.38436176637105,2.0,4.0,21.13749268954367,0.0
T001674,94.59305048042916,2.0,3.0,32.438821067405335,0.0
T001675,127.811500470033,3.0,4.0,26.20374059336584,0.0
T001676,138.66199933328795,3.0,3.0,11.14884110916064,0.0
T001677,49.93426729010165,3.0,7.0,47.50181197691303,1.0
T001678,69.5108547840309,2.0,1.0,5.264713235469136,0.0
T001679,146.40453054955407,3.0,0.0,24.76180050067592,0.0
T001680,85.0589955485398,2.0,3.0,12.01998834501524,0.0
T001681,90.58693324568468,2.0,0.0,6.213451926748554,0.0
T001682,105.66971959833448,,0.0,8.613817118367388,0.0
T001683,55.96229551986349,2.0,5.0,7.154270922753414,0.0
T001684,34.22793464750772,2.0,7.0,29.732698711727835,0.0
T001685,79.425342771891,3.0,4.0,46.01273517942968,0.0
T001686,111.50353795957012,3.0,5.0,5.183239026410678,0.0
T001687,195.20682947865035,3.0,3.0,33.14761785548897,1.0
T001688,93.34984180349682,3.0,0.0,5.670237944890157,0.0
T001689,121.27287808924824,1.0,1.0,17.663213015755712,0.0
T001690,122.08733681887786,3.0,0.0,7.336218009997516,0.0
T001691,69.18192959802613,2.0,0.0,73.0031731961024,0.0
T001692,145.01992941975317,3.0,1.0,11.69408673371201,0.0
T001693,92.30011674010842,2.0,4.0,16.625541411411916,1.0
T001694,63.22350287051167,2.0,7.0,19.882932522253952,
T001695,116.6157005989796,2.0,2.0,4.117443178033247,0.0
T001696,77.99777566515081,,1.0,9.829119172552982,0.0
T001697,,2.0,3.0,82.96940019116589,
T001698,228.66799016249303,2.0,0.0,43.598769012837714,0.0
T001699,24.03269622615788,3.0,1.0,3.1996538811780115,0.0
T001700,97.10461250615457,2.0,1.0,115.9159776736952,0.0
T001701,69.19282709755282,1.0,0.0,9.870436567401262,1.0
T001702,,2.0,,27.767995709320925,0.0
T001703,83.96661872214041,3.0,4.0,26.93488620143792,0.0
T001704,97.59557463346135,3.0,0.0,8.366876472510242,0.0
T001705,148.6277224813365,2.0,12.0,17.297124407875963,1.0
T001706,119.5347960464072,2.0,4.0,8.935165800454325,0.0
T001707,57.19580870455664,3.0,4.0,18.8599391517496,0.0
T001708,138.45158277211377,1.0,9.0,25.64155512448183,0.0
T001709,153.1970493780428,3.0,4.0,24.222547390921992,0.0
T001710,136.45318225011823,2.0,3.0,,0.0
T001711,98.38596944752648,2.0,11.0,60.370585088776494,0.0
T001712,80.00504689344315,,9.0,3.851065030116328,1.0
T001713,60.53307471401628,3.0,6.0,8.836803618340205,0.0
T001714,45.39181836409551,2.0,10.0,68.73434122843938,0.0
T001715,118.07086586365514,2.0,4.0,,0.0
T001716,152.45046129184448,2.0,4.0,3.79134300733344,1.0
T001717,102.94921107947988,2.0,15.0,17.351390161725103,0.0
T001718,45.708743555740725,1.0,2.0,60.30501393745141,1.0
T001719,87.18296608137538,3.0,3.0,25.21145164062306,0.0
T001720,187.61352217118116,1.0,4.0,2.853220604760441,0.0
T001721,,3.0,0.0,50.17771759875353,0.0
T001722,95.86424880517534,2.0,0.0,0.5309815910048903,0.0
T001723,,3.0,5.0,42.00962733600597,0.0
T001724,72.08491230269847,3.0,,35.99940870955186,0.0
T001725,109.54582620718554,1.0,0.0,,0.0
T001726,130.7967803472132,2.0,4.0,,0.0
T001727,6.673169146347007,2.0,7.0,2.8438102499983056,0.0
T001728,70.55665866306519,2.0,10.0,27.19062332719227,0.0
T001729,1.7731980948537682,1.0,0.0,130.99712506612929,0.0
T001730,112.88004286990648,2.0,2.0,54.05421069897098,0.0
T001731,4.061439235047928,2.0,1.0,121.2850012698284,0.0
T001732,77.44205707955007,2.0,4.0,13.150759263904192,0.0
T001733,199.56852092084523,1.0,4.0,34.73977701610602,0.0
T001734,122.15010652236876,2.0,13.0,27.155203120659188,0.0
T001735,100.35315793140882,1.0,0.0,11.105736533734406,0.0
T001736,94.27202862637402,3.0,7.0,3.8015913688241634,0.0
T001737,6.51291501522897,2.0,1.0,14.246535029284884,0.0
T001738,58.38222134478856,2.0,3.0,10.893923876076965,0.0
T001739,110.11402038106095,3.0,,10.919498440740831,0.0
T001740,86.12278718422242,,4.0,1.7743953270272477,0.0
T001741,108.57346587951956,3.0,0.0,,0.0
T001742,204.1330161054899,2.0,4.0,8.652837190108356,0.0
T001743,123.7682805346005,2.0,3.0,22.18704816012284,0.0
T001744,179.93235852523583,2.0,2.0,0.9642520816450382,0.0
T001745,113.83003827555903,1.0,14.0,72.2558521295897,0.0
T001746,90.1330789846337,3.0,1.0,5.370825350625462,0.0
T001747,156.4119891634419,2.0,5.0,21.73868422041209,0.0
T001748,131.77090151046133,,2.0,25.37014948628021,0.0
T001749,141.48662089395873,2.0,2.0,47.08360823313528,0.0
T001750,4.609622106130445,2.0,5.0,133.8326034816222,0.0
T001751,80.80143640238242,3.0,3.0,22.707596300576046,0.0
T001752,40.20584689824078,3.0,,101.69763095458671,0.0
T001753,145.39811568135244,2.0,0.0,10.275449355356884,0.0
T001754,47.17211786198736,2.0,9.0,63.077791356144765,0.0
T001755,72.62962386165636,3.0,7.0,30.95372312401899,0.0
T001756,66.06784693529484,1.0,5.0,51.06717564723232,1.0
T001757,189.23875195925476,2.0,8.0,9.62400975659216,
T001758,108.72889064159196,2.0,3.0,1.7534615322278435,0.0
T001759,85.41531251033616,3.0,3.0,37.50917502683824,0.0
T001760,10.344677373271168,2.0,2.0,72.32229507380535,0.0
T001761,119.4489364676092,2.0,0.0,12.07440575204813,0.0
T001762,180.9393819830434,1.0,2.0,52.06535358786266,0.0
T001763,129.86141091266924,3.0,,7.013561863399445,0.0
T001764,93.84317823238662,3.0,1.0,8.585977098789384,0.0
T001765,32.41576971918332,3.0,3.0,,0.0
T001766,13.439934827753731,3.0,0.0,29.496164538219343,0.0
T001767,109.09331275292476,2.0,1.0,13.938724980550573,0.0
T001768,40.62007904852436,1.0,14.0,19.470278762514788,0.0
T001769,142.42154411026422,3.0,1.0,36.97865764804134,0.0
T001770,33.998874438964705,1.0,2.0,,0.0
T001771,1.0,2.0,11.0,5.090639709477588,0.0
T001772,123.95015716963796,,2.0,3.2258549785537176,1.0
T001773,118.55729366856544,2.0,6.0,48.69069693623021,0.0
T001774,61.79066066810768,1.0,2.0,25.73945282875084,0.0
T001775,102.21793987578036,2.0,3.0,4.674186595917402,1.0
T001776,137.25026564386403,2.0,7.0,103.9158965458029,0.0
T001777,163.42916178237346,2.0,3.0,25.489165526550394,0.0
T001778,41.1119271004321,3.0,10.0,32.75851521771546,0.0
T001779,50.93370317412676,3.0,2.0,3.913297294119135,0.0
T001780,80.34548996492693,1.0,2.0,8.833502235631231,0.0
T001781,,2.0,6.0,14.387795557458002,0.0
T001782,81.5194831978183,2.0,12.0,20.26972913946358,0.0
T001783,107.8987156125726,2.0,8.0,37.35828405340408,0.0
T001784,94.651426507076,2.0,2.0,21.58241579796009,1.0
T001785,,2.0,8.0,51.263253844066206,0.0
T001786,68.4174237743178,2.0,13.0,,0.0
T001787,100.67251823096466,2.0,0.0,15.837873188165464,0.0
T001788,98.21792588512582,2.0,5.0,17.026057638967025,1.0
T001789,101.26942102712052,2.0,10.0,1.7195809267463502,0.0
T001790,90.33478867760152,3.0,9.0,21.146167704285933,0.0
T001791,123.99135176834164,2.0,6.0,17.952956357318897,0.0
T001792,178.6509862607428,1.0,7.0,48.33045303480873,0.0
T001793,126.74086681729553,2.0,2.0,3.839515683997732,0.0
T001794,56.44034849961847,,24.0,15.092457203101628,0.0
T001795,40.95935923455776,3.0,0.0,102.6915146791586,0.0
T001796,104.853877467402,1.0,7.0,66.88444712037914,0.0
T001797,199.5776651102367,2.0,1.0,73.25600223680814,0.0
T001798,150.29622558982084,,6.0,,1.0
T001799,43.491063525765824,2.0,3.0,11.496524975648796,0.0
T001800,69.97882171306475,2.0,3.0,3.3382914574421845,0.0
T001801,,2.0,1.0,4.635003319598329,0.0
T001802,179.65933133196984,2.0,9.0,12.759477316385553,0.0
T001803,67.74401226974379,1.0,3.0,15.625396832741934,0.0
T001804,155.4351790291454,3.0,0.0,1.924331548284128,0.0
T001805,65.77541346936016,1.0,9.0,64.76438234316907,0.0
T001806,87.13499996911052,3.0,3.0,26.683696882501685,0.0
T001807,70.54439336094364,2.0,0.0,,0.0
T001808,87.31619612288095,3.0,2.0,,0.0
T001809,149.80591074555645,2.0,8.0,26.505277467838788,0.0
T001810,52.554173958758135,2.0,2.0,41.18417483738041,0.0
T001811,65.40459650593777,3.0,8.0,7.122076876480199,
T001812,111.18939758194492,2.0,5.0,27.016065868494536,0.0
T001813,90.65519209190076,3.0,6.0,37.91888162941156,1.0
T001814,162.76748901442377,1.0,5.0,64.03775445305149,0.0
T001815,69.66498526173515,3.0,0.0,6.5778881353047325,0.0
T001816,,1.0,0.0,5.765513551824297,1.0
T001817,163.94329066566968,3.0,6.0,55.79899986576591,0.0
T001818,106.2943265288329,3.0,0.0,76.0402786121689,0.0
T001819,133.48362744150194,2.0,2.0,18.283557347173844,0.0
T001820,,2.0,2.0,21.81162107099704,0.0
T001821,76.39547111514364,3.0,,,0.0
T001822,108.66708321852042,2.0,15.0,74.6586265798874,0.0
T001823,121.92063497483228,2.0,5.0,31.329530324988504,
T001824,,2.0,1.0,54.15785513006004,0.0
T001825,,1.0,,45.26018678731828,1.0
T001826,98.39762529181432,3.0,9.0,38.6619484652097,0.0
T001827,85.00809018625597,1.0,4.0,46.79052764648839,0.0
T001828,90.090216181014,2.0,3.0,39.58161166498508,0.0
T001829,98.27246880230184,3.0,,15.654461134098456,0.0
T001830,39.89252369619556,1.0,,6.529344680421531,0.0
T001831,255.64551005219204,3.0,10.0,23.73850674357592,0.0
T001832,58.89619940860363,2.0,4.0,6.305887182880567,0.0
T001833,100.62962003908974,,0.0,14.22912183537066,1.0
T001834,166.69428727502864,3.0,0.0,8.045370251287599,1.0
T001835,89.56658143897671,1.0,6.0,3.0053002956426504,0.0
T001836,,3.0,0.0,78.9793668263033,0.0
T001837,145.51078918323725,2.0,2.0,2.607097162358064,0.0
T001838,121.41583461876188,1.0,,11.608019979065878,0.0
T001839,48.44873624263465,2.0,0.0,47.18057935680721,0.0
T001840,57.019324306077294,2.0,3.0,48.502649208801714,0.0
T001841,6.673002431969195,2.0,5.0,1.4055893700977773,0.0
T001842,142.25789855921607,2.0,22.0,27.043544232658284,1.0
T001843,100.62496609536252,1.0,0.0,99.763577831096,0.0
T001844,76.4342139424441,3.0,5.0,35.17486407926896,0.0
T001845,11.030053474638962,2.0,4.0,15.520879991066264,0.0
T001846,155.96224587820478,2.0,,17.10792495242407,0.0
T001847,1.0,2.0,1.0,25.42499340127868,0.0
T001848,164.40378624261888,2.0,1.0,32.215680651990255,0.0
T001849,,2.0,1.0,6.362590156532071,0.0
T001850,50.87563032308452,2.0,13.0,13.953086138405574,0.0
T001851,110.73565915852632,3.0,20.0,51.672404510131386,0.0
T001852,27.44121549742205,2.0,0.0,25.845122040274603,0.0
T001853,,2.0,0.0,148.5547372558602,0.0
T001854,137.8394339993491,3.0,8.0,20.55800945515472,0.0
T001855,109.42378805090516,,12.0,5.371705644209755,0.0
T001856,104.6027568655996,2.0,2.0,103.3456396303786,0.0
T001857,117.32241047484878,1.0,0.0,6.761585468675217,0.0
T001858,1.0,3.0,2.0,7.015756283590709,0.0
T001859,132.35979698513705,,2.0,26.893389312529305,0.0
T001860,69.71425384983309,3.0,,71.64189661753251,0.0
T001861,113.95107628851696,2.0,5.0,33.447248924358554,0.0
T001862,55.076600910448136,2.0,0.0,0.3716955616713867,0.0
T001863,4.76626532672681,3.0,0.0,3.6118529950275735,0.0
T001864,144.3645418633371,2.0,12.0,20.911497482241607,0.0
T001865,112.01029219731114,2.0,7.0,0.021823467818655,0.0
T001866,58.45249417944811,2.0,,,0.0
T001867,127.66944915372132,3.0,15.0,15.36245484491424,0.0
T001868,92.92351813310763,3.0,4.0,22.576467675899494,0.0
T001869,129.77454488196287,3.0,7.0,55.84256352606166,0.0
T001870,43.46923325312368,1.0,18.0,62.53246014760117,0.0
T001871,98.03463561861844,,0.0,14.664469523860951,0.0
T001872,146.87387462534625,2.0,0.0,13.080396933213004,0.0
T001873,69.42410985040259,2.0,4.0,20.86315624494293,0.0
T001874,150.3756844918461,2.0,2.0,37.512529467465264,0.0
T001875,90.47769070353915,2.0,0.0,15.80894030247218,0.0
T001876,53.560395927377066,1.0,1.0,23.135090085251843,0.0
T001877,,2.0,1.0,17.722910699752227,0.0
T001878,21.84045956516715,2.0,6.0,6.045672812993355,0.0
T001879,,2.0,3.0,21.40236300458606,0.0
T001880,,3.0,7.0,3.8900386804336327,0.0
T001881,117.48250236498468,2.0,11.0,28.802125068142203,0.0
T001882,218.19362473096805,3.0,5.0,12.10734487001174,1.0
T001883,143.11117559434885,2.0,1.0,31.20545246506014,0.0
T001884,130.47630226043006,3.0,1.0,14.731339205908148,0.0
T001885,83.23779590659866,1.0,8.0,,0.0
T001886,,2.0,2.0,24.86293196347953,0.0
T001887,88.86396496116964,2.0,7.0,29.7732545005644,0.0
T001888,1.0,2.0,1.0,31.081860316159798,0.0
T001889,190.0470216455408,2.0,18.0,11.6761475247762,0.0
T001890,131.68305123870294,3.0,0.0,12.189166807662302,1.0
T001891,137.0412172710063,3.0,6.0,18.9539652792372,0.0
T001892,103.18245307482589,2.0,,4.512998422330471,0.0
T001893,88.29900704465093,3.0,3.0,52.68525200988741,0.0
T001894,59.5137582116358,3.0,0.0,53.76507472240151,0.0
T001895,,3.0,12.0,54.962404786921645,0.0
T001896,,2.0,0.0,14.062159904135676,0.0
T001897,82.66142116166439,2.0,2.0,6.86871255158618,0.0
T001898,119.2985046284438,2.0,6.0,75.76840876747406,0.0
T001899,122.3436250401349,2.0,0.0,5.491758776602474,0.0
T001900,109.73037276186211,2.0,7.0,52.8784966866794,0.0
T001901,111.57229612627862,2.0,3.0,4.931679481166807,0.0
T001902,145.8930973527388,2.0,1.0,46.69083197471046,0.0
T001903,187.47883715934697,2.0,3.0,15.66940988956936,0.0
T001904,,1.0,1.0,2.9774260064619846,0.0
T001905,51.49378698101782,2.0,0.0,52.30560077879775,0.0
T001906,5.842489597070809,2.0,6.0,94.38706350951934,0.0
T001907,36.73707954573925,2.0,5.0,15.278505723990593,0.0
T001908,91.89380122600708,3.0,9.0,15.121781835383247,0.0
T001909,96.79308267035036,3.0,4.0,35.82503274197188,0.0
T001910,158.9862604180355,3.0,0.0,18.74052858831245,0.0
T001911,174.83552037229907,3.0,1.0,45.68478071281172,0.0
T001912,145.19674205430977,3.0,,16.049989519189268,0.0
T001913,197.06087182318743,2.0,3.0,12.53899517827716,0.0
T001914,88.2796099841839,2.0,3.0,21.481543351237868,0.0
T001915,84.53938120743928,3.0,4.0,13.929860550547623,0.0
T001916,108.97908909697988,2.0,3.0,1.7998098114003578,0.0
T001917,96.47506109704544,2.0,11.0,12.692232026618443,0.0
T001918,100.65009459389536,3.0,8.0,37.02468370917272,0.0
T001919,75.11637382854803,,,12.582426276254589,0.0
T001920,143.35937064138693,3.0,5.0,44.72251600257212,0.0
T001921,,2.0,0.0,32.60412038525842,0.0
T001922,50.09526861154824,1.0,0.0,,0.0
T001923,35.02093815362012,2.0,8.0,3.747398585439513,1.0
T001924,70.53176215278943,3.0,5.0,54.78187752838781,0.0
T001925,92.49722064837368,3.0,7.0,11.824982330058978,1.0
T001926,50.09696863427936,2.0,0.0,37.226860448011415,0.0
T001927,76.06207142391557,3.0,6.0,34.02449105785012,0.0
T001928,124.12362076215926,3.0,6.0,13.246408255001366,0.0
T001929,137.94642948933824,1.0,0.0,23.346433498654505,0.0
T001930,116.39397620796788,2.0,3.0,19.849490544557806,0.0
T001931,141.36180538287115,3.0,4.0,13.232500360146156,0.0
T001932,90.4879577793392,2.0,6.0,13.128012649648142,0.0
T001933,75.41819071839763,1.0,1.0,41.38201830900301,0.0
T001934,91.12540581128584,1.0,0.0,138.52885148772452,0.0
T001935,91.7184294841184,3.0,3.0,81.32216027487044,0.0
T001936,151.51417270159212,2.0,1.0,35.494900380009064,1.0
T001937,1.0,2.0,0.0,9.561485480513443,0.0
T001938,64.76357821945581,2.0,1.0,5.120006406973708,0.0
T001939,105.2100551975938,3.0,7.0,,0.0
T001940,172.5500719065668,3.0,5.0,19.14764738156987,1.0
T001941,,2.0,1.0,12.33224272787062,0.0
T001942,98.88498581409736,2.0,1.0,18.21540345545002,0.0
T001943,57.59672009847457,3.0,2.0,11.0468300764315,0.0
T001944,73.42727243203925,1.0,1.0,13.877991023589182,0.0
T001945,105.12423210791036,2.0,0.0,,0.0
T001946,50.35669994572272,2.0,6.0,20.33854808065217,0.0
T001947,166.40830269786665,3.0,2.0,86.71833518325981,0.0
T001948,42.32537870076081,1.0,0.0,65.31368290656559,0.0
T001949,114.76399703104342,2.0,12.0,34.65640844220842,1.0
T001950,111.7012227176574,2.0,0.0,,0.0
T001951,43.72554763508118,2.0,10.0,21.43676405438301,0.0
T001952,124.11244763403286,1.0,0.0,25.15414499883214,0.0
T001953,138.41036083158687,3.0,,16.954965475653044,0.0
T001954,68.71613562518938,3.0,0.0,0.8837694344134693,0.0
T001955,224.25949583394456,3.0,3.0,41.718910255771405,1.0
T001956,115.37033489045504,2.0,0.0,31.091976393690945,0.0
T001957,69.04385258750342,2.0,0.0,15.730925214218413,0.0
T001958,71.89159867108489,2.0,1.0,39.79720367075446,0.0
T001959,109.47908082993716,2.0,0.0,16.176356509069826,1.0
T001960,59.47356850891868,2.0,,28.38758213058925,1.0
T001961,75.6437308117652,1.0,6.0,,0.0
T001962,62.57567317217232,2.0,3.0,34.91375525666097,0.0
T001963,109.62984593656526,3.0,7.0,5.477302291334697,
T001964,158.15818760774798,3.0,,2.868652481981501,0.0
T001965,185.55144045953935,,22.0,29.33257986853582,0.0
T001966,133.62868506013655,2.0,1.0,0.0894165783428728,0.0
T001967,55.53795858858378,2.0,0.0,11.429236089593203,0.0
T001968,110.8901169874363,3.0,,19.03248865686945,0.0
T001969,57.57856829045927,3.0,3.0,32.02162930876857,0.0
T001970,97.01728440039042,1.0,3.0,15.66928357739962,1.0
T001971,112.15673275692446,1.0,3.0,34.31825301811477,1.0
T001972,54.12485894928682,1.0,1.0,13.65174441439513,0.0
T001973,194.3092950605265,3.0,1.0,15.552456472134644,0.0
T001974,147.4777067720662,3.0,13.0,1.8163818262107163,0.0
T001975,68.53939252352788,2.0,4.0,,0.0
T001976,75.20609139949254,2.0,1.0,,0.0
T001977,148.6028482869861,3.0,0.0,8.251565925253452,0.0
T001978,103.77881863350188,,4.0,1.6167690900953693,0.0
T001979,61.3670277364588,2.0,7.0,23.75855471150051,0.0
T001980,37.423028790477794,3.0,3.0,3.2807903946387307,0.0
T001981,45.39292032856335,2.0,,,0.0
T001982,34.03764027006163,2.0,13.0,,0.0
T001983,73.63054691801901,2.0,4.0,1.2971718137864643,1.0
T001984,91.49076887375358,2.0,3.0,0.1889154087808742,0.0
T001985,47.517225054502944,1.0,11.0,3.996120432692618,0.0
T001986,155.8340637533761,2.0,2.0,3.3389449419294226,0.0
T001987,124.30923957809696,2.0,5.0,6.84459922666482,0.0
T001988,160.00394782134305,2.0,3.0,,0.0
T001989,74.33932167642074,2.0,4.0,9.23173789126662,0.0
T001990,159.351515278019,1.0,0.0,3.9755882470248376,0.0
T001991,150.09124268409687,2.0,6.0,7.67729665250164,0.0
T001992,73.82120057967086,3.0,2.0,48.87550882745565,1.0
T001993,53.02683790070087,2.0,9.0,11.997673455077214,0.0
T001994,186.3771585050356,1.0,0.0,93.08901796311446,0.0
T001995,137.09111471950632,2.0,8.0,71.3543675716655,0.0
T001996,160.92401074358432,3.0,15.0,,0.0
T001997,1.0,3.0,2.0,,0.0
T001998,202.103482646394,2.0,4.0,22.101419345468155,0.0
T001999,130.85029747883488,3.0,6.0,32.81635659943161,0.0
T002000,177.55759877612616,2.0,6.0,16.146323366268284,0.0
T002001,80.50381467202773,3.0,1.0,28.34365378053493,0.0
T002002,77.26026413111535,3.0,4.0,35.87506404391894,0.0
T002003,146.28361047513607,3.0,,37.87986998450807,0.0
T002004,109.97119929933837,3.0,8.0,19.78612804332036,0.0
T002005,160.06069610819725,3.0,4.0,0.0679081952146516,0.0
T002006,253.94404042276187,1.0,2.0,,0.0
T002007,187.36815989577792,3.0,6.0,45.48677436513016,0.0
T002008,151.43844957117403,3.0,7.0,44.74740796893698,0.0
T002009,127.1649014518194,3.0,0.0,,0.0
T002010,90.7356170561146,1.0,5.0,24.939873692512705,0.0
T002011,19.62583827193862,1.0,1.0,15.07067010519402,1.0
T002012,,2.0,7.0,,0.0
T002013,123.1241812033427,2.0,2.0,12.189306512167596,0.0
T002014,101.12329464060232,2.0,4.0,27.536288459889,0.0
T002015,154.86500937718543,2.0,3.0,4.867596832877038,0.0
T002016,105.21779687616063,3.0,4.0,29.421006734207367,1.0
T002017,166.28983237710952,3.0,17.0,1.0663233024738104,0.0
T002018,88.1722356390527,3.0,,38.05980998607534,0.0
T002019,193.8397906279033,2.0,9.0,2.604803877927784,1.0
T002020,5.319266652310716,1.0,8.0,6.823455976599766,0.0
T002021,20.35031332341653,3.0,0.0,47.16351565818613,0.0
T002022,139.8350963535371,3.0,0.0,54.19528010011555,0.0
T002023,17.840559442291635,3.0,0.0,33.17011680051354,0.0
T002024,175.55774651236737,3.0,2.0,33.3036194209889,0.0
T002025,58.05536629871318,1.0,4.0,8.823619025690196,1.0
T002026,93.1275742686154,3.0,5.0,11.687186325426678,0.0
T002027,90.4830660958196,3.0,,53.12649955981854,0.0
T002028,69.13734067265383,3.0,0.0,19.202025269748084,0.0
T002029,158.1419288767493,3.0,2.0,16.216089928053965,0.0
T002030,57.455795548055065,3.0,,18.27356971807897,0.0
T002031,1.0,2.0,12.0,9.811358235284974,0.0
T002032,,2.0,1.0,2.037257630335797,0.0
T002033,23.374086158516818,3.0,2.0,34.372883364493234,0.0
T002034,14.491580367168725,3.0,1.0,41.67977290946244,0.0
T002035,113.82907527955244,1.0,1.0,,0.0
T002036,121.8161834837016,2.0,1.0,2.7715591234197503,0.0
T002037,149.86327838294363,1.0,0.0,,0.0
T002038,,1.0,2.0,47.52112371336975,0.0
T002039,84.89097065086892,3.0,6.0,,0.0
T002040,203.0751788318199,3.0,1.0,8.563526172090393,0.0
T002041,224.8707563209927,2.0,10.0,14.140836713244855,0.0
T002042,161.05168477626765,3.0,3.0,44.38723086010501,
T002043,179.0270343284187,2.0,10.0,2.159602387867627,0.0
T002044,167.55364462065697,3.0,2.0,3.687333101481618,0.0
T002045,83.68831477793202,,,7.207125189085257,0.0
T002046,112.2519332157703,1.0,0.0,4.713763498579998,0.0
T002047,134.8951636269514,1.0,2.0,11.155776798427926,0.0
T002048,141.46618862914312,2.0,8.0,74.18222684972034,0.0
T002049,125.25105441368834,3.0,9.0,21.14777360160573,0.0
T002050,138.57008974518834,2.0,1.0,4.1590468729729535,0.0
T002051,204.2356460615508,2.0,3.0,48.695560238619336,0.0
T002052,112.87751953613822,3.0,1.0,21.678187274841896,0.0
T002053,125.56012997624904,3.0,,8.827048976303569,0.0
T002054,161.0647472842574,2.0,14.0,8.668054767331707,0.0
T002055,9.900978120999014,,0.0,12.029117377661056,0.0
T002056,155.98438892766904,2.0,,11.44583953048738,1.0
T002057,91.48708766020472,2.0,1.0,23.600711325293585,0.0
T002058,129.30829001963917,2.0,0.0,2.616019331351367,1.0
T002059,109.73680973593876,3.0,3.0,9.336703274140577,0.0
T002060,58.72514016037442,2.0,5.0,128.6046977925884,0.0
T002061,58.823251468707525,2.0,2.0,,1.0
T002062,131.33068186315353,3.0,0.0,27.094071237753337,0.0
T002063,74.79100844961643,3.0,5.0,2.7603420067970186,0.0
T002064,84.57586057720901,3.0,1.0,,0.0
T002065,108.5432719063971,3.0,1.0,10.255565730181678,0.0
T002066,64.84117874370563,3.0,7.0,5.813743600408512,0.0
T002067,165.58467246363307,1.0,14.0,2.567307028031565,0.0
T002068,139.65878441093386,2.0,6.0,19.351685266003656,0.0
T002069,70.4214305582085,2.0,1.0,,0.0
T002070,117.49618576246962,1.0,,7.791382645332656,0.0
T002071,96.00457736687252,3.0,2.0,57.07727593981075,0.0
T002072,84.6095764430558,2.0,6.0,3.5470046464895257,
T002073,101.61981068417892,3.0,0.0,27.894471049709967,0.0
T002074,,2.0,10.0,50.37468855645424,0.0
T002075,106.95143434765627,3.0,2.0,0.7892123844060602,
T002076,105.75130395737084,2.0,,8.591858764554107,0.0
T002077,141.5095905931305,2.0,3.0,1.1387261847289167,
T002078,90.21507344265493,1.0,0.0,1.1871546514534912,0.0
T002079,,2.0,18.0,82.98746909820285,0.0
T002080,84.81369856116677,3.0,1.0,16.584514625189115,0.0
T002081,185.36649047796115,2.0,1.0,27.55391342624544,0.0
T002082,176.90182832329845,3.0,0.0,3.475943901719516,0.0
T002083,30.94776984231126,3.0,7.0,38.23193535990457,0.0
T002084,40.90090019658905,1.0,2.0,10.78068814656386,0.0
T002085,127.91634562608613,3.0,3.0,6.002149820579756,0.0
T002086,50.03488838525446,1.0,11.0,25.852059566602318,0.0
T002087,,3.0,9.0,39.83979197115728,0.0
T002088,114.5448528795003,2.0,2.0,13.900585653030364,0.0
T002089,160.90973558771282,2.0,17.0,27.95509306217287,0.0
T002090,105.7912293613473,2.0,2.0,0.8505312345363596,0.0
T002091,1.0,3.0,4.0,1.2886199872935034,0.0
T002092,196.94644995291424,1.0,2.0,15.460028292946015,0.0
T002093,95.96417099457088,3.0,3.0,29.516471186783537,0.0
T002094,51.59771207448773,2.0,0.0,10.297405769912784,0.0
T002095,117.57399501761007,2.0,3.0,10.113117816325644,0.0
T002096,141.6801602418674,2.0,4.0,14.6704074644351,0.0
T002097,124.23664086472374,2.0,,1.8912384477111597,0.0
T002098,114.9823843918674,1.0,9.0,34.44391330251636,0.0
T002099,180.7791411774116,1.0,1.0,27.087124442564114,0.0
T002100,112.56583241190512,2.0,3.0,9.892582206488791,0.0
T002101,144.15548885735797,2.0,2.0,53.6755723218985,0.0
T002102,20.80485882571384,2.0,10.0,23.732471497455265,0.0
T002103,31.416315138476705,,5.0,13.034872080834244,0.0
T002104,84.06258423769334,2.0,1.0,,0.0
T002105,151.06916477146993,2.0,1.0,4.28076045336601,0.0
T002106,68.1130007874342,3.0,0.0,29.138468699610865,0.0
T002107,,3.0,1.0,102.53478287850484,0.0
T002108,127.79707258229212,3.0,9.0,37.02223707057507,0.0
T002109,65.71625412049349,3.0,,,0.0
T002110,100.9808328846995,2.0,2.0,9.964808863372074,0.0
T002111,152.85611131094578,2.0,2.0,13.142604236953648,0.0
T002112,130.15473424744167,2.0,1.0,38.24015016884956,0.0
T002113,41.49434869703202,2.0,3.0,13.954492262554794,0.0
T002114,154.80349537386994,1.0,,5.656191597704733,0.0
T002115,118.3299123048424,3.0,0.0,23.793797680924087,0.0
T002116,158.09391513040953,3.0,0.0,19.934868096858256,0.0
T002117,,2.0,1.0,7.859260443284401,0.0
T002118,163.61767500533838,3.0,,1.0516501189580607,0.0
T002119,100.80126411475804,3.0,0.0,3.5769939616527413,0.0
T002120,1.0,2.0,,6.301809163938153,0.0
T002121,164.5379212061214,2.0,16.0,6.47243474822812,0.0
T002122,,2.0,1.0,,1.0
T002123,104.09146792737825,2.0,19.0,2.538672981655972,0.0
T002124,80.37644469695636,3.0,3.0,17.76652806998939,0.0
T002125,41.388312328168,3.0,0.0,19.94058381646241,0.0
T002126,,2.0,5.0,22.32313074143276,0.0
T002127,67.13137230026378,2.0,0.0,94.03359341916789,0.0
T002128,139.6909233571908,2.0,0.0,11.539995544597874,0.0
T002129,143.5033865344377,1.0,0.0,24.208293386852155,0.0
T002130,63.64314120875657,2.0,3.0,7.816025139439667,0.0
T002131,209.8323027489477,2.0,1.0,14.301655306888,0.0
T002132,106.93225918550422,2.0,5.0,22.957916960522773,0.0
T002133,79.19027975573731,2.0,0.0,,0.0
T002134,164.9993686131067,3.0,5.0,7.084290984919262,0.0
T002135,,3.0,2.0,19.205006495855358,0.0
T002136,125.0071516556942,3.0,5.0,10.343655823091629,0.0
T002137,188.7655446304756,2.0,28.0,17.731087239492183,0.0
T002138,132.26077929750284,1.0,3.0,1.5436993222878004,0.0
T002139,113.39218189331666,3.0,11.0,16.083182618328205,1.0
T002140,108.7768114789299,2.0,0.0,17.626262470826624,0.0
T002141,79.91024865291831,3.0,25.0,36.22715714110362,0.0
T002142,28.88731452011629,2.0,0.0,5.314801691748849,0.0
T002143,116.0645735378694,2.0,0.0,89.1347039003795,0.0
T002144,,3.0,1.0,4.160627322671309,1.0
T002145,69.91466938853016,2.0,21.0,68.78275538622924,0.0
T002146,59.70649667519056,2.0,0.0,68.33297552283433,0.0
T002147,50.94172344301592,3.0,3.0,7.941383998561544,0.0
T002148,24.054458745496603,2.0,1.0,21.76666322540366,0.0
T002149,176.1619310856129,2.0,4.0,8.543673335417292,0.0
T002150,120.64994560688989,2.0,3.0,16.4760820992302,0.0
T002151,51.25967120385791,3.0,9.0,72.58644522520486,0.0
T002152,88.87625516108673,2.0,0.0,3.808627767824636,0.0
T002153,141.15852919809572,1.0,2.0,5.645621076151821,0.0
T002154,,,6.0,5.494290269794392,0.0
T002155,,2.0,10.0,19.134588511979032,0.0
T002156,203.8373991780421,3.0,6.0,78.04768974203195,0.0
T002157,,2.0,0.0,43.7824148318248,0.0
T002158,160.02658292369364,2.0,5.0,0.9249373016605088,1.0
T002159,163.92259313036493,2.0,2.0,14.924000270770083,0.0
T002160,85.97489732941914,2.0,2.0,4.764732065981658,0.0
T002161,96.27770421169164,2.0,7.0,,0.0
T002162,107.3649000194542,2.0,1.0,38.45068444838764,1.0
T002163,124.95479080688747,2.0,6.0,36.70635594961048,0.0
T002164,62.06173710323125,2.0,3.0,48.17173083743624,0.0
T002165,55.22860195374791,2.0,0.0,6.8922471736141935,0.0
T002166,50.99688490796929,1.0,,31.286468487320867,0.0
T002167,127.64526142997408,2.0,2.0,49.12625729576041,
T002168,97.75534849387316,1.0,3.0,61.33506017264977,0.0
T002169,111.66080656317509,,3.0,72.36186575553741,0.0
T002170,51.07058050056728,2.0,24.0,70.435282334962,0.0
T002171,119.00989255029816,3.0,0.0,0.4195388142353174,0.0
T002172,41.16775280499735,2.0,16.0,0.4354811715099428,0.0
T002173,46.23438034753811,2.0,12.0,26.901858292215973,0.0
T002174,92.45811442166524,2.0,0.0,62.324607926278894,0.0
T002175,137.8244177158049,2.0,5.0,4.756439087952838,0.0
T002176,122.09703247847044,2.0,1.0,3.717715324326893,0.0
T002177,136.63200386077895,1.0,5.0,21.23104384861785,0.0
T002178,15.574740596574998,,0.0,23.75462918659252,0.0
T002179,64.14090496387644,3.0,10.0,,0.0
T002180,59.99807178011768,2.0,2.0,9.615623700414917,0.0
T002181,153.0071909335635,2.0,11.0,5.077765359449892,0.0
T002182,,2.0,,5.441639700469815,0.0
T002183,122.54813173882384,1.0,19.0,33.52180711874308,0.0
T002184,116.92419217308456,2.0,4.0,7.754290869997478,0.0
T002185,106.79297120408285,2.0,0.0,78.8837737936625,0.0
T002186,73.02043896314342,2.0,3.0,5.360513639851016,0.0
T002187,,3.0,1.0,25.871776814921365,0.0
T002188,72.47240341457561,2.0,5.0,2.956100642320486,0.0
T002189,138.31214875202548,2.0,1.0,2.1009429434874987,0.0
T002190,159.1746833444964,2.0,11.0,0.0429443070681897,0.0
T002191,135.793637234548,2.0,8.0,17.66164324037055,0.0
T002192,,3.0,5.0,4.313880923275234,0.0
T002193,164.8031530890698,1.0,2.0,9.765932333773174,1.0
T002194,,3.0,0.0,38.403351088789215,0.0
T002195,28.187306753594115,1.0,0.0,27.150641939439357,0.0
T002196,102.44300351628522,2.0,1.0,20.449423148605007,0.0
T002197,,2.0,1.0,110.35053444341256,1.0
T002198,111.449819622967,3.0,0.0,18.549992938688167,0.0
T002199,1.0,3.0,0.0,31.86541957114166,0.0
T002200,54.46774564087551,3.0,5.0,90.8214020782853,0.0
T002201,111.60473189642686,2.0,5.0,35.31688494121927,0.0
T002202,102.1801223186227,2.0,6.0,7.603757236192922,0.0
T002203,85.91076955697464,3.0,11.0,23.124065471087853,0.0
T002204,,1.0,2.0,0.91045095691792,
T002205,49.01678306539422,2.0,0.0,2.1457875585510418,0.0
T002206,93.7106539950176,2.0,2.0,17.979220094154808,0.0
T002207,93.3915322177814,1.0,2.0,15.93072747478527,0.0
T002208,23.840654760811265,2.0,0.0,27.66700396170696,0.0
T002209,65.35452023696729,3.0,9.0,3.156816617973563,0.0
T002210,124.70150931413694,2.0,3.0,25.201232960262757,0.0
T002211,27.5704292683228,1.0,0.0,29.554642665743582,0.0
T002212,163.97593348800794,2.0,15.0,29.16196466829321,0.0
T002213,113.29391148260244,3.0,8.0,54.34596325852837,0.0
T002214,192.3318498023833,3.0,4.0,76.25244528650609,1.0
T002215,137.3490420052355,1.0,,2.689935399215816,0.0
T002216,,1.0,,67.20739647102538,0.0
T002217,112.0981135783017,2.0,0.0,38.43246180734566,0.0
T002218,97.11906014832071,3.0,,41.80520816831444,0.0
T002219,8.961986109899186,3.0,5.0,,0.0
T002220,107.24439165484456,2.0,3.0,13.572606117398657,0.0
T002221,117.62524841784398,3.0,1.0,50.4433940590329,0.0
T002222,111.15765273738484,3.0,4.0,0.0539811842573781,0.0
T002223,90.6514348507277,2.0,,0.04488702460013,0.0
T002224,82.09602769103405,3.0,9.0,32.4062827252291,0.0
T002225,,2.0,3.0,23.85906846390673,
T002226,144.0032981478671,3.0,12.0,56.3339336120682,0.0
T002227,62.67108267298806,2.0,0.0,15.280928355151271,0.0
T002228,1.7222054261747388,3.0,0.0,27.93167224480249,0.0
T002229,192.8323718280977,2.0,2.0,1.552562497418163,0.0
T002230,44.67370456291648,1.0,2.0,19.967806838229844,0.0
T002231,111.97022502676886,1.0,5.0,25.08145334219185,0.0
T002232,46.96974668016996,2.0,7.0,47.145709827872096,0.0
T002233,102.91851454089478,3.0,10.0,0.1841077188961592,0.0
T002234,91.23527350479937,2.0,0.0,9.849080623860576,0.0
T002235,91.35771625929443,3.0,3.0,,0.0
T002236,61.37156256218796,2.0,0.0,9.82430376406342,0.0
T002237,147.4797285682244,2.0,1.0,,0.0
T002238,185.2051039029559,2.0,0.0,10.435619986124635,0.0
T002239,112.51001031258473,2.0,4.0,15.094470720610714,0.0
T002240,170.82058958501463,2.0,10.0,57.10441908307556,0.0
T002241,100.9209189594776,3.0,7.0,26.00265382142345,0.0
T002242,161.9141535716818,1.0,9.0,16.148802113313778,1.0
T002243,32.472201782850846,3.0,5.0,63.28703483271312,
T002244,157.63240516308463,3.0,1.0,44.46993487535074,0.0
T002245,111.91844913673926,2.0,1.0,6.2583570993347495,0.0
T002246,96.21671978370848,2.0,,61.84818212063903,1.0
T002247,122.5306524715694,3.0,6.0,43.252307298231976,0.0
T002248,129.41586032422882,2.0,1.0,26.14751378653817,0.0
T002249,147.51537959867878,2.0,0.0,5.0737915467314885,0.0
T002250,111.16354179601304,3.0,0.0,12.609744060050724,0.0
T002251,111.07792368121054,1.0,16.0,15.793034698125329,0.0
T002252,101.19515216424776,3.0,4.0,28.893084342641405,0.0
T002253,83.66518934068179,3.0,,,0.0
T002254,100.64143217718426,1.0,1.0,,0.0
T002255,112.15023610272,,21.0,,0.0
T002256,200.763755523032,2.0,2.0,46.66444336968417,0.0
T002257,41.04801044200988,1.0,4.0,5.613933677435519,0.0
T002258,185.7953815566347,3.0,8.0,,0.0
T002259,80.59115907293857,3.0,2.0,6.849142691361018,0.0
T002260,126.03780601793557,1.0,4.0,37.428020471767006,0.0
T002261,122.08312820930304,2.0,3.0,1.776479743242346,0.0
T002262,103.9786767471083,,3.0,68.17366247326181,0.0
T002263,137.828233745657,2.0,4.0,18.561005535824265,0.0
T002264,,2.0,1.0,28.83340318155921,0.0
T002265,58.15098227802065,2.0,1.0,,0.0
T002266,1.0,3.0,8.0,11.080393754124769,0.0
T002267,193.37310020806757,2.0,7.0,0.6460560791887798,0.0
T002268,153.6489023883006,2.0,5.0,13.571324431184,
T002269,41.04458928185759,2.0,0.0,39.97411385391108,0.0
T002270,136.84219485462165,1.0,5.0,48.80527805084601,0.0
T002271,54.09904691805176,3.0,8.0,17.963605196998024,0.0
T002272,32.52118942242339,2.0,0.0,5.657789722755457,0.0
T002273,114.82884692651524,2.0,0.0,8.291803345972712,0.0
T002274,,3.0,2.0,8.98110990510006,0.0
T002275,,2.0,0.0,8.598460164895801,0.0
T002276,31.509851021046103,3.0,4.0,5.121481517031761,0.0
T002277,121.58158148187988,3.0,20.0,31.235178388058404,0.0
T002278,64.74940721207956,,15.0,8.864877668019414,0.0
T002279,37.38032777934405,3.0,1.0,26.63625485133718,0.0
T002280,163.09607503569958,3.0,2.0,33.57519081586338,0.0
T002281,39.49197485095575,2.0,1.0,12.45041313615904,0.0
T002282,223.1621056242643,2.0,5.0,39.038209056168505,0.0
T002283,20.969802959541557,2.0,4.0,,0.0
T002284,113.21273818036696,3.0,0.0,,0.0
T002285,156.36750446777427,2.0,5.0,18.550851750398834,0.0
T002286,56.8004615160092,2.0,2.0,9.001438000634675,0.0
T002287,144.9255852275782,2.0,13.0,49.25974942479147,0.0
T002288,75.96760292558793,3.0,6.0,44.936723219105154,0.0
T002289,98.72529357074002,2.0,11.0,13.392801516502844,0.0
T002290,158.58589573580798,1.0,1.0,6.918730795760044,0.0
T002291,,2.0,8.0,31.644408096784748,0.0
T002292,240.7327222236277,3.0,0.0,42.57640013238212,0.0
T002293,115.54537827990023,,1.0,13.545783260947127,0.0
T002294,48.00967344865579,2.0,3.0,,0.0
T002295,126.07246995297643,2.0,10.0,16.491902784169618,0.0
T002296,28.20452380657362,3.0,0.0,13.429022779371232,0.0
T002297,107.52094525717882,3.0,,0.297589880345463,0.0
T002298,56.20787967524449,,7.0,27.066240928627654,0.0
T002299,140.64310594194802,3.0,3.0,1.9073925929422235,0.0
T002300,127.70288855579535,,12.0,45.96125764397699,0.0
T002301,51.36177416199995,2.0,1.0,12.399213544739204,0.0
T002302,138.19301758167114,2.0,2.0,31.87362357080381,
T002303,74.112127638889,3.0,0.0,45.377959976455,0.0
T002304,194.93674906776192,2.0,0.0,47.42283494015525,0.0
T002305,21.60058672198663,2.0,9.0,3.116095344215177,0.0
T002306,133.97988744673378,3.0,12.0,2.7098677570711662,1.0
T002307,85.79224510356013,3.0,2.0,28.88781598953279,0.0
T002308,204.65989661049724,2.0,1.0,32.432298774323066,0.0
T002309,29.44715844669591,3.0,2.0,39.44884219992535,0.0
T002310,45.57943821635772,1.0,0.0,28.07963087174335,0.0
T002311,193.5537241154057,2.0,0.0,,0.0
T002312,156.27173922073848,3.0,0.0,27.260048576610284,0.0
T002313,135.1571271110002,,0.0,31.45032715926933,0.0
T002314,81.47459507049855,3.0,1.0,103.93464228939207,0.0
T002315,32.59764440299165,2.0,12.0,17.276273678680333,0.0
T002316,135.92087117358204,1.0,9.0,65.94976530090908,0.0
T002317,90.97600432046872,3.0,0.0,7.286226631894797,0.0
T002318,37.76726483442915,3.0,18.0,,0.0
T002319,137.2680362038938,3.0,10.0,81.89107849712872,0.0
T002320,102.59729429036496,2.0,0.0,7.374920692081465,0.0
T002321,26.07265315006005,2.0,2.0,,0.0
T002322,127.55085301131496,2.0,6.0,13.572998568170632,0.0
T002323,57.32522599693292,2.0,3.0,2.808017125842555,0.0
T002324,152.69010260174514,1.0,2.0,2.362355363162667,0.0
T002325,42.28186658835078,1.0,2.0,10.0007352643242,0.0
T002326,63.1614932026189,1.0,10.0,,0.0
T002327,50.082297963060455,3.0,3.0,89.00809256886664,0.0
T002328,141.02767514439483,2.0,2.0,22.963271605510226,0.0
T002329,72.12541074960832,1.0,6.0,47.56297683799212,
T002330,127.67847655338966,3.0,1.0,15.382067288543718,0.0
T002331,87.38232489368562,2.0,5.0,25.9327400236772,0.0
T002332,,3.0,1.0,,0.0
T002333,96.86802113363824,2.0,6.0,2.115428670385652,0.0
T002334,118.28799930464578,3.0,0.0,40.4727007263889,0.0
T002335,144.60337998658602,3.0,0.0,7.377107451745533,1.0
T002336,25.127666569712574,1.0,7.0,3.5125134134643314,0.0
T002337,113.8679230982338,2.0,5.0,,0.0
T002338,96.5183273349946,,0.0,27.049419194436165,0.0
T002339,87.25265147982053,2.0,11.0,20.494613905891782,0.0
T002340,43.87275968777931,3.0,27.0,30.1473092713061,0.0
T002341,133.43274023789533,3.0,4.0,,1.0
T002342,98.79374564449984,3.0,3.0,30.17644728650516,0.0
T002343,121.48091095662927,2.0,5.0,10.256886928649486,0.0
T002344,95.40216086978673,2.0,5.0,25.3173576524652,0.0
T002345,125.22416281915083,2.0,1.0,18.70279616860725,0.0
T002346,109.16799598895778,2.0,7.0,30.58508704017689,0.0
T002347,107.47280448316548,2.0,0.0,52.62001228596485,0.0
T002348,56.86121179784397,3.0,1.0,30.717798125690564,0.0
T002349,123.67037078562332,1.0,0.0,47.7159943908182,
T002350,64.51055038832325,2.0,3.0,32.287064524113205,0.0
T002351,38.02059937374859,3.0,7.0,100.64547350394632,0.0
T002352,63.66290475589904,1.0,2.0,,1.0
T002353,38.37843804179999,1.0,13.0,16.81894903866492,0.0
T002354,74.45054149021365,3.0,2.0,20.73531185667756,0.0
T002355,161.3517298524436,2.0,17.0,16.031990332707306,0.0
T002356,136.9826575862336,1.0,7.0,30.253233550475738,0.0
T002357,111.28807615558772,2.0,11.0,16.651189332745258,0.0
T002358,1.0,2.0,1.0,,0.0
T002359,29.68412681640831,1.0,3.0,15.49385114814184,0.0
T002360,121.4093123905288,2.0,24.0,21.774765228584325,0.0
T002361,76.88623556474788,3.0,0.0,25.91231335395375,0.0
T002362,123.5707778193202,1.0,0.0,15.079139726268895,0.0
T002363,187.5462970963572,2.0,1.0,22.817353488756304,1.0
T002364,87.86593615939833,3.0,12.0,,1.0
T002365,123.00211619302333,2.0,9.0,39.28862641572832,0.0
T002366,104.09370696931612,2.0,1.0,54.609542902605256,0.0
T002367,44.83166969130632,2.0,1.0,36.83025871398059,1.0
T002368,131.63909330531425,3.0,2.0,16.053538183188156,0.0
T002369,84.94481522053556,3.0,0.0,1.2885775293024215,
T002370,59.81627160151346,2.0,2.0,22.50795992843057,0.0
T002371,44.25889063237929,3.0,9.0,6.540951598635929,0.0
T002372,41.59110860748999,1.0,0.0,4.851591935391025,0.0
T002373,78.18070547367157,2.0,1.0,17.531244189760525,0.0
T002374,96.0884670470741,,15.0,14.113722766091948,0.0
T002375,61.90876641705757,2.0,2.0,3.224530798782544,1.0
T002376,115.97623353914776,2.0,0.0,2.4855365793990467,0.0
T002377,129.55680589619664,3.0,2.0,16.293634003936994,0.0
T002378,123.85204136115608,2.0,2.0,0.9026734411726968,0.0
T002379,,3.0,1.0,3.107260299644975,0.0
T002380,68.53683031536056,3.0,2.0,0.385954991357843,1.0
T002381,77.33859753363625,2.0,29.0,5.808394520057405,0.0
T002382,,2.0,1.0,52.56415488510788,0.0
T002383,12.86140130594795,2.0,0.0,,0.0
T002384,172.36528496959033,3.0,3.0,4.826935480517605,0.0
T002385,107.33568432166614,2.0,3.0,,0.0
T002386,152.41999439067706,2.0,,50.85261772847655,0.0
T002387,95.22678764554637,3.0,5.0,48.33511761969071,1.0
T002388,149.68911072652196,3.0,15.0,7.048577093228864,0.0
T002389,89.09770523038131,3.0,5.0,24.128000123907537,0.0
T002390,176.6436677818156,2.0,0.0,10.222306230265122,0.0
T002391,90.26513519416592,2.0,5.0,50.26140927681892,0.0
T002392,83.37103100750625,3.0,8.0,,0.0
T002393,53.1746812605202,1.0,12.0,3.3747139251614238,1.0
T002394,97.34396734912274,2.0,1.0,13.815107081428216,0.0
T002395,73.06195813269521,2.0,8.0,1.422238523278039,0.0
T002396,165.5154373059804,2.0,2.0,,0.0
T002397,92.20509110316662,3.0,1.0,55.62307048799671,0.0
T002398,127.57426880202335,2.0,0.0,68.61599193398098,0.0
T002399,50.32052422029819,3.0,3.0,17.848319884222335,0.0
T002400,124.30181447088184,1.0,17.0,,1.0
T002401,143.11967361913793,2.0,5.0,31.588483557899604,0.0
T002402,16.923996886552004,3.0,2.0,15.633095075665878,0.0
T002403,152.4241325525296,2.0,,20.644414211481514,0.0
T002404,190.9030961278912,3.0,4.0,46.01664556697463,0.0
T002405,31.376722605794956,2.0,6.0,4.336895571267503,0.0
T002406,93.8645533202138,2.0,2.0,2.7916071211024853,0.0
T002407,157.0074519260633,3.0,5.0,22.321768871291155,
T002408,51.0813611192484,2.0,9.0,10.54801570480704,
T002409,66.98394302632764,2.0,7.0,,0.0
T002410,104.22333931949736,2.0,1.0,37.00240763890375,0.0
T002411,1.494809114408227,3.0,2.0,28.845250943808665,
T002412,29.23664040379063,3.0,4.0,18.899690188592206,1.0
T002413,158.67211383162226,2.0,3.0,43.23714982266132,0.0
T002414,39.51794906543973,2.0,13.0,2.381836467992061,0.0
T002415,40.52940535663361,2.0,14.0,57.1522559885744,0.0
T002416,2.419854355855662,,2.0,36.99806649586943,1.0
T002417,38.855249022221805,2.0,5.0,0.7032089483593337,0.0
T002418,160.32544832541782,1.0,,4.124984905481675,0.0
T002419,152.92122434247938,2.0,2.0,1.4361635026865078,0.0
T002420,112.06201242033646,1.0,,13.001641827897489,0.0
T002421,105.5564687648256,3.0,5.0,,0.0
T002422,74.99010914520021,3.0,4.0,0.9309005986982674,0.0
T002423,165.90985336170127,1.0,6.0,,0.0
T002424,131.6888440466049,1.0,5.0,5.435391404145565,0.0
T002425,103.830453522583,3.0,,36.99784759524047,0.0
T002426,139.16793552620155,2.0,5.0,9.6299989164995,0.0
T002427,112.14410065751376,2.0,3.0,32.11861940212566,0.0
T002428,12.381145242950168,1.0,9.0,39.78060826953594,0.0
T002429,154.0992404624971,1.0,8.0,50.14121388272766,0.0
T002430,,2.0,5.0,13.869055975047512,0.0
T002431,104.43287954807188,1.0,2.0,28.25816466176258,0.0
T002432,73.55266186376505,2.0,1.0,15.701399575725588,0.0
T002433,151.93030346044085,3.0,6.0,82.22959667045583,0.0
T002434,92.40163088419806,2.0,0.0,23.058388359496547,0.0
T002435,115.95872552095902,2.0,2.0,1.8191476376123183,0.0
T002436,180.37891531997556,2.0,15.0,,0.0
T002437,1.0,2.0,1.0,34.79827758885335,0.0
T002438,112.9861250860741,2.0,3.0,28.150102697002357,0.0
T002439,128.61951555878375,,10.0,39.666758289194654,0.0
T002440,110.7046872065102,2.0,12.0,74.5199377293584,0.0
T002441,157.21465342799695,3.0,0.0,17.625583861722575,0.0
T002442,115.13177326195166,2.0,1.0,57.22656107725167,0.0
T002443,185.1586304959019,2.0,3.0,32.06955104341341,0.0
T002444,115.659223693249,3.0,6.0,7.329435703139935,0.0
T002445,49.2620253407074,2.0,1.0,,0.0
T002446,98.9549203017926,3.0,2.0,43.77473418554467,1.0
T002447,101.13154263384344,3.0,5.0,8.989277190493388,0.0
T002448,99.69645442300532,,2.0,36.55412669620453,0.0
T002449,118.0697802754207,,,6.330312683213364,0.0
T002450,150.5731517704178,2.0,8.0,2.4012200047164565,0.0
T002451,,3.0,1.0,29.66908791991552,0.0
T002452,90.63354907968126,2.0,2.0,19.88870657592578,0.0
T002453,54.06740267579009,3.0,2.0,,0.0
T002454,99.14969627580844,1.0,2.0,13.2434556959331,1.0
T002455,137.66708105522662,2.0,9.0,13.704829515375089,0.0
T002456,95.4146987927437,1.0,3.0,0.9660441470151802,0.0
T002457,,2.0,3.0,10.798962140098102,0.0
T002458,64.89734530613238,,0.0,0.2016232570739822,0.0
T002459,45.40330498023435,2.0,0.0,16.177029543104172,0.0
T002460,107.049134980603,2.0,2.0,7.90199845258655,0.0
T002461,37.91197122591878,1.0,9.0,23.8081150569532,0.0
T002462,111.02917688686804,2.0,,6.151381558181719,0.0
T002463,73.7775931868674,3.0,13.0,24.55788239517812,0.0
T002464,116.2170105007434,3.0,5.0,13.297856771173825,0.0
T002465,28.366435513017365,1.0,2.0,34.181399434659646,0.0
T002466,146.23168414563844,1.0,4.0,37.49714042718452,
T002467,144.68488446945554,2.0,0.0,81.22196439132252,0.0
T002468,173.11273020173644,2.0,2.0,5.970261203250381,1.0
T002469,33.697615695898094,1.0,1.0,1.366628141358814,0.0
T002470,49.82805482502483,3.0,6.0,11.690638697700596,0.0
T002471,114.54823650687214,3.0,14.0,28.90205499240092,0.0
T002472,104.29465031466653,1.0,6.0,41.02849248519026,1.0
T002473,116.15838570923908,2.0,0.0,60.412048166519874,0.0
T002474,140.93888218774305,1.0,1.0,19.85341591940766,1.0
T002475,121.54312095075188,2.0,2.0,30.09521815118614,0.0
T002476,43.76789540810654,1.0,16.0,48.8922384776025,0.0
T002477,129.5372167755163,3.0,,0.4770574357840269,0.0
T002478,123.04124327019326,2.0,1.0,42.01262107635203,0.0
T002479,36.52673669935936,3.0,0.0,8.487484440146673,0.0
T002480,,3.0,1.0,,0.0
T002481,90.87155128102296,2.0,1.0,8.039153820666806,0.0
T002482,181.1628345264027,2.0,3.0,82.45898713688536,1.0
T002483,115.0553669595871,3.0,19.0,23.56634952360081,1.0
T002484,28.07944166027204,2.0,9.0,8.185243767732771,0.0
T002485,99.54088233074306,2.0,2.0,,0.0
T002486,40.51666704548194,,3.0,21.094898812857213,0.0
T002487,78.655946502629,1.0,0.0,30.261740013005188,0.0
T002488,56.21908733076214,2.0,6.0,0.924316186991875,0.0
T002489,38.11687888363511,3.0,2.0,4.644708926040446,0.0
T002490,,3.0,8.0,39.12053054234439,0.0
T002491,103.6658983594202,3.0,1.0,,0.0
T002492,115.39008844460297,3.0,3.0,26.731595406037112,0.0
T002493,114.04959338675164,1.0,4.0,15.297105452511753,0.0
T002494,109.2418061847437,2.0,18.0,0.5631096274103492,0.0
T002495,87.25221032231511,2.0,0.0,,0.0
T002496,,2.0,5.0,37.37535951706596,0.0
T002497,123.77942179642912,2.0,6.0,56.68304425677269,0.0
T002498,61.69395846946645,2.0,7.0,30.95076827863823,1.0
T002499,134.10347450313157,3.0,1.0,4.819989308192728,1.0
T002500,86.50625323533144,2.0,9.0,17.42415234693764,0.0
T002501,141.10330390162636,1.0,0.0,12.572234038741737,0.0
T002502,76.61493993440543,2.0,1.0,23.096539256661973,0.0
T002503,113.45634706225536,2.0,1.0,35.32173869824922,0.0
T002504,149.28649978399315,2.0,3.0,9.528151427466844,0.0
T002505,,2.0,0.0,0.4918956107646837,0.0
T002506,117.53150496367796,3.0,2.0,15.401952127706334,0.0
T002507,101.88482865619616,2.0,14.0,10.61356249899011,1.0
T002508,104.06392110280994,2.0,1.0,20.71375332137294,0.0
T002509,142.4087106333334,2.0,4.0,14.170290102112409,0.0
T002510,25.04920197707993,2.0,9.0,21.00735896745228,0.0
T002511,145.7701058851037,3.0,0.0,,0.0
T002512,126.72528242402753,2.0,0.0,73.67167920515041,0.0
T002513,69.58246176603312,1.0,8.0,,0.0
T002514,,2.0,2.0,26.724796971433328,0.0
T002515,140.70758810591332,2.0,,,0.0
T002516,,2.0,,27.268163916064186,0.0
T002517,69.35083643646553,2.0,8.0,6.013054962703134,0.0
T002518,104.65791688498712,2.0,,13.79168974213889,0.0
T002519,88.83988726825974,3.0,0.0,,0.0
T002520,106.76691739461457,3.0,0.0,72.04822189684191,0.0
T002521,106.26122513239535,3.0,1.0,40.893092403558,0.0
T002522,109.19247723768474,2.0,1.0,27.30308359049125,0.0
T002523,123.57341785679978,2.0,4.0,26.17652065402909,
T002524,64.62238573529469,2.0,1.0,31.145466648575503,0.0
T002525,1.0,3.0,7.0,87.29345440038918,0.0
T002526,,3.0,0.0,33.19775224135756,1.0
T002527,107.43337286010558,2.0,2.0,23.269418537517105,0.0
T002528,10.303944340401856,2.0,3.0,27.89970086314325,0.0
T002529,,3.0,1.0,58.4336419452835,0.0
T002530,140.89448290125142,2.0,10.0,9.75941393778645,0.0
T002531,92.89267315297268,3.0,0.0,24.11284031489817,0.0
T002532,96.1252850053506,3.0,,10.0152181826729,0.0
T002533,106.59639833859784,2.0,5.0,19.83615136327587,0.0
T002534,114.16439357730712,2.0,4.0,22.52355363714054,0.0
T002535,63.71280934232672,1.0,2.0,10.802636110807544,0.0
T002536,100.96906188490128,2.0,12.0,,0.0
T002537,64.38896181754745,2.0,1.0,0.6338237623710152,0.0
T002538,,2.0,33.0,30.155021994857595,0.0
T002539,119.26586898644184,2.0,2.0,,0.0
T002540,68.05191261552488,2.0,11.0,30.34719159371858,0.0
T002541,172.79111610733833,2.0,10.0,111.09005116547544,0.0
T002542,181.753319726376,3.0,0.0,23.07389131383302,0.0
T002543,104.80603884704917,2.0,5.0,,0.0
T002544,1.0,2.0,8.0,1.098258268331661,1.0
T002545,152.9968192023311,2.0,4.0,28.222911265356554,0.0
T002546,77.83682675910485,1.0,5.0,21.637423212531704,0.0
T002547,79.12848090052839,1.0,3.0,4.496082404254598,0.0
T002548,171.137406804997,2.0,3.0,8.591421459237496,0.0
T002549,5.361891120497404,2.0,3.0,10.562942631805866,0.0
T002550,,1.0,3.0,5.35266285626291,
T002551,13.540855524828984,1.0,12.0,22.699015211198567,0.0
T002552,87.09124309842828,2.0,6.0,24.628652388350687,0.0
T002553,45.51834813288058,2.0,18.0,55.43163613593956,0.0
T002554,126.5513047447105,3.0,2.0,60.402197792332,0.0
T002555,139.55159735215233,,1.0,2.607160383600036,0.0
T002556,98.1481601475794,2.0,2.0,1.6150074920344828,0.0
T002557,30.7006028800501,,0.0,97.64398930572278,0.0
T002558,123.83255204002788,2.0,9.0,90.5519847791534,
T002559,71.31991135515496,1.0,4.0,3.779872585616715,0.0
T002560,114.87310265589085,2.0,0.0,33.649753760766714,1.0
T002561,110.47671151313972,3.0,0.0,67.76181044378846,0.0
T002562,54.02878828830984,3.0,11.0,41.39238401393397,0.0
T002563,92.1487585777646,3.0,5.0,4.502928756051939,0.0
T002564,99.9142923165468,2.0,1.0,114.81269175071893,0.0
T002565,76.12946469035998,2.0,3.0,12.24415258821613,1.0
T002566,,2.0,0.0,8.590041070896689,0.0
T002567,44.68325129969859,2.0,1.0,4.693866015652719,0.0
T002568,49.71993121552672,3.0,0.0,42.5745696503479,0.0
T002569,97.9833044892978,2.0,5.0,,0.0
T002570,179.4313464021798,,4.0,8.157544093650662,0.0
T002571,216.00203610086297,3.0,,3.401888660609641,0.0
T002572,18.09854712819916,1.0,5.0,15.64211619043339,0.0
T002573,163.57775474970794,1.0,2.0,27.47436113186356,0.0
T002574,146.65640361705346,2.0,0.0,2.032086845027087,0.0
T002575,36.02115166321492,2.0,,9.902047493755592,0.0
T002576,,2.0,1.0,16.526080132685,0.0
T002577,149.3667258294551,1.0,1.0,16.919844232663277,0.0
T002578,,2.0,6.0,9.5297376802192,0.0
T002579,132.27938560870967,2.0,0.0,1.472623532058506,0.0
T002580,49.5956844541298,1.0,3.0,9.267483777107865,0.0
T002581,138.983026613467,2.0,2.0,13.2260898690001,0.0
T002582,131.93300843215513,1.0,0.0,27.853411387347847,0.0
T002583,109.52498398895332,3.0,4.0,39.996179504892666,0.0
T002584,200.66936237633115,2.0,26.0,2.39526826576966,0.0
T002585,22.06065024880792,3.0,8.0,59.51637253796925,0.0
T002586,56.98074946102491,2.0,16.0,8.30630609404567,0.0
T002587,153.41896668470082,3.0,5.0,4.220113643628707,0.0
T002588,144.08198784747253,2.0,0.0,,0.0
T002589,20.49290846598511,3.0,10.0,80.62482079686937,1.0
T002590,81.951691709046,3.0,2.0,27.57366646291819,0.0
T002591,76.17242883903793,1.0,2.0,31.94000104309153,1.0
T002592,143.480296005283,,10.0,31.430201354807775,0.0
T002593,211.5650073096316,1.0,7.0,0.0226068837120581,0.0
T002594,97.1302317462982,1.0,4.0,5.047175480086279,0.0
T002595,69.6215604110222,2.0,1.0,164.6806973386187,0.0
T002596,33.269469654488375,2.0,4.0,39.49774179534099,
T002597,104.7310522334679,1.0,,6.039739424484445,0.0
T002598,70.76911346714002,1.0,0.0,2.099137485208612,0.0
T002599,73.2099268473851,2.0,2.0,0.6673025792720448,0.0
T002600,88.76834250014878,2.0,1.0,15.792053377071898,0.0
T002601,50.924567447602456,2.0,11.0,13.26326346988996,0.0
T002602,118.97026988025549,1.0,2.0,10.128984447663598,0.0
T002603,,1.0,0.0,44.50325616821248,0.0
T002604,150.47358942979844,2.0,7.0,33.54459767831812,0.0
T002605,194.22931529673045,2.0,0.0,25.277451873670536,0.0
T002606,,2.0,11.0,14.85601594285331,0.0
T002607,48.603811749463055,3.0,6.0,4.11043498089682,0.0
T002608,26.27486564758821,3.0,0.0,0.5749110705206107,0.0
T002609,167.3112878101374,3.0,0.0,10.201836344164592,1.0
T002610,12.40855966241405,2.0,,9.858414296571803,0.0
T002611,49.60660433889349,3.0,13.0,6.922648142444858,0.0
T002612,84.87651567559358,2.0,0.0,2.658553748820457,0.0
T002613,46.49576168369237,3.0,7.0,22.933824148838745,1.0
T002614,179.97354700568945,2.0,3.0,28.66136574140144,0.0
T002615,93.62254398112329,1.0,0.0,12.407598885528978,0.0
T002616,78.94005916935434,2.0,,80.81401757091881,0.0
T002617,155.06614788678812,2.0,4.0,1.58416089021372,0.0
T002618,95.31819056304144,3.0,9.0,5.741242446060441,1.0
T002619,76.05812719957979,2.0,,82.41004842126462,0.0
T002620,118.08180125238172,2.0,,51.50059306702196,0.0
T002621,20.878601298818,2.0,5.0,16.849739386673036,0.0
T002622,115.4523721516327,3.0,5.0,5.707574056813273,0.0
T002623,101.0396853837704,2.0,7.0,3.91628722803187,0.0
T002624,89.21661812261839,,4.0,3.8942605814216784,0.0
T002625,144.30955942923978,3.0,,5.134725755102715,0.0
T002626,72.45090982308753,3.0,0.0,23.07762845051368,0.0
T002627,99.8312771294524,2.0,3.0,,0.0
T002628,141.66669558901535,2.0,2.0,,
T002629,112.52464251729384,2.0,0.0,47.729621151235385,0.0
T002630,58.347197149962064,2.0,0.0,45.950137685957614,0.0
T002631,74.59299011763446,3.0,0.0,5.082425496192954,
T002632,154.92424380259092,1.0,3.0,2.798909255817027,1.0
T002633,109.94740733982472,2.0,0.0,,0.0
T002634,139.89972748061183,,1.0,5.133454793535249,0.0
T002635,31.58424805835948,,8.0,5.961864166232839,0.0
T002636,33.46474343345369,3.0,0.0,13.079561303618371,0.0
T002637,11.187683326677416,1.0,4.0,46.77140134724736,0.0
T002638,131.64659088777557,3.0,0.0,62.70889187036004,0.0
T002639,131.28154668230005,2.0,3.0,0.1371976690549284,0.0
T002640,,,1.0,13.419953312133792,0.0
T002641,148.35890612194748,2.0,1.0,0.1737361569415172,0.0
T002642,108.3327908679922,1.0,11.0,38.41886015942593,0.0
T002643,111.20462409052084,2.0,5.0,,0.0
T002644,,2.0,4.0,,0.0
T002645,58.12971373422543,2.0,0.0,76.786210921674,0.0
T002646,65.3789510063072,2.0,13.0,6.690940812107395,0.0
T002647,110.53342326015554,3.0,0.0,,0.0
T002648,108.9347358405238,1.0,3.0,14.200133006351992,0.0
T002649,,3.0,8.0,70.28521429223292,
T002650,22.42438754705354,3.0,1.0,3.090503548572915,0.0
T002651,133.7409746083302,2.0,1.0,0.2865991525784366,0.0
T002652,51.58277725681823,2.0,0.0,3.793020296031252,0.0
T002653,141.35916245180118,1.0,7.0,27.019686926350587,0.0
T002654,1.0,2.0,2.0,2.2408473628059493,1.0
T002655,136.2883311949346,2.0,14.0,3.4313282149508204,0.0
T002656,43.05834411096154,1.0,4.0,14.89599803387866,0.0
T002657,112.61201982133387,2.0,1.0,27.75798713265542,0.0
T002658,104.72637837942342,,8.0,122.63144802052877,1.0
T002659,89.20197398248838,3.0,11.0,84.37600356149395,0.0
T002660,87.13117312883274,2.0,4.0,5.69795717857529,0.0
T002661,56.94751639172122,2.0,4.0,13.694070217866534,0.0
T002662,58.550249453896384,3.0,7.0,5.701355438186522,0.0
T002663,93.29914166635412,3.0,0.0,15.6478953790393,0.0
T002664,38.10922505865755,3.0,,125.2533486453632,0.0
T002665,110.48297076373127,,1.0,127.58052303241318,0.0
T002666,123.63151729217029,3.0,0.0,6.37586182841187,0.0
T002667,73.81343486142892,1.0,,12.398852368500403,0.0
T002668,201.79367675908964,2.0,0.0,12.1556831757657,0.0
T002669,144.8419657932766,2.0,1.0,11.378537487668464,0.0
T002670,,1.0,15.0,,0.0
T002671,134.64278779089057,2.0,5.0,51.01513704974966,0.0
T002672,65.55572287122972,2.0,3.0,,
T002673,83.52553498910069,2.0,2.0,30.35943029289888,
T002674,124.88715445456972,2.0,0.0,32.86240260507812,0.0
T002675,132.96228342162027,3.0,3.0,1.2713107086006858,0.0
T002676,151.08114920365193,,,8.423205695604171,0.0
T002677,57.61830356904576,3.0,10.0,0.8658037467162412,0.0
T002678,57.65745169373177,2.0,6.0,,0.0
T002679,1.0,2.0,11.0,,0.0
T002680,42.14416906433646,3.0,4.0,14.531848088400784,0.0
T002681,125.57497876809308,3.0,5.0,,
T002682,52.60536413655068,2.0,1.0,10.224559759183755,0.0
T002683,88.27064333124265,2.0,3.0,37.73646597524067,0.0
T002684,43.92349262874863,3.0,1.0,62.89592352495571,0.0
T002685,125.88295102345614,2.0,2.0,30.000315847363854,0.0
T002686,84.26545856059538,1.0,2.0,41.966622763239606,0.0
T002687,93.60412042596168,1.0,7.0,120.74146277653992,0.0
T002688,94.70906212511512,3.0,8.0,5.601732187007309,0.0
T002689,178.61991051351634,3.0,,20.526370697807607,0.0
T002690,,2.0,0.0,72.47037094153637,
T002691,212.62179026721543,2.0,5.0,4.133429167555539,0.0
T002692,180.36727880099963,2.0,2.0,38.16519663874792,0.0
T002693,150.88307334217512,3.0,2.0,,0.0
T002694,94.7828603506554,1.0,1.0,25.86599622428152,0.0
T002695,100.26218498590916,3.0,8.0,14.218459369968858,1.0
T002696,66.90089111016954,2.0,0.0,0.8839817166257006,0.0
T002697,112.1669724661346,3.0,6.0,98.70074444387666,1.0
T002698,81.33157874984578,3.0,1.0,35.05178062358876,0.0
T002699,93.2860418906848,2.0,0.0,15.022744417809374,0.0
T002700,135.63560144306658,2.0,3.0,,0.0
T002701,61.41140213035624,3.0,3.0,6.96980974901075,0.0
T002702,1.0,3.0,,19.340529122979213,0.0
T002703,75.73182260854483,2.0,2.0,53.80585380941297,0.0
T002704,,3.0,1.0,1.05485451256922,1.0
T002705,57.684201126713205,2.0,8.0,47.62697749272129,0.0
T002706,35.770786715001535,3.0,7.0,43.918397546741936,0.0
T002707,77.39548335834598,2.0,7.0,4.140381672615303,1.0
T002708,115.56543367214424,3.0,0.0,12.4052091464314,0.0
T002709,7.407863421267066,2.0,6.0,28.42542407848725,0.0
T002710,122.79520975853514,2.0,1.0,13.354129355720495,0.0
T002711,155.29165331473564,1.0,2.0,7.866841257105609,0.0
T002712,,2.0,1.0,7.401255428177371,0.0
T002713,174.4931719301041,3.0,0.0,64.10307854574027,1.0
T002714,87.62406822242477,3.0,10.0,23.79705506960548,0.0
T002715,111.26539610204708,3.0,0.0,,1.0
T002716,75.85450802697412,3.0,2.0,27.277558385103173,0.0
T002717,129.56746208792,1.0,0.0,21.088068432208317,0.0
T002718,167.77864678551742,1.0,14.0,18.217074074335493,0.0
T002719,227.90996428341265,2.0,2.0,3.709094735317535,0.0
T002720,75.01349119241847,3.0,6.0,48.6873894100137,1.0
T002721,81.67464898159741,,10.0,10.644085475066012,0.0
T002722,91.23107720506546,3.0,2.0,5.965201436951109,0.0
T002723,,3.0,4.0,26.4359792642492,0.0
T002724,,2.0,2.0,12.345405310648962,0.0
T002725,51.12223776007245,3.0,13.0,,0.0
T002726,35.6418215707875,3.0,2.0,,0.0
T002727,52.38418096306015,3.0,1.0,1.3292364770678584,0.0
T002728,62.01484412598565,3.0,3.0,24.88088010604609,0.0
T002729,136.5479488188108,3.0,0.0,6.645918515622691,0.0
T002730,,,8.0,18.09418627297903,0.0
T002731,88.92001528074803,,1.0,12.341622995076865,0.0
T002732,159.63675827082074,3.0,0.0,10.44031353210659,0.0
T002733,6.46040394870721,3.0,2.0,23.77946680411467,0.0
T002734,125.9673257120586,3.0,5.0,26.911844642653204,0.0
T002735,141.89152676147404,2.0,0.0,26.491168836689223,0.0
T002736,57.42300101103406,2.0,3.0,0.0277160136338857,0.0
T002737,130.10591601962415,1.0,0.0,35.449247652071364,0.0
T002738,135.01549397044957,2.0,1.0,49.50498798351758,0.0
T002739,,2.0,3.0,,0.0
T002740,107.93780254687714,3.0,4.0,4.133278343109726,1.0
T002741,167.2573810226207,3.0,6.0,17.394903535010744,0.0
T002742,96.03057877971486,3.0,10.0,4.036812105375458,0.0
T002743,84.23653776798272,2.0,2.0,3.769046243879632,0.0
T002744,114.36644522015048,2.0,0.0,9.129256125230912,0.0
T002745,47.87111526647119,2.0,,11.047625909716864,0.0
T002746,125.04157955021056,2.0,4.0,64.52754210470813,0.0
T002747,130.6166107001256,2.0,13.0,33.320256398102195,0.0
T002748,96.91179000699356,2.0,13.0,97.51446282542952,0.0
T002749,126.82069499456716,3.0,0.0,38.708287567003005,0.0
T002750,100.73440973645984,2.0,0.0,17.308025289880952,0.0
T002751,180.8606287484312,3.0,3.0,40.13644229205726,0.0
T002752,,2.0,0.0,22.76065508100572,0.0
T002753,,2.0,2.0,,0.0
T002754,,3.0,1.0,,1.0
T002755,90.83496452369012,3.0,2.0,4.349437535065877,0.0
T002756,82.03539546064702,2.0,9.0,60.44835109265083,0.0
T002757,82.79509858688336,2.0,12.0,50.82684430456364,0.0
T002758,131.38031487809155,3.0,,41.90557320293286,0.0
T002759,216.2349457161709,3.0,10.0,28.13925791597496,0.0
T002760,,2.0,11.0,38.75730100898473,0.0
T002761,189.36732072149127,2.0,10.0,35.63080832930336,0.0
T002762,38.45678417830224,3.0,1.0,,0.0
T002763,4.387251229011156,3.0,1.0,9.76129148902679,0.0
T002764,138.75777470173915,1.0,11.0,,0.0
T002765,93.15022552787708,3.0,0.0,27.899633445165108,0.0
T002766,1.0,1.0,0.0,75.21678076844314,0.0
T002767,110.6989955367111,2.0,1.0,24.11272465561652,0.0
T002768,60.37382764423937,2.0,3.0,48.09737719605647,1.0
T002769,228.98546688271597,3.0,0.0,3.149262182704952,0.0
T002770,151.87699721289496,1.0,2.0,12.13697137232233,0.0
T002771,96.8660451363414,1.0,5.0,7.777500042997186,0.0
T002772,129.12856594044027,3.0,6.0,35.186096724593504,0.0
T002773,29.996463840849543,3.0,3.0,59.323872705318,0.0
T002774,133.24635811508705,2.0,3.0,27.87484021412921,0.0
T002775,141.27081744940148,2.0,1.0,107.65325000785376,1.0
T002776,83.1872630659464,1.0,8.0,23.46691965891532,0.0
T002777,75.91170144532624,2.0,6.0,18.23692821348969,0.0
T002778,128.86817625533308,1.0,5.0,4.398924090829505,0.0
T002779,147.75711602506192,3.0,4.0,,0.0
T002780,146.93200113394724,2.0,2.0,11.605691407149449,0.0
T002781,141.0241090598682,2.0,5.0,,0.0
T002782,68.42111354173343,3.0,1.0,3.681111018247739,0.0
T002783,103.00429973075818,2.0,10.0,7.955008305160035,0.0
T002784,134.81937237283577,2.0,10.0,5.93965585839935,0.0
T002785,73.53339437758146,3.0,3.0,15.968267926942463,
T002786,35.70001467417532,2.0,7.0,10.00222210602219,0.0
T002787,128.62913906780793,3.0,0.0,25.968573888711106,1.0
T002788,71.15481721687985,1.0,1.0,39.73800780339438,0.0
T002789,85.30165261679089,2.0,6.0,28.33935914223361,0.0
T002790,93.95259256961091,2.0,1.0,9.815416147274702,0.0
T002791,105.29472265576172,2.0,8.0,11.970184380804785,0.0
T002792,88.10964812870301,2.0,6.0,8.043405167534324,
T002793,53.543182974512085,3.0,21.0,9.088337597084069,0.0
T002794,38.61600177719714,2.0,3.0,,0.0
T002795,96.48898192411916,2.0,,44.23652260823853,0.0
T002796,85.75622533151646,1.0,13.0,29.89251075248262,0.0
T002797,,3.0,,64.14130164212399,1.0
T002798,57.08211099093932,2.0,8.0,,0.0
T002799,45.13158405144667,2.0,3.0,31.264130742059965,0.0
T002800,107.38779537000644,3.0,12.0,8.191908171704755,0.0
T002801,141.9245387225821,3.0,9.0,3.2094564409533164,0.0
T002802,156.7973922971911,1.0,,9.58795982846401,1.0
T002803,,2.0,1.0,35.402209905957136,0.0
T002804,163.07596262677578,2.0,1.0,,1.0
T002805,43.66162655450974,3.0,4.0,5.966830050684999,0.0
T002806,102.19143997302142,1.0,2.0,43.01078726605153,0.0
T002807,71.90789503241504,3.0,4.0,7.235417624102951,0.0
T002808,104.8838049274416,3.0,,0.7435112091151835,0.0
T002809,123.38465858827166,1.0,7.0,59.521157754653856,0.0
T002810,,2.0,0.0,4.718539793889158,0.0
T002811,125.35101360676784,2.0,6.0,1.063052693885755,0.0
T002812,,,2.0,30.5968826862195,0.0
T002813,26.18687279991103,1.0,7.0,,0.0
T002814,142.81993971617362,1.0,6.0,1.1645942922290864,1.0
T002815,74.82151905461413,,3.0,59.70299965891152,0.0
T002816,105.56863009200262,3.0,0.0,13.192731137962706,0.0
T002817,113.83453996650096,1.0,,7.681520345909664,0.0
T002818,118.4821096099047,2.0,3.0,24.386383553462267,0.0
T002819,117.32442379489964,3.0,,,0.0
T002820,22.753132666162077,2.0,4.0,17.20906646319301,0.0
T002821,45.69368504092951,2.0,0.0,6.193032548910229,0.0
T002822,104.2659071282512,1.0,1.0,3.895424026801148,0.0
T002823,91.86481492154542,3.0,3.0,18.542174697761187,0.0
T002824,81.218316964133,2.0,6.0,11.714719045722813,0.0
T002825,75.88432145318485,,7.0,5.701306341135045,0.0
T002826,181.45831824504725,2.0,8.0,,0.0
T002827,151.128521600482,2.0,5.0,30.264693488538885,0.0
T002828,90.92754653762417,2.0,8.0,1.8887537740390588,0.0
T002829,128.4051602564323,2.0,4.0,11.30190330407194,0.0
T002830,43.49653304798211,2.0,10.0,9.908714315805526,0.0
T002831,157.9919983194172,3.0,6.0,16.18246811542087,0.0
T002832,63.591404951509226,,0.0,9.84980679147516,0.0
T002833,94.09657365044606,2.0,0.0,67.05742391158104,0.0
T002834,102.42608139724136,2.0,3.0,3.492565260887486,0.0
T002835,141.1030079997245,3.0,11.0,21.68848508607827,0.0
T002836,,3.0,5.0,19.632103873181155,0.0
T002837,89.30624162226806,3.0,6.0,9.17255228657076,0.0
T002838,69.39165414225897,2.0,,38.48305280066281,0.0
T002839,136.0498476452818,3.0,,,0.0
T002840,59.886136538919054,3.0,3.0,52.97384445511957,0.0
T002841,179.4919489090342,2.0,,51.98890817932076,0.0
T002842,21.455927143704383,1.0,14.0,37.54393781518706,0.0
T002843,94.5488290018268,2.0,4.0,6.774934095845277,0.0
T002844,121.9743024004256,3.0,0.0,29.333331033773423,0.0
T002845,78.48453400226788,3.0,12.0,22.82113759578532,1.0
T002846,67.2962158436288,3.0,3.0,22.708248896316565,0.0
T002847,126.87060014101904,3.0,1.0,14.903846283569033,0.0
T002848,116.083927068825,3.0,0.0,8.851004592310318,1.0
T002849,,1.0,11.0,68.29685201168425,0.0
T002850,49.672871736017946,2.0,,20.00691669821609,0.0
T002851,65.99876392107547,2.0,5.0,52.78922082066051,0.0
T002852,109.70259718029372,1.0,0.0,,0.0
T002853,61.667170610832606,2.0,5.0,15.007243959614636,0.0
T002854,103.08399249239858,1.0,11.0,3.2351073082723967,1.0
T002855,183.6132952048764,3.0,0.0,49.48785616931095,0.0
T002856,,3.0,8.0,2.8546591938153223,0.0
T002857,63.58638987966935,3.0,4.0,1.001878267534123,0.0
T002858,79.31972332891779,1.0,6.0,46.68588703455557,0.0
T002859,97.54853295809816,3.0,0.0,0.0513254476290704,0.0
T002860,119.6317057825484,3.0,4.0,1.445264650063337,0.0
T002861,80.87738011653549,2.0,3.0,16.231963329322394,0.0
T002862,56.962159914909016,3.0,1.0,31.745010095496013,0.0
T002863,99.9645702711677,2.0,6.0,43.81872005577568,0.0
T002864,78.44372152124504,2.0,20.0,,0.0
T002865,68.68423619084965,2.0,2.0,100.67999634191304,0.0
T002866,88.75720090959607,2.0,0.0,17.28569417169246,0.0
T002867,141.85772431656923,2.0,1.0,8.848973032089043,0.0
T002868,48.146696321500194,3.0,6.0,30.67085995269483,0.0
T002869,164.20478969740586,2.0,,2.540046288985401,0.0
T002870,54.97048237319692,3.0,13.0,1.2568105024303535,0.0
T002871,89.8903673783053,2.0,,6.918202345076857,0.0
T002872,147.70008817466012,1.0,1.0,11.776236661617032,0.0
T002873,,3.0,2.0,9.160477525001795,0.0
T002874,66.71532675532265,2.0,3.0,2.784429680167727,0.0
T002875,117.335498880246,2.0,5.0,36.2915958220255,0.0
T002876,126.94550218423294,2.0,9.0,42.1315523722814,1.0
T002877,53.10874800424386,2.0,1.0,15.956803376739773,0.0
T002878,91.64391431067942,2.0,16.0,50.070192471046525,0.0
T002879,,3.0,5.0,10.466071747027092,0.0
T002880,154.82346169054418,2.0,7.0,,0.0
T002881,132.92721363364151,3.0,,16.57953220530699,0.0
T002882,110.31808856627254,1.0,,10.392974064894965,0.0
T002883,105.8663691654391,2.0,7.0,8.998488807149974,0.0
T002884,,2.0,1.0,25.962091856962093,0.0
T002885,40.01512358173459,3.0,2.0,,0.0
T002886,67.9259202388524,2.0,1.0,27.61169959021572,0.0
T002887,82.01851637737688,3.0,,29.18423549458149,0.0
T002888,132.8881588075187,2.0,6.0,7.6246026817475165,1.0
T002889,76.6981749065879,1.0,16.0,9.50324799348942,0.0
T002890,119.12048730920252,1.0,11.0,2.5887308168441976,0.0
T002891,125.80891435574792,1.0,0.0,24.754601991141,0.0
T002892,94.32596770589294,3.0,0.0,24.3740332657292,0.0
T002893,90.456389022341,,10.0,9.462696989880031,0.0
T002894,63.06512508352186,3.0,6.0,18.725728461680838,0.0
T002895,73.71224891596195,,12.0,51.974252422636624,0.0
T002896,41.5041582144856,2.0,0.0,,0.0
T002897,156.77828200902994,,8.0,,0.0
T002898,256.8874266829997,2.0,4.0,15.255097124573622,0.0
T002899,70.17942960155602,3.0,1.0,1.872575182803083,0.0
T002900,78.16178813808912,3.0,1.0,15.049982487371214,0.0
T002901,167.07379577654405,2.0,0.0,,1.0
T002902,63.23482696590239,2.0,11.0,4.375473776037811,0.0
T002903,154.60533919912132,1.0,5.0,29.57220502348433,0.0
T002904,88.76172990536583,2.0,15.0,119.22521596243232,0.0
T002905,45.39393998257164,1.0,2.0,4.455666704368368,0.0
T002906,159.85840136239267,2.0,1.0,39.84495160855712,0.0
T002907,101.70147931733403,2.0,20.0,44.62297804422696,0.0
T002908,136.08360320216175,2.0,3.0,6.84869940988664,0.0
T002909,131.28336738825033,2.0,18.0,8.398137932282802,0.0
T002910,141.65788833147172,2.0,1.0,14.629807762159302,0.0
T002911,37.77287499576386,1.0,,11.099363130581551,
T002912,91.58497884141786,2.0,0.0,114.8080350666126,0.0
T002913,103.49010424950094,1.0,2.0,,1.0
T002914,88.52256723198265,3.0,9.0,3.339335738956632,0.0
T002915,67.31604296812905,3.0,2.0,35.82080665007859,0.0
T002916,69.70695896205532,3.0,0.0,18.47530938268224,0.0
T002917,68.86502400897031,3.0,,7.913706144873683,1.0
T002918,147.0590933209985,3.0,0.0,25.832045911645192,0.0
T002919,61.68387376092869,3.0,0.0,58.20160159786687,0.0
T002920,65.90078760011008,,4.0,10.026390232258157,0.0
T002921,100.71365339182172,3.0,,25.66931688833517,1.0
T002922,176.80783864274724,2.0,2.0,49.78806450074205,0.0
T002923,109.84306179345616,,14.0,7.390716993081585,1.0
T002924,25.37688649970036,1.0,3.0,1.3050644252122,0.0
T002925,96.30262171958036,1.0,1.0,73.3390135099177,0.0
T002926,36.45241394538586,3.0,,23.611532616629248,0.0
T002927,166.13722334425677,2.0,6.0,16.08849235116503,0.0
T002928,172.06366445330576,3.0,15.0,10.646221337999336,1.0
T002929,172.4410054168858,3.0,2.0,18.31060043936996,0.0
T002930,,2.0,9.0,8.405939635795905,0.0
T002931,86.91208548894528,3.0,6.0,81.99376138182095,0.0
T002932,68.45772246045718,2.0,2.0,55.39257899558668,0.0
T002933,105.35287264961484,2.0,4.0,38.237244373406845,0.0
T002934,98.67430622753916,2.0,2.0,24.299314916760665,0.0
T002935,66.1142315123947,1.0,0.0,,0.0
T002936,6.172364697906289,2.0,,15.105392255905436,0.0
T002937,215.73292833367543,2.0,0.0,15.053660004815669,0.0
T002938,143.21241923493182,3.0,1.0,6.657615260222262,0.0
T002939,80.57396124084954,,1.0,29.988437996866477,0.0
T002940,124.64932292572296,2.0,10.0,5.876569926029359,0.0
T002941,74.08648908631763,3.0,12.0,3.77861302395809,0.0
T002942,63.45349800290405,3.0,5.0,61.67037759905445,0.0
T002943,55.69798765108114,3.0,7.0,9.20583494276265,0.0
T002944,84.51751430059694,2.0,10.0,31.084106864377404,0.0
T002945,101.76317759858642,3.0,1.0,43.83347270621635,0.0
T002946,26.119379654027767,2.0,1.0,34.410386617526626,0.0
T002947,92.21613823039604,1.0,28.0,25.125324983116787,0.0
T002948,124.57063781777634,2.0,0.0,29.906268392456013,1.0
T002949,155.86994079512306,3.0,6.0,8.860333550335582,1.0
T002950,33.026511252112186,2.0,6.0,,0.0
T002951,55.06079758384359,3.0,16.0,21.9056553900507,0.0
T002952,101.67623511942938,3.0,2.0,7.745799955205877,1.0
T002953,29.651126894800555,2.0,0.0,4.508312052582171,0.0
T002954,54.19040422593788,2.0,1.0,62.06179926619123,0.0
T002955,142.4551055371572,3.0,0.0,,0.0
T002956,67.32685521375964,1.0,3.0,8.365283922209363,0.0
T002957,19.95480107617422,2.0,6.0,15.466011521016618,0.0
T002958,68.5672847462715,1.0,7.0,20.35690396209836,0.0
T002959,1.0,3.0,1.0,9.094380958383228,0.0
T002960,106.62485717478228,3.0,3.0,58.266895288789215,0.0
T002961,,2.0,8.0,18.98438002436042,0.0
T002962,1.0,2.0,2.0,17.899542784325472,0.0
T002963,72.74563850022048,1.0,7.0,3.2993898376592146,0.0
T002964,68.8864888553002,1.0,0.0,11.815067433308547,1.0
T002965,73.07131633516879,2.0,4.0,24.094429456056428,0.0
T002966,73.67341564519785,2.0,14.0,7.632071639538383,0.0
T002967,132.79460688937914,1.0,,,1.0
T002968,47.75954029894832,3.0,2.0,66.14009139832471,0.0
T002969,,2.0,0.0,66.42547145879094,0.0
T002970,59.92362049477292,3.0,0.0,25.10214190238744,1.0
T002971,203.70413348749867,2.0,2.0,27.48347126555509,
T002972,,2.0,9.0,13.810177756648644,0.0
T002973,52.94886496668105,2.0,2.0,59.183711822574814,0.0
T002974,165.27394035771647,3.0,20.0,26.82742512329927,0.0
T002975,133.2351372666555,3.0,0.0,13.749879184145422,0.0
T002976,44.83958171391584,2.0,5.0,19.362586095176443,0.0
T002977,52.87209971040618,2.0,10.0,36.72811120790193,1.0
T002978,154.86100958032193,3.0,2.0,5.899629988173309,0.0
T002979,,3.0,8.0,43.86661781203557,1.0
T002980,97.78192722442192,1.0,,19.02330664000249,
T002981,,2.0,9.0,,0.0
T002982,48.00470364372346,2.0,7.0,43.73798902339558,0.0
T002983,79.62699463541992,,0.0,108.046531090315,0.0
T002984,109.28442902093694,1.0,1.0,11.70954066432881,0.0
T002985,119.93818822124072,2.0,0.0,57.43291940251359,0.0
T002986,124.80995936816582,3.0,2.0,16.66458472512395,0.0
T002987,38.89360955540273,,0.0,10.506974910153357,0.0
T002988,78.19222792462574,2.0,6.0,4.027051880074279,0.0
T002989,141.0172006306228,2.0,17.0,10.80580312443836,0.0
T002990,64.42689029581476,2.0,1.0,0.4653270009790715,0.0
T002991,7.905111352107127,3.0,6.0,56.83362446970028,0.0
T002992,58.40888958847776,3.0,2.0,6.9665432498943884,0.0
T002993,83.94204806471488,1.0,0.0,,0.0
T002994,157.9055436750034,1.0,7.0,26.612717615904984,0.0
T002995,176.40156796939164,,0.0,24.243235550108366,0.0
T002996,1.0,3.0,7.0,67.57687842485834,0.0
T002997,19.616948644097064,,1.0,148.34712218981883,0.0
T002998,206.2385701508481,3.0,2.0,44.52675732476272,0.0
T002999,46.69839141861597,2.0,4.0,30.194285332432468,0.0
T003000,117.06079212460166,2.0,0.0,22.315158280191557,0.0
T003001,,2.0,4.0,,
T003002,35.19416678750528,2.0,3.0,56.5052805449666,0.0
T003003,66.72888509352697,1.0,0.0,6.987989892819297,0.0
T003004,99.38507753459712,1.0,5.0,12.935403485939789,0.0
T003005,160.85792604127482,2.0,9.0,47.23301998133914,0.0
T003006,64.0777889373782,3.0,2.0,1.7956766336291,1.0
T003007,1.0,2.0,7.0,11.684577529184692,0.0
T003008,7.996112774712358,3.0,6.0,34.14304238158385,0.0
T003009,86.12431905698833,2.0,6.0,14.85869054913839,0.0
T003010,77.63390521706245,2.0,2.0,58.01966862734638,0.0
T003011,191.0271953970908,2.0,5.0,9.133034864960766,0.0
T003012,82.09853101265068,3.0,0.0,19.133343882251857,0.0
T003013,106.30889518309836,2.0,0.0,15.543611559423542,0.0
T003014,60.085137773077314,2.0,1.0,15.01003248215132,1.0
T003015,,,2.0,3.1702029693718057,0.0
T003016,63.800483412869546,2.0,1.0,35.72267392453565,0.0
T003017,41.19133317226097,2.0,4.0,16.685485375438493,0.0
T003018,,1.0,9.0,17.145873539576197,0.0
T003019,137.25754321424083,,7.0,21.12352510368152,0.0
T003020,139.2302143949012,3.0,4.0,20.35102474788993,0.0
T003021,168.10662018425398,2.0,6.0,35.285585935996195,0.0
T003022,,3.0,8.0,2.1504624899200158,0.0
T003023,74.91214782077317,2.0,6.0,10.226773647097712,0.0
T003024,126.81454547585948,2.0,1.0,42.77979440351553,0.0
T003025,89.5389063127736,3.0,0.0,7.52569892332199,0.0
T003026,234.65168319902483,2.0,4.0,24.21311715932046,0.0
T003027,66.9229278742354,2.0,2.0,7.806289880922715,0.0
T003028,190.46531748665552,2.0,5.0,49.88395404502579,0.0
T003029,1.0,3.0,,11.23707678869584,0.0
T003030,1.0,3.0,5.0,17.475608345644815,0.0
T003031,114.56013775690164,2.0,6.0,4.753299763569125,0.0
T003032,176.15620386348286,2.0,1.0,,1.0
T003033,65.09001626944752,3.0,1.0,71.65625436959799,0.0
T003034,124.13439436046065,2.0,1.0,22.822973335537043,0.0
T003035,80.75285557949594,2.0,14.0,,0.0
T003036,103.85782481088584,1.0,1.0,20.226506060199657,0.0
T003037,1.5747893280973102,2.0,9.0,,0.0
T003038,154.56550602971345,3.0,2.0,64.81179681330012,0.0
T003039,98.53917970730072,2.0,1.0,3.2414677931374323,0.0
T003040,85.10665975215694,3.0,1.0,23.702744433128327,0.0
T003041,296.3118853218164,2.0,7.0,5.970401154145956,0.0
T003042,102.39126598923414,2.0,18.0,32.686032344621474,0.0
T003043,204.9110737273373,3.0,0.0,23.298858283232494,0.0
T003044,124.05046158683568,1.0,0.0,1.887384663488952,0.0
T003045,,2.0,10.0,33.397708078965834,0.0
T003046,129.82205687908765,1.0,10.0,31.45646841586496,0.0
T003047,49.015234014557166,3.0,3.0,81.35539937204192,0.0
T003048,125.83222229679836,3.0,5.0,4.524972495783644,0.0
T003049,127.65200429261792,2.0,1.0,5.653846744220902,0.0
T003050,104.3055434129489,2.0,3.0,,0.0
T003051,208.25011724505416,2.0,0.0,11.651002719785248,0.0
T003052,90.45481041363507,2.0,0.0,2.563638549119749,0.0
T003053,92.7740664642241,2.0,2.0,20.380188555010893,1.0
T003054,98.99506241151742,1.0,,20.113463271880462,0.0
T003055,200.5102269383175,3.0,0.0,17.744123541518224,0.0
T003056,11.188238355083996,3.0,9.0,,0.0
T003057,100.06027376811122,2.0,1.0,21.058425923269343,1.0
T003058,61.00735268891806,3.0,,48.33771663634754,0.0
T003059,134.27948731492083,3.0,3.0,8.055424419055282,0.0
T003060,99.0743432003805,1.0,1.0,66.71244302883042,0.0
T003061,30.5213766618202,2.0,19.0,10.650693204025028,0.0
T003062,125.93965087258606,1.0,,4.4553429422988655,0.0
T003063,107.179396825258,1.0,4.0,51.80927290042595,0.0
T003064,143.8357093193058,1.0,5.0,4.067715778776851,0.0
T003065,119.55639384663633,3.0,0.0,18.605755681013253,0.0
T003066,88.78405145609476,3.0,1.0,38.13257130213616,0.0
T003067,76.69056940268885,,3.0,,0.0
T003068,127.31421240018496,3.0,4.0,1.998974055601313,0.0
T003069,157.18770216034645,2.0,10.0,21.503297164064463,0.0
T003070,44.992288351415255,1.0,3.0,3.86148527146572,0.0
T003071,94.8284387854858,2.0,2.0,1.39559452927466,0.0
T003072,,2.0,,5.629218848174874,1.0
T003073,177.37526006650307,2.0,5.0,17.454800009694196,0.0
T003074,114.54736821697426,3.0,4.0,30.501962520963243,0.0
T003075,166.966329474,1.0,6.0,13.655544851971136,0.0
T003076,51.81205368946946,1.0,4.0,1.352455271260098,0.0
T003077,79.3267419438362,2.0,2.0,,1.0
T003078,35.47192890268906,3.0,4.0,3.6799991474170506,0.0
T003079,82.19539756904724,3.0,7.0,,1.0
T003080,94.34359737421298,1.0,5.0,23.15324287588744,0.0
T003081,220.17077926191376,3.0,0.0,6.609438028246467,0.0
T003082,188.6125798334872,2.0,6.0,41.6361054723653,1.0
T003083,112.85994851779635,2.0,17.0,,0.0
T003084,,2.0,6.0,11.751694226047874,0.0
T003085,32.73322562923792,1.0,7.0,11.762217357044149,0.0
T003086,99.59433991941248,2.0,7.0,14.954296755849295,0.0
T003087,119.96140964696636,1.0,2.0,53.09162368564662,0.0
T003088,1.0,2.0,7.0,27.308026347324805,0.0
T003089,159.33673100886654,1.0,,39.95703590015788,0.0
T003090,154.20991220217712,1.0,8.0,23.08145854501937,0.0
T003091,143.64121755028174,2.0,,24.753445283387208,0.0
T003092,128.53064986097655,3.0,0.0,80.84103906036685,0.0
T003093,148.20779420859893,3.0,1.0,7.707952019342421,0.0
T003094,22.844088602856488,,3.0,43.584313372643095,0.0
T003095,,2.0,3.0,13.224481954159405,0.0
T003096,106.45937366658552,1.0,,5.636369485649739,0.0
T003097,68.33636476448638,2.0,5.0,7.284210757609633,0.0
T003098,50.88482098113427,2.0,,,0.0
T003099,59.06974866699607,1.0,4.0,47.03859604289314,0.0
T003100,69.41201802477076,2.0,0.0,10.552199739040155,0.0
T003101,,2.0,0.0,5.960172265553989,0.0
T003102,88.94787682314747,2.0,0.0,,0.0
T003103,112.15617292564464,1.0,12.0,17.72494994046987,0.0
T003104,,3.0,4.0,1.1951563449329563,0.0
T003105,102.75014680166872,2.0,0.0,,0.0
T003106,171.43800810183853,2.0,4.0,27.332574380186298,0.0
T003107,67.09417554623717,1.0,1.0,6.4831470443879295,0.0
T003108,69.41154545473573,3.0,0.0,,0.0
T003109,202.64860122508315,2.0,1.0,43.80771743065445,0.0
T003110,94.93596406492335,3.0,8.0,,1.0
T003111,148.79083596723547,2.0,1.0,15.201412403832512,0.0
T003112,63.2441599637706,3.0,4.0,9.74083661981416,0.0
T003113,155.19667733509536,2.0,5.0,,0.0
T003114,121.8279902078834,1.0,6.0,,0.0
T003115,130.76837420065266,3.0,,,0.0
T003116,91.50738211611346,3.0,4.0,,0.0
T003117,43.11571647875917,3.0,4.0,41.31928482093871,0.0
T003118,14.916707085629184,3.0,3.0,2.917307097592047,0.0
T003119,99.60136793416912,2.0,3.0,35.35124194140141,0.0
T003120,123.32156437061585,2.0,5.0,4.767464919161646,0.0
T003121,,3.0,0.0,2.8969279054285884,1.0
T003122,144.7596610013866,1.0,1.0,2.12603813047161,0.0
T003123,70.64423646899262,2.0,6.0,0.9796703057098464,0.0
T003124,69.38816327461248,3.0,0.0,10.83692137866988,0.0
T003125,1.0,2.0,,,0.0
T003126,133.29621260272307,1.0,12.0,4.127058648211543,0.0
T003127,56.58536340618168,1.0,3.0,13.06828095231947,0.0
T003128,113.42961394316283,2.0,1.0,14.191406153151377,0.0
T003129,152.08623320294257,1.0,1.0,,0.0
T003130,105.54612948549332,2.0,,20.380288355794654,0.0
T003131,42.58683556236909,1.0,0.0,30.05839031235724,0.0
T003132,124.78409439863024,2.0,4.0,11.95599282729631,0.0
T003133,74.26086625426291,3.0,3.0,0.0388584019790483,0.0
T003134,56.10087066217195,2.0,4.0,37.28016489817934,1.0
T003135,111.99288729246484,2.0,5.0,31.9111611655066,0.0
T003136,246.7828951163889,3.0,,14.527046308126549,0.0
T003137,112.93849026219608,2.0,0.0,31.148824231847964,0.0
T003138,135.8771127897981,2.0,0.0,5.423038473206344,1.0
T003139,176.95711729053252,2.0,0.0,17.865334268406546,0.0
T003140,142.72626135333078,,7.0,1.2599832908493167,0.0
T003141,159.59496672067866,2.0,5.0,23.674944379679182,
T003142,,3.0,11.0,35.37239164476804,1.0
T003143,1.0,3.0,9.0,45.914398190542535,0.0
T003144,62.2862074990321,1.0,3.0,,0.0
T003145,168.48505538270922,2.0,,56.35423417161732,0.0
T003146,186.558481588365,2.0,5.0,4.627343169467905,0.0
T003147,147.88958072364528,3.0,0.0,,0.0
T003148,88.51001847124031,1.0,4.0,0.4997941171566191,0.0
T003149,88.82637473815305,3.0,2.0,33.64981731645768,0.0
T003150,204.4187352390364,,9.0,,0.0
T003151,102.30396108165756,1.0,,57.05128004488132,0.0
T003152,124.79025105137856,3.0,10.0,1.5193764573550748,0.0
T003153,1.0,2.0,0.0,70.54828323681339,0.0
T003154,152.02154463224196,2.0,1.0,38.28563810508707,0.0
T003155,48.19282140124016,3.0,2.0,52.97180181761127,0.0
T003156,108.6590462925591,2.0,9.0,,1.0
T003157,106.46105909876138,2.0,5.0,6.180481112722823,0.0
T003158,24.84285234409469,3.0,3.0,46.2144050341694,0.0
T003159,62.62721730208939,,9.0,3.192458743789852,0.0
T003160,90.28654340107404,3.0,4.0,1.9617376910471769,0.0
T003161,96.12782696370031,3.0,0.0,15.394391293626706,0.0
T003162,87.191012375231,2.0,5.0,87.99824198505,0.0
T003163,170.60134392716247,3.0,3.0,30.015479040029263,0.0
T003164,120.30280612140405,3.0,10.0,2.4289395662053885,1.0
T003165,135.36156869021383,2.0,1.0,12.374501722526135,0.0
T003166,99.38766135765428,3.0,6.0,26.364842548802624,
T003167,117.780667439283,3.0,2.0,9.075708114773445,0.0
T003168,101.1169619659304,,3.0,10.858377647649869,1.0
T003169,209.2547447518056,2.0,5.0,,0.0
T003170,65.16140907852125,3.0,6.0,17.9754049368563,0.0
T003171,142.0321774494362,2.0,2.0,46.893317741086754,0.0
T003172,110.17318179336117,2.0,0.0,28.307894688738934,0.0
T003173,152.3658853310724,3.0,2.0,,
T003174,68.23188055871853,,1.0,3.565266334194765,0.0
T003175,97.15271881394662,1.0,,4.394406868787074,0.0
T003176,72.49423585317305,2.0,10.0,5.593104218153224,0.0
T003177,109.67949556837722,1.0,2.0,6.56243798263352,0.0
T003178,49.79727015789949,3.0,2.0,2.3713535261447976,0.0
T003179,50.20923026048855,2.0,7.0,72.04930317181383,0.0
T003180,112.68686483874166,2.0,1.0,2.429644611968982,0.0
T003181,99.3251387631033,2.0,,23.60728782988619,0.0
T003182,64.35771086614179,3.0,,,0.0
T003183,161.53514524922352,1.0,0.0,8.832613220002287,1.0
T003184,45.697270894095695,1.0,0.0,15.599649956699247,0.0
T003185,119.98439758763207,2.0,6.0,33.62425497840382,0.0
T003186,97.30475754971305,,1.0,26.46030713199713,1.0
T003187,79.3501088928283,1.0,2.0,45.652691705210266,0.0
T003188,,,2.0,10.377314737241194,0.0
T003189,56.60387686244232,1.0,1.0,,0.0
T003190,87.93711726907287,2.0,14.0,4.848713266580209,0.0
T003191,153.06854824365666,3.0,0.0,5.592026172828532,0.0
T003192,129.9788770622678,2.0,5.0,24.310715329477635,1.0
T003193,62.53211552886112,2.0,5.0,2.771297297054102,0.0
T003194,101.31023763870178,1.0,1.0,25.362958426520688,0.0
T003195,125.28677162363996,,4.0,30.497797374676512,0.0
T003196,157.14114072575103,1.0,6.0,18.77512911008341,1.0
T003197,42.5602982420672,3.0,1.0,16.851346005045293,0.0
T003198,137.52895837608827,2.0,2.0,9.365985874196182,0.0
T003199,126.83263762636432,3.0,13.0,31.450712386022943,0.0
T003200,150.7185032509065,3.0,0.0,39.54723386800075,1.0
T003201,70.99733793149785,2.0,0.0,29.91075510487573,0.0
T003202,55.52427851872383,2.0,8.0,3.1528923658193104,0.0
T003203,141.7846056032571,2.0,0.0,27.117494514449536,1.0
T003204,152.2080438534536,3.0,1.0,36.370015298716616,0.0
T003205,137.5436389700666,2.0,13.0,,0.0
T003206,138.29391397403074,3.0,0.0,6.498364701702609,0.0
T003207,109.77408657766456,2.0,4.0,13.854498674502723,0.0
T003208,,2.0,0.0,36.15461520877879,0.0
T003209,29.624415264108933,2.0,0.0,7.902221767876362,0.0
T003210,71.04379451821268,3.0,0.0,26.0420646951924,0.0
T003211,192.4304416648206,1.0,10.0,21.07098846152352,0.0
T003212,227.4504854358861,2.0,3.0,28.401063975550343,1.0
T003213,,1.0,,18.95564394029948,0.0
T003214,1.0,3.0,16.0,50.61371637686614,0.0
T003215,204.79217509045796,2.0,1.0,9.884600413302762,0.0
T003216,118.82047630487584,3.0,2.0,18.503073698136195,1.0
T003217,105.4541485174916,3.0,0.0,0.5084919214535816,1.0
T003218,77.00703688424299,2.0,8.0,,0.0
T003219,92.65732393723496,2.0,1.0,,0.0
T003220,54.89742228212448,2.0,1.0,41.29782898713238,0.0
T003221,120.1637281518586,2.0,0.0,2.007496478353893,0.0
T003222,30.48890374232687,3.0,8.0,8.799135407930992,0.0
T003223,138.3040139192345,3.0,12.0,3.697268577907784,0.0
T003224,103.99007420293664,2.0,16.0,43.216327563755655,0.0
T003225,105.54431914142089,1.0,2.0,4.105116355036244,0.0
T003226,49.87353176810956,2.0,1.0,4.8185176363182665,0.0
T003227,95.69651536045536,1.0,6.0,15.274330730339855,0.0
T003228,111.5803737084046,2.0,2.0,9.047823020436187,0.0
T003229,158.3185272834626,2.0,0.0,41.49053952544916,0.0
T003230,85.24550428810468,2.0,0.0,34.78811792414345,0.0
T003231,1.0,2.0,9.0,61.51820924105985,0.0
T003232,47.49296301989272,3.0,1.0,170.10101590806707,0.0
T003233,181.7898903067908,3.0,1.0,69.27739687258266,0.0
T003234,125.08913680837723,2.0,,53.79482060116174,0.0
T003235,119.79017667187046,2.0,3.0,11.252073846035978,0.0
T003236,63.34835022380053,2.0,0.0,3.4892800859137143,0.0
T003237,138.9468251756057,2.0,4.0,1.631920403785278,0.0
T003238,142.50396662087766,2.0,1.0,5.916577019057635,1.0
T003239,96.52338568788652,2.0,0.0,10.246306808217618,1.0
T003240,133.89376597654538,1.0,6.0,,0.0
T003241,202.3431097859779,2.0,0.0,23.188710192845008,0.0
T003242,,1.0,0.0,39.77649646491468,0.0
T003243,99.01811005366594,2.0,2.0,5.164509110204738,0.0
T003244,15.82809038895249,2.0,5.0,11.442357698026324,
T003245,127.61499688397616,3.0,3.0,29.94403385313201,0.0
T003246,72.24916492279453,2.0,5.0,24.42761891433133,0.0
T003247,86.77425793446946,1.0,13.0,2.613667211956355,0.0
T003248,110.66468536864691,2.0,0.0,35.544542304388045,0.0
T003249,158.1688027581775,3.0,16.0,10.181827856940348,0.0
T003250,186.34819256167023,2.0,4.0,5.289500867178399,0.0
T003251,37.25386659988538,2.0,11.0,17.03046375508532,0.0
T003252,131.20599085260775,2.0,12.0,9.745450015487592,0.0
T003253,88.4532734895661,2.0,6.0,21.89555410724375,0.0
T003254,42.61543050921664,2.0,15.0,48.1686490720967,0.0
T003255,125.29827767279326,3.0,24.0,,0.0
T003256,,2.0,0.0,11.920107857825275,0.0
T003257,118.9883818020448,2.0,3.0,47.830296466584784,0.0
T003258,77.1939586262906,2.0,0.0,54.26029618427079,0.0
T003259,23.12076017754123,2.0,2.0,22.017061325224173,1.0
T003260,121.7987694750023,,1.0,1.531449733574748,0.0
T003261,77.31818062041586,1.0,1.0,0.8621437344680608,0.0
T003262,173.75561821549277,,1.0,40.641639224427685,0.0
T003263,68.42814862584083,2.0,7.0,8.35677678997246,0.0
T003264,97.2115461171147,1.0,2.0,20.920351969583887,0.0
T003265,100.21149294970758,1.0,6.0,7.667680166431441,1.0
T003266,94.01901878156144,3.0,1.0,52.916037015063054,0.0
T003267,97.44406534923112,3.0,0.0,2.389831291826582,0.0
T003268,,2.0,,2.9523953529716804,
T003269,69.71922301315679,,2.0,87.40912861315066,0.0
T003270,48.501386261153215,1.0,7.0,133.23714257843696,0.0
T003271,207.1135179305932,2.0,4.0,36.967429735197705,0.0
T003272,63.09714581693042,2.0,4.0,34.881963110933576,0.0
T003273,104.90337697694724,2.0,4.0,51.591940602181,0.0
T003274,148.68111247139234,3.0,8.0,0.6614289965521406,0.0
T003275,59.192250548597805,1.0,2.0,,0.0
T003276,170.9265672574018,1.0,5.0,10.711394639302878,0.0
T003277,112.46918418553776,3.0,1.0,,0.0
T003278,88.47376874098745,,4.0,,1.0
T003279,133.17728092492175,2.0,1.0,15.821277661006064,0.0
T003280,83.88397653943301,2.0,2.0,3.2604777882468445,0.0
T003281,148.75988148912148,,3.0,5.635461982935704,0.0
T003282,109.52119449625287,3.0,3.0,0.3715843909866366,0.0
T003283,156.97777680127348,1.0,5.0,31.63131698727636,0.0
T003284,,2.0,7.0,,0.0
T003285,142.63868375611096,2.0,0.0,28.36493163380946,0.0
T003286,81.41104942382557,1.0,0.0,1.0211498237060166,0.0
T003287,40.83707436671125,2.0,3.0,2.716867155395545,0.0
T003288,20.94046489839333,2.0,0.0,10.838581649505024,0.0
T003289,104.99434772046064,1.0,0.0,,0.0
T003290,156.86572711823646,2.0,2.0,6.655643607818187,0.0
T003291,,1.0,2.0,,0.0
T003292,94.97621397141474,2.0,3.0,2.5145085542181023,0.0
T003293,207.19720446626627,3.0,0.0,36.995475452753546,0.0
T003294,32.12412300790325,2.0,1.0,30.75894664793687,0.0
T003295,137.20959857499685,3.0,0.0,,0.0
T003296,123.4489039074234,,3.0,5.802560650663422,0.0
T003297,95.9541331168656,1.0,14.0,27.509506245494865,0.0
T003298,,1.0,10.0,24.94063435568411,0.0
T003299,136.5977751254923,2.0,,0.7438439390450835,
T003300,7.986680760221574,2.0,0.0,35.0946743839676,1.0
T003301,156.3025125386084,3.0,1.0,19.4964898888196,0.0
T003302,119.69366090823716,1.0,5.0,24.839576973895365,0.0
T003303,149.19261718030734,3.0,3.0,15.53681527635569,0.0
T003304,95.16199484065554,2.0,0.0,15.963644046355386,0.0
T003305,166.84845367779803,2.0,20.0,52.08193143579039,0.0
T003306,153.50751191582137,1.0,7.0,27.83327491277356,0.0
T003307,129.10132835423633,2.0,1.0,0.0892780977759523,0.0
T003308,70.15526076340143,2.0,0.0,9.879919112679218,0.0
T003309,,3.0,5.0,,0.0
T003310,130.63869525312847,2.0,3.0,10.08614172556209,0.0
T003311,110.2537669617315,2.0,1.0,19.35115901923589,0.0
T003312,104.1141994637712,2.0,14.0,2.682234430977584,0.0
T003313,74.78509920936884,2.0,8.0,10.248466020320738,0.0
T003314,148.09935945359206,2.0,0.0,6.025219860994543,0.0
T003315,108.99571847732084,2.0,4.0,5.397093862440877,0.0
T003316,66.42438965097271,3.0,7.0,3.3236182835646035,0.0
T003317,66.11275147375743,2.0,6.0,,0.0
T003318,12.618174508586918,2.0,3.0,10.658892554739314,0.0
T003319,60.83733538318815,2.0,1.0,11.32743198871987,0.0
T003320,96.01793043771424,2.0,17.0,,0.0
T003321,54.561516459601336,,,17.868661874643408,0.0
T003322,208.49682940402715,3.0,1.0,46.78077256870161,0.0
T003323,214.5955633409343,,,110.67440633956534,0.0
T003324,108.99470755767392,3.0,0.0,17.328318924309645,0.0
T003325,65.68604321224578,3.0,5.0,52.96964421013272,0.0
T003326,129.53274153461547,3.0,0.0,43.47015880000685,
T003327,104.66861871383256,2.0,1.0,,0.0
T003328,219.7180950291225,2.0,16.0,60.66207780423496,0.0
T003329,141.30235857207532,1.0,3.0,21.504727660031005,0.0
T003330,179.72211958745984,2.0,9.0,23.32367520901917,1.0
T003331,61.2692514990709,2.0,2.0,,0.0
T003332,144.48153978117185,3.0,2.0,18.529872009174227,0.0
T003333,110.87164365898614,3.0,7.0,10.631579496369111,0.0
T003334,12.88891536823624,2.0,1.0,13.180501891498626,1.0
T003335,121.04864721946949,2.0,0.0,3.964119991475971,0.0
T003336,107.9026744960066,3.0,0.0,83.27375792584883,0.0
T003337,106.8676239703518,3.0,,7.259565863132177,0.0
T003338,79.65573777478127,2.0,5.0,1.83897653527765,0.0
T003339,23.42323423781785,2.0,3.0,21.01644727468748,0.0
T003340,116.07966056696192,3.0,0.0,40.10718869286609,0.0
T003341,108.4680412018039,,4.0,0.9836747145266392,0.0
T003342,110.41914039737762,1.0,7.0,1.9363283763009869,0.0
T003343,70.97382750976386,1.0,3.0,25.993708020815635,0.0
T003344,185.53066862909628,2.0,1.0,58.95178985456258,0.0
T003345,38.19321019847688,2.0,9.0,,0.0
T003346,40.27385301169824,2.0,4.0,89.29465942221397,0.0
T003347,92.00307350182864,2.0,0.0,1.0738471240627738,0.0
T003348,112.80853028471392,2.0,4.0,29.916101251519,0.0
T003349,118.77279288136263,1.0,,16.242082402693967,0.0
T003350,80.14423342160735,3.0,0.0,58.55668202987418,0.0
T003351,163.1292051713591,3.0,0.0,11.25855101647634,1.0
T003352,27.73973677938872,2.0,,53.584411030816895,0.0
T003353,52.49682512669364,1.0,2.0,42.717210420701605,0.0
T003354,,2.0,3.0,4.496783104700748,0.0
T003355,148.19395583974548,3.0,0.0,6.177177297185678,0.0
T003356,86.56771233451288,2.0,7.0,31.846767792747325,0.0
T003357,152.0030909951288,3.0,8.0,5.260513259142207,0.0
T003358,92.09230778138398,3.0,,18.42379884675667,0.0
T003359,98.04189422786204,2.0,4.0,9.253284459725483,0.0
T003360,73.77164931164745,2.0,2.0,16.915017706671975,0.0
T003361,142.9916780733729,2.0,3.0,54.11701383164775,0.0
T003362,66.15389998470206,3.0,0.0,64.95970954431442,0.0
T003363,96.8438493444376,3.0,9.0,30.517457337779835,0.0
T003364,29.18864721036772,2.0,1.0,8.255018254384696,1.0
T003365,80.40616173065668,3.0,8.0,3.318274045952005,0.0
T003366,,2.0,11.0,5.860466067566263,0.0
T003367,132.82768043169148,2.0,3.0,3.993553082373465,0.0
T003368,47.07796831791736,2.0,5.0,12.424465926360435,0.0
T003369,81.64860804583388,3.0,2.0,11.99342014034024,0.0
T003370,104.30719415231874,2.0,6.0,29.772519829915524,0.0
T003371,78.12708498382948,2.0,5.0,4.809550402194153,1.0
T003372,,3.0,3.0,49.72841876405884,0.0
T003373,123.5022093684101,2.0,4.0,16.812446209508572,0.0
T003374,122.23013341100705,3.0,5.0,2.161417384201134,0.0
T003375,104.2084115092848,2.0,1.0,46.48038320414709,0.0
T003376,56.805851970511696,3.0,6.0,21.88326375153734,0.0
T003377,123.8120176693833,3.0,1.0,20.491074044738006,0.0
T003378,1.0,3.0,9.0,2.1497575224560106,0.0
T003379,93.02768621595004,2.0,8.0,50.42486569966136,0.0
T003380,13.711443759371337,1.0,2.0,17.637346230937712,0.0
T003381,73.36372508915483,2.0,0.0,13.62845408805434,0.0
T003382,43.71725160997075,,1.0,44.60385664003109,0.0
T003383,93.7412785808418,2.0,9.0,16.492737475151262,0.0
T003384,147.57246385290432,,1.0,5.925049338221566,0.0
T003385,181.4307772785646,3.0,0.0,8.651658794829972,0.0
T003386,103.6126024118958,3.0,1.0,30.423804675420357,0.0
T003387,169.96139750355798,3.0,1.0,24.58978117330145,0.0
T003388,,2.0,4.0,1.235926992315662,0.0
T003389,85.83909805273836,2.0,9.0,10.409924821997338,0.0
T003390,58.620488967564015,3.0,2.0,26.351008713069163,0.0
T003391,46.490421855283415,2.0,0.0,2.688526126994012,0.0
T003392,143.72585370662614,1.0,,,0.0
T003393,,2.0,8.0,5.974640422042592,0.0
T003394,46.39304940071965,1.0,6.0,14.729078317893302,0.0
T003395,97.00869282350482,3.0,3.0,33.85753185139242,0.0
T003396,,2.0,1.0,53.38357121607204,0.0
T003397,128.44915395926375,,,,0.0
T003398,138.87036763822556,1.0,1.0,,0.0
T003399,124.60094239963996,2.0,7.0,3.950562283059477,0.0
T003400,176.51672821772055,2.0,3.0,23.91877404305069,0.0
T003401,106.21428474254252,2.0,7.0,22.64895003768168,0.0
T003402,100.06628443672037,2.0,,25.496402998755517,0.0
T003403,68.0707087427485,2.0,0.0,,0.0
T003404,139.53127995813844,3.0,13.0,,0.0
T003405,81.93447190163548,1.0,8.0,33.58230738472188,0.0
T003406,160.4183115296571,2.0,2.0,13.57238786850941,1.0
T003407,47.03932390555242,3.0,3.0,16.868096814453974,0.0
T003408,161.79058100034695,2.0,4.0,86.96365653685007,1.0
T003409,,3.0,0.0,6.927201965056215,
T003410,84.13247538787326,1.0,1.0,7.256319668888523,0.0
T003411,88.53046279659861,2.0,1.0,17.57992410573859,0.0
T003412,105.67280200282762,3.0,5.0,6.456103166787621,0.0
T003413,77.3292945808073,3.0,8.0,25.5247392646162,0.0
T003414,,3.0,0.0,19.211478228242747,1.0
T003415,89.8163124911517,3.0,0.0,8.530685174122429,1.0
T003416,41.896708987185846,3.0,0.0,35.43522274340878,0.0
T003417,,3.0,6.0,9.87975436685594,0.0
T003418,87.09772421944193,3.0,8.0,3.542356649159629,0.0
T003419,131.1103572021701,1.0,2.0,18.64996175583028,0.0
T003420,127.89051531759311,2.0,,17.947830978493474,1.0
T003421,90.30869306135982,2.0,4.0,65.69835883156114,0.0
T003422,96.35855436715636,2.0,0.0,13.037912413631403,0.0
T003423,165.17539659673795,2.0,8.0,3.357310522530613,0.0
T003424,36.32072257017004,3.0,2.0,73.5759856770161,0.0
T003425,75.60442959271487,2.0,3.0,126.37119690407756,0.0
T003426,149.88160384601224,2.0,14.0,9.211824242470056,0.0
T003427,163.88384109492546,3.0,1.0,30.937340875033133,1.0
T003428,59.6204329950852,2.0,6.0,59.82776638514613,1.0
T003429,143.62286641400723,1.0,3.0,4.7924328162590335,0.0
T003430,74.19776358913131,2.0,7.0,2.955355486268183,0.0
T003431,31.70879222922805,2.0,2.0,8.844077421763082,
T003432,29.85669213960726,2.0,2.0,54.11139039044424,0.0
T003433,187.7737849157745,2.0,10.0,0.9532303706036588,0.0
T003434,108.7643389466962,1.0,6.0,27.60081018165431,0.0
T003435,175.45655067022753,1.0,,14.319115613985314,0.0
T003436,163.34555745933113,2.0,7.0,8.28634141899022,0.0
T003437,257.6028367256042,2.0,3.0,12.51956299531429,0.0
T003438,151.53299041207796,1.0,2.0,23.59740751203409,0.0
T003439,121.86565935194804,3.0,4.0,71.93239395152106,0.0
T003440,136.5382059533262,3.0,6.0,44.64029351756501,
T003441,97.2852566741094,2.0,5.0,,0.0
T003442,91.20570937838318,1.0,0.0,62.647594360491766,0.0
T003443,113.21341358228185,3.0,8.0,24.19373312666581,0.0
T003444,67.2733214500845,2.0,1.0,0.7747711795193839,1.0
T003445,126.53415615050238,,7.0,19.47153673537703,0.0
T003446,54.93121600514127,1.0,0.0,18.24153644239691,
T003447,124.04540463744476,3.0,1.0,,0.0
T003448,72.78086377374086,2.0,20.0,50.62828002268107,0.0
T003449,,1.0,11.0,,0.0
T003450,87.04789270896484,2.0,1.0,40.67333066530311,0.0
T003451,28.309708803579284,3.0,0.0,0.9857254783924432,1.0
T003452,116.69299832842674,3.0,7.0,0.443437404953056,0.0
T003453,,1.0,1.0,3.731476250538631,0.0
T003454,19.10996930923315,3.0,7.0,18.98434410468453,1.0
T003455,103.01151049705132,2.0,7.0,12.668585715973112,1.0
T003456,24.167872528960444,3.0,2.0,,0.0
T003457,189.7605677956161,3.0,5.0,104.99855606931104,0.0
T003458,69.29387174958418,1.0,6.0,1.3653388426009232,1.0
T003459,66.49423997728834,3.0,5.0,41.98417807578454,0.0
T003460,,2.0,11.0,15.581900500541812,0.0
T003461,88.43495285351503,2.0,5.0,30.624613528791198,0.0
T003462,58.03912383886807,2.0,3.0,139.50072124733418,0.0
T003463,123.73491164399763,2.0,6.0,14.893173945225408,0.0
T003464,84.52267803430048,3.0,2.0,39.88466215664854,0.0
T003465,64.71132584523174,2.0,0.0,20.454418504307192,0.0
T003466,92.64989991857556,2.0,12.0,0.1347727475502584,1.0
T003467,62.754867759677545,2.0,13.0,24.12701601574629,0.0
T003468,,2.0,17.0,39.01902134733022,0.0
T003469,143.6157690014225,3.0,11.0,8.428866041659107,0.0
T003470,75.4219030490535,2.0,0.0,0.6484190043749241,0.0
T003471,114.3562082600912,2.0,0.0,52.166875990402175,1.0
T003472,81.73795112550768,3.0,2.0,40.17207951593913,0.0
T003473,73.77398668601131,3.0,,49.728633749926246,
T003474,13.486863475782757,,6.0,11.48999247248462,0.0
T003475,89.21064368358901,3.0,0.0,40.07618307569395,0.0
T003476,78.80549788388237,3.0,2.0,,
T003477,86.00033490627601,2.0,8.0,7.610750225590513,
T003478,,3.0,1.0,39.30060904706203,0.0
T003479,122.73704560705671,3.0,8.0,10.379966082963715,1.0
T003480,115.39161862569424,3.0,0.0,19.393510656228734,
T003481,56.0358608794006,3.0,1.0,23.580062614707437,0.0
T003482,132.51005889793305,3.0,1.0,24.423863793928877,0.0
T003483,38.71171684988294,3.0,1.0,,0.0
T003484,58.71731585989289,3.0,6.0,7.361827671515724,0.0
T003485,116.89777770725128,1.0,1.0,,0.0
T003486,1.0,2.0,2.0,3.0336715535293592,0.0
T003487,79.17807833759872,3.0,6.0,,1.0
T003488,173.10979693588183,2.0,4.0,23.402135488809066,0.0
T003489,75.63985394025364,2.0,3.0,48.5006204690686,
T003490,110.02298157068644,3.0,2.0,6.590991790954555,0.0
T003491,101.63984977057932,3.0,25.0,1.829793016240565,0.0
T003492,43.48981376630381,2.0,,78.28719452404104,1.0
T003493,115.07736711668062,2.0,0.0,19.02862017093684,0.0
T003494,69.59969285313382,3.0,2.0,1.4176502466821654,0.0
T003495,124.57147263601,2.0,27.0,,0.0
T003496,109.7538462711301,1.0,7.0,65.43346351488299,0.0
T003497,182.77035565441477,3.0,0.0,4.666464200051344,0.0
T003498,103.60766184108806,3.0,1.0,13.381916825183463,0.0
T003499,64.04452742754071,3.0,15.0,36.54712683651365,0.0
T003500,20.03026189028444,3.0,10.0,21.2426612036926,0.0
