transaction_id,transaction_amount,hour_of_day,prev_transactions,distance_from_home,is_first_transaction
T003501,3.616371032719499,2.0,3.0,,0.0
T003502,21.60702873172721,1.0,0.0,1.5291645162099965,0.0
T003503,80.80626293346086,2.0,2.0,7.591973020180243,0.0
T003504,16.27652697733774,2.0,16.0,32.02873643363986,0.0
T003505,32.20148275700181,2.0,0.0,5.069974287632164,0.0
T003506,117.85562857558732,2.0,4.0,41.7028992532168,0.0
T003507,76.84193189573006,3.0,0.0,,
T003508,,1.0,9.0,16.536608900716494,0.0
T003509,73.23359070230387,3.0,1.0,7.09253030723132,0.0
T003510,121.03498155092394,1.0,3.0,71.30392444875505,0.0
T003511,61.04902892400072,3.0,7.0,93.34001014810156,0.0
T003512,30.210539890375745,1.0,2.0,16.458258840144488,0.0
T003513,152.8907090410398,2.0,8.0,28.406697844665175,0.0
T003514,118.85501969510932,3.0,4.0,42.87325438548553,0.0
T003515,68.49875102330529,1.0,4.0,38.20075068277279,0.0
T003516,105.8289256006232,2.0,4.0,19.878519581633007,0.0
T003517,75.17341322590156,3.0,6.0,16.37697120397327,0.0
T003518,53.771794281095005,2.0,2.0,26.530892179402404,0.0
T003519,85.4094365542228,3.0,0.0,18.563645465313577,0.0
T003520,217.18270264063125,2.0,3.0,62.63359943372882,0.0
T003521,141.67644808044622,3.0,1.0,3.760935157238051,1.0
T003522,168.1281426356226,3.0,6.0,2.407185735748479,0.0
T003523,36.53347517266504,2.0,,19.4471999830564,1.0
T003524,171.22479106234738,1.0,4.0,26.66602072402503,0.0
T003525,11.475943111196102,3.0,4.0,15.11199845300827,0.0
T003526,100.90084360222232,2.0,0.0,6.986317502127906,1.0
T003527,99.74466839863877,3.0,8.0,5.921277380050522,0.0
T003528,,2.0,20.0,,0.0
T003529,48.79857045568102,1.0,0.0,19.583692854611964,0.0
T003530,105.32151138459484,2.0,2.0,12.196280782466436,0.0
T003531,109.48530838051978,2.0,1.0,6.262907888396323,0.0
T003532,103.46849013290348,2.0,0.0,44.37421534319939,0.0
T003533,140.47972179859428,3.0,4.0,1.5081325228084892,0.0
T003534,75.80570829728393,3.0,,51.2278080364914,0.0
T003535,78.37209060901895,2.0,1.0,23.54424268164168,0.0
T003536,82.74176472751017,2.0,15.0,18.47490963348239,0.0
T003537,134.01101802383454,2.0,0.0,33.58686136926241,0.0
T003538,66.8549541224526,2.0,,10.345653657737213,
T003539,58.285909498268765,2.0,0.0,23.44586507462821,0.0
T003540,76.29109124480175,3.0,4.0,6.1558511914414815,0.0
T003541,42.91554429332475,3.0,5.0,0.1009640138274456,0.0
T003542,82.63488555210785,2.0,4.0,8.333940372029247,0.0
T003543,104.35082401961932,3.0,2.0,51.066435943590925,
T003544,,3.0,2.0,56.68651353572682,0.0
T003545,,1.0,4.0,5.804001539209204,0.0
T003546,87.36183724519073,2.0,,53.4481148412832,0.0
T003547,181.62056519658177,3.0,2.0,25.73945836237323,0.0
T003548,2.6328762929592813,2.0,1.0,47.27743201783208,0.0
T003549,85.1218248320004,3.0,17.0,10.73216217458043,0.0
T003550,77.04548448905041,3.0,5.0,29.92479139046103,0.0
T003551,91.86035469638529,3.0,17.0,8.34679003673497,1.0
T003552,109.06255813010252,2.0,1.0,217.1874904958184,0.0
T003553,107.14715473818534,3.0,2.0,17.832939183506888,0.0
T003554,113.91743173223348,3.0,1.0,33.028705423524094,0.0
T003555,70.38795775935927,3.0,3.0,13.82111333415217,0.0
T003556,100.69646459564731,1.0,6.0,64.60764029378869,0.0
T003557,93.5670276823972,3.0,15.0,12.351717995078737,0.0
T003558,89.71860731783762,2.0,4.0,2.66934890133446,
T003559,152.69457761479416,2.0,0.0,12.255442283218056,0.0
T003560,71.44105051086015,3.0,2.0,24.289546814031624,0.0
T003561,64.17132557879475,2.0,2.0,25.77530902899422,0.0
T003562,87.8308010312491,1.0,1.0,,0.0
T003563,72.52298627022326,2.0,0.0,10.11898154680363,0.0
T003564,104.12198764672516,2.0,1.0,28.439321143120196,1.0
T003565,,2.0,5.0,48.54629111822991,0.0
T003566,108.029471658588,,0.0,28.31006961832132,0.0
T003567,138.54011099939856,3.0,0.0,36.23126598432881,0.0
T003568,145.94574273291647,1.0,11.0,8.433309180469161,0.0
T003569,87.56920731166613,2.0,5.0,58.51035552906425,0.0
T003570,108.98111363159616,2.0,7.0,,0.0
T003571,55.471559470449286,2.0,0.0,13.024521541587964,0.0
T003572,,3.0,13.0,21.50639006203267,0.0
T003573,137.89609249618098,1.0,,18.905048509020265,0.0
T003574,,3.0,0.0,69.75508584746629,0.0
T003575,132.27420905705378,1.0,5.0,15.63950292643836,0.0
T003576,124.46272675381638,3.0,9.0,5.064439524339126,0.0
T003577,62.21274202535776,3.0,14.0,14.859597434416283,0.0
T003578,2.921609968988932,2.0,1.0,19.225506507654487,0.0
T003579,164.05081808675564,3.0,0.0,2.898043933697652,0.0
T003580,1.0,2.0,,13.51262411175233,1.0
T003581,88.67579505750841,3.0,5.0,42.31504141318097,0.0
T003582,111.71073662682603,1.0,1.0,47.84264120431638,0.0
T003583,116.13592801690449,2.0,9.0,21.95519009976094,0.0
T003584,140.67586086848348,2.0,1.0,2.5402717599901163,0.0
T003585,131.4814420961806,3.0,0.0,15.168216911703508,1.0
T003586,145.67923131166248,3.0,0.0,31.42518878882765,0.0
T003587,67.65316111472131,3.0,0.0,12.854143620082796,0.0
T003588,1.0,2.0,1.0,42.39385748929988,0.0
T003589,96.86758889390892,2.0,1.0,9.728961153503644,1.0
T003590,90.2304824411488,1.0,7.0,,0.0
T003591,47.468833908609945,2.0,5.0,16.487352979827165,0.0
T003592,106.10049073226809,2.0,0.0,56.73575884765517,0.0
T003593,154.3855213078933,3.0,3.0,58.04700013141976,0.0
T003594,105.03955363224031,2.0,,38.18743669157887,0.0
T003595,115.92605023994372,3.0,3.0,7.684006140236843,0.0
T003596,119.78994243548736,2.0,5.0,13.551301136255086,0.0
T003597,59.5309589458623,2.0,,0.9886244947945534,0.0
T003598,59.710017255789765,3.0,,0.9021751526662446,1.0
T003599,34.85776182376273,2.0,1.0,0.9799643703597752,0.0
T003600,159.28520773314983,3.0,4.0,7.980319118597652,0.0
T003601,61.87910246985428,3.0,8.0,15.246362518579875,0.0
T003602,20.71871466152037,2.0,7.0,4.095352133661703,0.0
T003603,74.71266478690316,3.0,4.0,32.08419148640599,0.0
T003604,76.73447716099733,1.0,8.0,7.312952333984153,0.0
T003605,41.02701677461098,2.0,5.0,14.781105442899234,0.0
T003606,111.63933714700818,2.0,12.0,3.902977337968349,0.0
T003607,84.24590360455383,2.0,3.0,36.76061546008864,0.0
T003608,165.30361019358145,1.0,5.0,26.26441625035096,0.0
T003609,137.46412784397256,2.0,2.0,38.353607517044416,0.0
T003610,73.34547989920834,2.0,0.0,0.108342889728778,0.0
T003611,57.16139530866036,3.0,0.0,4.32921174517555,0.0
T003612,103.66683723890684,2.0,8.0,46.54854776921281,1.0
T003613,,2.0,2.0,40.118059875276266,0.0
T003614,102.27819405709492,2.0,3.0,9.496865181524718,0.0
T003615,115.80779785913892,3.0,1.0,23.89082005151443,0.0
T003616,30.572872308439443,3.0,10.0,15.80183645688348,0.0
T003617,116.5631715701782,1.0,0.0,12.778185563390515,0.0
T003618,104.35235341190857,1.0,5.0,19.34231139168954,0.0
T003619,98.02224230716725,3.0,0.0,12.204965485210469,0.0
T003620,127.57381376197615,1.0,13.0,0.150095228200193,0.0
T003621,90.54398046114832,2.0,4.0,153.04149506291594,0.0
T003622,98.0052808124144,2.0,,22.04898692772223,0.0
T003623,154.0390362777311,2.0,1.0,,0.0
T003624,1.2256114391431223,2.0,17.0,50.445207539305294,0.0
T003625,,1.0,4.0,13.52999402702982,0.0
T003626,166.43204141241156,3.0,3.0,,0.0
T003627,35.34292281206761,3.0,0.0,7.633987065859834,0.0
T003628,29.90744686038596,3.0,1.0,8.248640330612197,0.0
T003629,96.69336926870888,2.0,23.0,34.653727307337526,0.0
T003630,99.29505170466642,3.0,3.0,24.66458947519039,0.0
T003631,75.78708240345848,2.0,1.0,21.16814754196204,0.0
T003632,24.497939400737398,1.0,3.0,6.893726323102952,0.0
T003633,55.73756569378887,3.0,7.0,7.086989162563503,0.0
T003634,2.521914112281649,2.0,0.0,,0.0
T003635,140.1577371307011,2.0,2.0,11.725426316831324,
T003636,84.61108825234996,2.0,2.0,9.724197055353732,1.0
T003637,84.0076238372578,1.0,3.0,30.10106288239747,0.0
T003638,67.68863450780984,2.0,8.0,,0.0
T003639,144.3827712936918,3.0,0.0,68.40774721391496,0.0
T003640,119.56046636186969,2.0,10.0,64.01976450922345,0.0
T003641,121.07730417682806,2.0,0.0,43.40963843515528,0.0
T003642,,2.0,6.0,0.8389562236094522,0.0
T003643,140.66025933739886,2.0,2.0,30.750977294420384,0.0
T003644,229.39544867653424,2.0,,,0.0
T003645,169.6590628967453,2.0,0.0,59.2296699824738,0.0
T003646,68.63432770243486,2.0,7.0,50.65988993373847,1.0
T003647,50.57044464245413,2.0,3.0,26.548249619039957,0.0
T003648,120.87325449106476,,5.0,36.51908343716861,0.0
T003649,78.30632685104055,2.0,7.0,8.246455749664642,0.0
T003650,1.0,2.0,5.0,52.22199893882961,0.0
T003651,86.25773496651038,3.0,,24.28340949602563,0.0
T003652,67.15528605143021,3.0,9.0,11.093681810564588,0.0
T003653,199.3637999615404,,6.0,3.619435305647682,0.0
T003654,1.0,3.0,1.0,15.40572698258301,1.0
T003655,119.05791924413889,3.0,4.0,40.4835701428444,0.0
T003656,25.797166753783245,2.0,4.0,55.77494541742497,0.0
T003657,53.79685963294673,3.0,0.0,17.88204927485407,0.0
T003658,41.41728263412191,2.0,1.0,7.239838931483848,0.0
T003659,72.484742307729,2.0,,12.948757149876531,0.0
T003660,57.4732360626478,1.0,3.0,1.4743359853108076,0.0
T003661,103.4668580857674,2.0,3.0,58.4021426012895,0.0
T003662,167.7721400552748,2.0,20.0,72.54099785389378,0.0
T003663,97.68693913668288,3.0,6.0,2.263773307318598,0.0
T003664,96.7124869463506,2.0,0.0,,0.0
T003665,146.39200640406187,2.0,9.0,,1.0
T003666,108.0009112926394,3.0,14.0,17.47554321808472,0.0
T003667,104.141628525905,3.0,6.0,,1.0
T003668,171.02521436355318,3.0,5.0,68.48042030687958,0.0
T003669,71.68027043926384,2.0,1.0,13.505508645822651,0.0
T003670,74.16929006199462,2.0,2.0,,0.0
T003671,84.8324966261433,3.0,2.0,8.148768728598721,0.0
T003672,146.41228456721623,3.0,1.0,17.686880325645397,0.0
T003673,118.22807386777284,3.0,2.0,5.849996824288433,0.0
T003674,59.09005582888464,2.0,11.0,9.254081248628298,0.0
T003675,107.57015239758664,2.0,1.0,46.654423016736594,0.0
T003676,115.4416506299482,3.0,7.0,2.4332430463813064,0.0
T003677,22.60992218454844,2.0,,7.160295171729572,0.0
T003678,61.86376107168929,2.0,,21.17639909101215,0.0
T003679,1.0,3.0,1.0,31.776548142019735,0.0
T003680,123.77153412633118,3.0,13.0,13.264823943704362,
T003681,183.56737877187385,3.0,,51.42765475121133,0.0
T003682,72.81965519534737,3.0,14.0,25.789273014213283,0.0
T003683,1.835542608051284,3.0,4.0,32.439483947818765,0.0
T003684,33.361130126017514,2.0,0.0,1.092667854474609,0.0
T003685,133.27084118458893,2.0,0.0,5.587539979937814,0.0
T003686,139.32031059979082,3.0,1.0,4.143250556657742,0.0
T003687,151.34473091289573,2.0,2.0,61.21026831876535,0.0
T003688,43.99762887650639,2.0,12.0,59.07133829985629,0.0
T003689,140.69904300988705,2.0,8.0,10.409552376167332,0.0
T003690,178.96064077536957,2.0,1.0,2.043685889245489,0.0
T003691,113.2010040666835,3.0,9.0,41.76503037257268,0.0
T003692,97.72943910338807,3.0,6.0,138.12005010895777,0.0
T003693,15.632782644464484,2.0,3.0,8.442505904298123,0.0
T003694,146.78391965737305,,2.0,4.382163498553089,0.0
T003695,82.84038622512948,3.0,2.0,1.750995023267741,0.0
T003696,38.5408201099792,2.0,,9.957716344543536,0.0
T003697,125.26685738236742,2.0,2.0,7.286054553539111,0.0
T003698,139.89253506910694,2.0,,34.48819954829713,0.0
T003699,,3.0,1.0,27.663639200818345,0.0
T003700,69.32061973186028,3.0,15.0,7.002706521117638,0.0
T003701,1.0,3.0,,1.152964606061868,0.0
T003702,78.21177515146904,1.0,1.0,4.215114812869667,0.0
T003703,164.74927924084778,2.0,7.0,10.955632462670373,1.0
T003704,,3.0,0.0,9.3889671824056,0.0
T003705,84.08812361286898,,0.0,159.54073556938238,0.0
T003706,,3.0,3.0,31.79223381409477,0.0
T003707,125.41343198372948,2.0,,18.147560167721096,0.0
T003708,66.03846734035224,2.0,4.0,84.73119413859014,0.0
T003709,89.29248446444056,1.0,9.0,3.815161453340204,0.0
T003710,198.82202922577423,2.0,5.0,4.571573032490054,0.0
T003711,60.755084345888,2.0,0.0,24.316321026013423,0.0
T003712,124.60071402834492,2.0,5.0,6.384249352285135,0.0
T003713,99.27738645608603,3.0,,1.759880670146563,0.0
T003714,144.4518561139946,2.0,15.0,40.90248924924728,0.0
T003715,189.83326008375087,3.0,3.0,8.449612103170143,0.0
T003716,113.03368829119536,2.0,25.0,7.253488845245102,0.0
T003717,115.38063340945982,2.0,11.0,11.339974948216469,0.0
T003718,113.86884689790958,,1.0,6.045558825416593,0.0
T003719,30.899121565378124,1.0,1.0,1.5272780682254503,0.0
T003720,,2.0,0.0,2.1340642678792343,1.0
T003721,72.14347137138844,2.0,4.0,5.441664586170768,0.0
T003722,108.59196698967656,3.0,3.0,62.155477510488936,0.0
T003723,101.8968917723801,2.0,0.0,19.93066318637452,0.0
T003724,100.3940092347364,3.0,1.0,29.11877192228865,0.0
T003725,116.06786077251364,3.0,2.0,,
T003726,38.78508818553171,1.0,1.0,6.310230959722979,0.0
T003727,105.526765873697,2.0,1.0,2.2700002962816312,0.0
T003728,37.77567750555672,2.0,10.0,0.5817341371199344,0.0
T003729,197.6629568763284,3.0,0.0,22.176045001477245,0.0
T003730,,3.0,1.0,15.704517799361035,0.0
T003731,46.01318393620758,2.0,11.0,10.53970639067155,0.0
T003732,74.03018140869366,1.0,6.0,10.018199840263986,0.0
T003733,8.969834972574148,3.0,12.0,13.478423546761684,0.0
T003734,134.31300951872566,2.0,3.0,23.26991264078102,0.0
T003735,1.0,,8.0,66.58272138705698,0.0
T003736,117.18091447842306,3.0,4.0,10.48446270118841,0.0
T003737,89.04497355955678,3.0,8.0,45.50170713037891,0.0
T003738,183.88504070382203,3.0,,13.134446382008072,0.0
T003739,,2.0,2.0,9.069244976640082,0.0
T003740,,1.0,1.0,20.394862313383115,0.0
T003741,100.4394221316036,3.0,2.0,13.456558263074534,0.0
T003742,110.62870153161074,3.0,5.0,33.47800827442286,0.0
T003743,150.9461620044949,2.0,5.0,3.3361472278047546,1.0
T003744,159.7054701523686,2.0,1.0,6.819701177134628,0.0
T003745,30.01592476336569,3.0,18.0,80.59857040844489,0.0
T003746,28.492931101968367,2.0,11.0,,0.0
T003747,155.40914083687582,2.0,0.0,38.4818238091956,1.0
T003748,255.49592780026805,3.0,5.0,65.0877856240313,0.0
T003749,108.2701830149852,3.0,1.0,,0.0
T003750,106.82986977943762,3.0,10.0,26.29599128665316,0.0
T003751,24.851483580242345,2.0,0.0,36.91931911322695,0.0
T003752,117.08779878885797,2.0,,20.904024302201982,
T003753,124.45935650738318,3.0,5.0,52.69634037474988,0.0
T003754,103.39277552637016,3.0,,33.05338038292916,0.0
T003755,,1.0,8.0,33.84030036983853,0.0
T003756,188.40846465298915,2.0,2.0,38.709844224925945,0.0
T003757,118.38246464957108,1.0,11.0,20.08889776308892,0.0
T003758,61.05814785897826,3.0,5.0,9.199484248239044,0.0
T003759,176.4373925270454,3.0,25.0,133.62959468446704,0.0
T003760,127.59821296659138,3.0,32.0,11.501592889967965,0.0
T003761,144.20226981805249,2.0,,33.98055225827117,1.0
T003762,,2.0,0.0,76.23758524903643,0.0
T003763,99.42424559616776,1.0,5.0,1.1277261563589145,0.0
T003764,131.47647921109055,,0.0,12.049534597219498,0.0
T003765,191.4810100858044,2.0,4.0,34.60002634800753,0.0
T003766,109.81204703333604,3.0,1.0,1.5276855242467615,0.0
T003767,292.63657453273606,3.0,2.0,10.121707135313468,0.0
T003768,208.162736165273,3.0,3.0,25.39101805319565,0.0
T003769,1.0,2.0,0.0,16.92721679898076,0.0
T003770,84.23668330418721,2.0,6.0,37.66110494569666,0.0
T003771,151.62731021708288,1.0,4.0,15.782724179058205,0.0
T003772,72.56375461295193,3.0,2.0,137.77712045223038,0.0
T003773,86.01199157520828,2.0,4.0,50.731927449513705,0.0
T003774,141.20514484278527,,4.0,14.542864295559538,0.0
T003775,91.93571441669954,1.0,1.0,1.8650024281106343,0.0
T003776,128.4883640116102,1.0,5.0,6.183144116839432,0.0
T003777,133.56700382252328,1.0,3.0,111.718899670109,0.0
T003778,77.33757954884933,3.0,18.0,78.26705031417211,1.0
T003779,200.61352228503824,2.0,1.0,15.76777708782216,0.0
T003780,169.54861790007004,3.0,0.0,2.5434913947476767,0.0
T003781,55.13728142570842,3.0,2.0,78.44854772672817,0.0
T003782,,3.0,4.0,8.26007391268046,0.0
T003783,110.93296533786489,1.0,0.0,77.57074381280908,0.0
T003784,38.37298443898599,2.0,4.0,30.36782377032297,1.0
T003785,123.60011354596372,2.0,,5.093855502385298,0.0
T003786,62.87647071509759,3.0,6.0,14.85886118754109,0.0
T003787,28.851253736916348,3.0,0.0,46.874397610914855,0.0
T003788,110.56982837353294,1.0,12.0,53.31298086210104,0.0
T003789,1.0,3.0,6.0,14.453506817000797,0.0
T003790,110.9651168600218,1.0,,15.707418980317575,0.0
T003791,123.46337949042632,1.0,2.0,1.1684119305637242,0.0
T003792,1.0,3.0,3.0,46.020537881988815,1.0
T003793,117.98694875633942,2.0,2.0,7.863017086515126,1.0
T003794,80.68387622764122,3.0,2.0,6.713614069480266,0.0
T003795,122.424272709822,2.0,7.0,71.31190675500568,0.0
T003796,186.23483248805545,1.0,3.0,26.04653015466061,0.0
T003797,86.7727050647639,3.0,1.0,38.23656938402367,0.0
T003798,155.35403346434865,2.0,8.0,4.563098407728291,0.0
T003799,69.01139358730612,2.0,0.0,9.790537999205204,0.0
T003800,121.39071975764516,3.0,1.0,,0.0
T003801,33.069710013837565,3.0,1.0,,0.0
T003802,1.0,3.0,1.0,27.218659139462552,0.0
T003803,76.93664747508464,2.0,1.0,3.393087168891729,0.0
T003804,98.6347730245034,3.0,1.0,50.0787636985345,0.0
T003805,117.0575987408322,2.0,3.0,,0.0
T003806,72.38884778595144,2.0,3.0,42.10359467194917,0.0
T003807,65.38246128831028,3.0,10.0,27.298315825421408,0.0
T003808,116.27889083935352,1.0,3.0,75.74272348339414,0.0
T003809,70.9108983303973,3.0,5.0,42.38707812175389,0.0
T003810,54.79658551319999,2.0,7.0,3.234365702226061,0.0
T003811,44.594377087056536,2.0,1.0,8.569974559169607,0.0
T003812,64.09676081908678,2.0,1.0,,0.0
T003813,149.72236877544535,3.0,5.0,25.074505847116217,0.0
T003814,145.67368660087033,2.0,6.0,14.822967813028075,0.0
T003815,54.71338495686906,2.0,8.0,12.317662411119914,1.0
T003816,122.47369564161534,1.0,,25.65634393443637,0.0
T003817,,1.0,5.0,35.226818371749566,0.0
T003818,99.53557192160922,2.0,2.0,19.51663365698777,0.0
T003819,42.31538593300708,2.0,2.0,20.053061391021863,
T003820,119.62079835893834,3.0,5.0,35.2313922295473,0.0
T003821,104.13864518927129,3.0,3.0,0.911602645217184,0.0
T003822,1.0,1.0,2.0,3.5245578210359425,0.0
T003823,72.38693739436957,2.0,6.0,19.69400923252987,0.0
T003824,95.0577399380347,2.0,8.0,12.010031039898044,1.0
T003825,54.59879622393945,3.0,1.0,42.60728590772499,0.0
T003826,141.97342522592024,,7.0,,0.0
T003827,79.50993781032335,2.0,6.0,28.43777289497238,1.0
T003828,124.83570765056164,1.0,,59.65865439330811,1.0
T003829,22.85992423951771,2.0,0.0,10.777686940146712,0.0
T003830,82.3157120216497,3.0,1.0,47.44436883973,0.0
T003831,58.24285491849885,,1.0,18.89501230135436,0.0
T003832,72.68777758737586,3.0,2.0,32.58227165895114,0.0
T003833,83.46125519884737,3.0,0.0,52.35795786279106,0.0
T003834,76.67129643986117,3.0,2.0,50.79738892665539,0.0
T003835,142.238718789085,2.0,1.0,7.52232330224776,0.0
T003836,162.34458577673598,1.0,2.0,55.13843287910923,1.0
T003837,43.69730195444749,3.0,2.0,17.098040698048262,1.0
T003838,14.343273545456128,2.0,7.0,11.168357580059125,1.0
T003839,43.30848215968229,2.0,2.0,25.47414073733888,0.0
T003840,,2.0,12.0,34.911317415342324,0.0
T003841,46.45537509694439,3.0,1.0,4.3241786749524325,0.0
T003842,154.50917355102234,3.0,0.0,33.63134348757784,1.0
T003843,165.7754145470052,3.0,0.0,,0.0
T003844,180.6110314127712,2.0,8.0,,0.0
T003845,,1.0,8.0,95.35140170053192,0.0
T003846,78.71221976742048,3.0,0.0,5.166786395618408,0.0
T003847,110.04225465578548,,0.0,6.843035618589667,0.0
T003848,113.35251329346296,2.0,29.0,3.720762920824461,0.0
T003849,114.67789660833148,2.0,8.0,3.7498578953124007,0.0
T003850,126.54878309820452,3.0,25.0,33.90832451681119,0.0
T003851,,3.0,10.0,22.992533893439926,0.0
T003852,13.709663560470162,3.0,5.0,,0.0
T003853,83.29613845100297,1.0,1.0,7.684256316754276,0.0
T003854,43.50750713907201,3.0,5.0,,0.0
T003855,85.7452871478993,3.0,1.0,,0.0
T003856,39.15516448299165,1.0,0.0,120.53781668885544,0.0
T003857,146.29875503573084,1.0,1.0,56.25235335627372,0.0
T003858,141.0116199152992,2.0,12.0,1.7815446716417975,0.0
T003859,76.21022779975495,,4.0,31.825138174637768,0.0
T003860,180.8150021360958,2.0,4.0,7.251338066665239,1.0
T003861,135.41072116282783,3.0,1.0,38.71452025217527,1.0
T003862,53.89173379111873,2.0,9.0,5.840918699802996,0.0
T003863,125.50621806250376,3.0,12.0,21.833806480099703,0.0
T003864,46.78899965913256,3.0,3.0,5.652071452526696,0.0
T003865,202.10889552673652,1.0,4.0,51.84630587544861,0.0
T003866,116.8801331037601,2.0,10.0,54.10340215631098,0.0
T003867,83.75843082456888,2.0,1.0,16.277635096863328,0.0
T003868,144.74621884722205,2.0,7.0,23.633583448456186,0.0
T003869,226.3466212936811,3.0,,32.515086683284075,0.0
T003870,1.2266716823064314,1.0,2.0,44.00407009035611,0.0
T003871,72.60473478965325,1.0,32.0,28.670844341147937,0.0
T003872,132.0421430633505,1.0,0.0,46.33883888162519,0.0
T003873,,2.0,3.0,25.60781148543276,0.0
T003874,119.34042603446014,3.0,,,0.0
T003875,136.67739067529328,2.0,12.0,31.74739085573589,1.0
T003876,56.69125758927496,3.0,0.0,9.695859258590882,0.0
T003877,68.18881436740351,2.0,8.0,28.671985355164605,0.0
T003878,128.65639066206,2.0,5.0,8.051927963794988,1.0
T003879,11.96186204220912,,1.0,1.4698202452119224,0.0
T003880,74.09654902624716,2.0,11.0,15.003468606507605,
T003881,88.14940149936861,2.0,2.0,48.67508702767663,0.0
T003882,70.15128566394631,3.0,5.0,8.239179276849944,0.0
T003883,114.29326953624523,3.0,3.0,1.433438953730086,0.0
T003884,86.2598847623656,3.0,8.0,17.646916744225255,1.0
T003885,46.88032359265601,2.0,4.0,3.969330511136062,0.0
T003886,108.23804206182584,3.0,7.0,37.17084668726204,0.0
T003887,101.43877820404992,2.0,0.0,29.824574252478996,0.0
T003888,125.13724037454074,1.0,1.0,1.4755210922786743,0.0
T003889,140.9962626317617,,0.0,19.11172523291073,0.0
T003890,178.4091214763663,2.0,0.0,8.470481882817953,0.0
T003891,72.40709270537766,3.0,5.0,123.6853585963471,0.0
T003892,32.50371810693635,2.0,1.0,25.710762244578405,0.0
T003893,75.79130243756315,2.0,6.0,4.908709593113718,0.0
T003894,61.084763729884365,3.0,8.0,3.838045126816632,0.0
T003895,1.0,2.0,15.0,15.09694622688254,1.0
T003896,131.0336048775339,2.0,0.0,4.542354978442376,0.0
T003897,135.22532699123616,3.0,1.0,15.82792923891398,
T003898,112.68698307472869,2.0,5.0,13.812204946976076,0.0
T003899,87.96674127348935,2.0,1.0,70.74649150083758,0.0
T003900,114.15265811293268,2.0,4.0,68.3992991414559,0.0
T003901,125.12498480646452,3.0,3.0,23.872165822121215,0.0
T003902,128.70356104470005,1.0,5.0,11.160489439393825,0.0
T003903,90.46587996183268,2.0,7.0,86.96405041877414,0.0
T003904,118.20701480273308,3.0,4.0,15.770718092620218,1.0
T003905,82.90890898769322,2.0,1.0,32.39627363415819,1.0
T003906,231.89408761301,3.0,26.0,37.96350499719588,0.0
T003907,116.70882086224486,1.0,8.0,51.08396868588778,1.0
T003908,95.82810151048196,2.0,0.0,5.937278941740511,0.0
T003909,147.0385593994108,3.0,3.0,,1.0
T003910,59.14556844659047,2.0,0.0,1.8282241418742335,0.0
T003911,37.7130610644006,3.0,10.0,34.63928632984533,0.0
T003912,93.91262458083582,2.0,6.0,42.66547200318882,0.0
T003913,87.30241468013824,2.0,,38.77161055930258,0.0
T003914,26.07068771100792,3.0,,11.37242582809534,0.0
T003915,86.85545853958662,3.0,3.0,18.34122761238873,0.0
T003916,86.15933500555397,1.0,5.0,,
T003917,71.87666120528661,,8.0,,0.0
T003918,89.85096813021714,2.0,1.0,4.119517195586663,0.0
T003919,27.517739015073488,3.0,14.0,9.528766003484822,0.0
T003920,99.51677893433263,2.0,2.0,24.49594122326932,0.0
T003921,163.28539204323505,2.0,0.0,57.4519168080237,1.0
T003922,103.42814874030137,2.0,1.0,46.55989326041546,0.0
T003923,86.76715833810219,2.0,,11.153193841595952,0.0
T003924,64.26596615047842,3.0,0.0,101.74953827854635,0.0
T003925,132.1150617505588,3.0,0.0,6.69185513711332,0.0
T003926,107.33965059927746,2.0,0.0,0.7832519773595913,0.0
T003927,30.27524655703692,1.0,0.0,36.49843205231293,0.0
T003928,33.3775826052717,1.0,5.0,33.80760741673231,1.0
T003929,118.60527363034316,3.0,0.0,18.31894026383341,0.0
T003930,53.2201850618787,3.0,0.0,,0.0
T003931,25.222923175089804,2.0,8.0,47.35274308820138,0.0
T003932,125.53960442637974,2.0,0.0,24.710799287764047,0.0
T003933,139.59296551940338,3.0,7.0,19.599157083676992,0.0
T003934,109.86578537027978,2.0,3.0,45.418471665189365,0.0
T003935,109.90423803839276,3.0,4.0,14.322411663274314,0.0
T003936,87.06019686664489,3.0,1.0,4.036028358634732,0.0
T003937,82.64067524438687,2.0,4.0,32.80757396254218,0.0
T003938,69.76276677308937,2.0,1.0,16.071306366587326,0.0
T003939,67.62290971824204,3.0,0.0,2.233290558239833,0.0
T003940,210.6265519698621,3.0,,0.5270875802663281,0.0
T003941,218.27038859999868,3.0,3.0,62.58338778311754,0.0
T003942,113.0140253291443,1.0,12.0,2.1847496714882078,0.0
T003943,129.31820093775465,2.0,0.0,18.17628292022537,0.0
T003944,97.3747465730674,3.0,2.0,9.772102633997475,0.0
T003945,112.24832855543612,1.0,5.0,13.042788000770592,0.0
T003946,172.5463774139606,1.0,,64.40815146435295,0.0
T003947,20.820580510621,2.0,3.0,5.310532168878146,0.0
T003948,,2.0,13.0,2.9683256914799507,0.0
T003949,130.34252966078355,2.0,,5.943987466965503,0.0
T003950,117.37908526808356,1.0,8.0,,0.0
T003951,47.43899851087486,1.0,3.0,18.595652324472645,0.0
T003952,77.38468403754617,2.0,1.0,1.875433745267041,0.0
T003953,81.88262212269488,2.0,20.0,32.82442448950535,0.0
T003954,147.440654823581,2.0,9.0,9.214386158907097,0.0
T003955,155.04798174992857,3.0,3.0,31.517437760570797,0.0
T003956,60.22214660295588,3.0,3.0,13.36865984710474,0.0
T003957,,3.0,,28.474934733140383,0.0
T003958,118.00820919728837,2.0,9.0,19.665781968728545,0.0
T003959,28.802094390119663,2.0,3.0,0.6593783200822222,0.0
T003960,1.553842879195841,3.0,5.0,0.4892419627649073,0.0
T003961,95.94664472822916,3.0,9.0,14.708547197529178,0.0
T003962,118.9576559363062,2.0,13.0,3.9352498217252414,0.0
T003963,116.08489030980068,,1.0,9.22054189432933,0.0
T003964,253.8430185090252,3.0,7.0,37.55500606494858,0.0
T003965,72.47064664996466,3.0,,8.793423672614908,0.0
T003966,71.31689965598818,2.0,1.0,0.2644110561547427,1.0
T003967,6.241376517712766,2.0,4.0,5.575859124898028,0.0
T003968,71.78762006713058,1.0,21.0,2.0082373098924178,0.0
T003969,100.09884223779054,2.0,3.0,42.85462223051278,0.0
T003970,56.93578993358682,2.0,1.0,5.973306310283915,0.0
T003971,110.63698879288302,,6.0,13.357431595946172,0.0
T003972,121.800288761129,2.0,8.0,15.43249449486677,0.0
T003973,81.21831671172322,1.0,,25.55121682489849,0.0
T003974,121.0793305307228,2.0,2.0,29.41633567164389,0.0
T003975,119.0712808767171,3.0,4.0,68.38311379963278,0.0
T003976,5.016485957055934,2.0,6.0,8.390543909280037,0.0
T003977,159.0494952652836,2.0,5.0,24.70810058131615,0.0
T003978,121.50208235955348,2.0,0.0,23.35219891766307,0.0
T003979,11.7306206485013,2.0,9.0,36.6389362124237,1.0
T003980,165.12951983931157,1.0,1.0,12.059265328336432,1.0
T003981,129.6550628984192,2.0,9.0,57.93329478229945,0.0
T003982,109.60245582450158,2.0,3.0,64.04562421122705,1.0
T003983,,1.0,23.0,18.364513721403437,0.0
T003984,,1.0,7.0,9.284557721037263,0.0
T003985,28.08610108413167,2.0,4.0,18.338388280884416,0.0
T003986,25.19205934176752,2.0,2.0,2.994736206063392,0.0
T003987,121.20334307592256,2.0,0.0,10.998801907405038,0.0
T003988,79.38896274877649,2.0,1.0,25.81258215249375,0.0
T003989,104.28435807016795,1.0,0.0,29.068511445066274,0.0
T003990,111.37479378660268,2.0,2.0,32.13591287162488,0.0
T003991,21.592784328997467,2.0,1.0,10.072594328734164,0.0
T003992,150.17664489460122,2.0,5.0,39.00065174501515,0.0
T003993,,3.0,0.0,45.86066267898196,1.0
T003994,152.4432070937681,2.0,12.0,45.0132057541845,0.0
T003995,95.92386634491773,3.0,1.0,7.220882338921736,0.0
T003996,170.70936441655448,2.0,1.0,12.7044692671333,0.0
T003997,226.96908113914307,3.0,,8.910060621192335,0.0
T003998,92.91212229862307,3.0,6.0,32.20751961523578,0.0
T003999,74.13557749498139,2.0,5.0,47.45539602412679,0.0
T004000,102.19057359895548,1.0,2.0,2.174546802340588,0.0
T004001,176.06580259612258,3.0,5.0,16.527376791789163,0.0
T004002,71.73035148572993,2.0,0.0,40.06702351046194,0.0
T004003,55.665953885827136,1.0,,30.709217640666797,0.0
T004004,,2.0,,5.506972959233485,0.0
T004005,125.0842522584394,2.0,15.0,14.098354545055331,0.0
T004006,14.63210212035267,2.0,6.0,51.56376652366741,1.0
T004007,121.26606541650553,3.0,0.0,36.77857454593389,0.0
T004008,174.0980384218268,3.0,2.0,65.98285954033652,0.0
T004009,127.44419176586824,2.0,2.0,16.01721472038551,0.0
T004010,91.12020026206304,3.0,23.0,18.18254189874198,0.0
T004011,,1.0,4.0,2.314970964762767,0.0
T004012,124.03042966736736,1.0,3.0,23.2012394203278,0.0
T004013,,3.0,3.0,9.969261178537137,0.0
T004014,139.73001914726058,2.0,3.0,66.80895683508,0.0
T004015,106.27882267357712,2.0,,12.989604731702444,0.0
T004016,167.69361870827066,2.0,2.0,56.41196282787712,
T004017,55.09863868377708,,5.0,1.7475759595936835,0.0
T004018,142.89494126456714,,1.0,18.09160774909728,0.0
T004019,141.6961077274452,2.0,0.0,38.09885252188233,0.0
T004020,42.64202444941443,2.0,0.0,2.070173429377458,0.0
T004021,141.13913904170013,3.0,8.0,,0.0
T004022,160.02069539722126,2.0,0.0,18.63466864793464,0.0
T004023,156.99392805645226,2.0,,0.9023463327203612,0.0
T004024,43.62519505234806,3.0,1.0,11.578067099760968,0.0
T004025,,,5.0,30.95958776042793,0.0
T004026,102.06628161353092,2.0,5.0,24.110405865978525,0.0
T004027,165.16390186580318,2.0,25.0,7.202573363454194,1.0
T004028,213.5724872711398,3.0,11.0,9.695880475356685,0.0
T004029,82.08299239893888,2.0,2.0,34.623915654665566,0.0
T004030,138.02073280721487,2.0,7.0,9.144793745608094,0.0
T004031,96.42003740709666,2.0,4.0,26.935932680668383,0.0
T004032,,3.0,5.0,23.494038424005343,0.0
T004033,113.36961570359514,1.0,2.0,3.84446440309202,0.0
T004034,36.59315975123437,2.0,,54.59736752474127,0.0
T004035,134.31767775072666,2.0,11.0,13.875965950375091,0.0
T004036,15.251328074169365,2.0,3.0,,0.0
T004037,152.86841526891124,3.0,,29.84208191509728,
T004038,173.89470223707582,2.0,1.0,0.7194689070292615,0.0
T004039,92.43633581732442,2.0,,3.282850084203896,0.0
T004040,82.45752849617628,,1.0,,0.0
T004041,106.23760498319672,3.0,3.0,3.144352449960571,0.0
T004042,112.15458638303494,1.0,0.0,0.174626295887434,0.0
T004043,,1.0,12.0,66.66069771273175,0.0
T004044,86.37949916981565,3.0,1.0,7.538807654552046,0.0
T004045,116.47543677865046,2.0,3.0,27.61304899526329,0.0
T004046,148.57854754771776,2.0,3.0,2.467522547069569,0.0
T004047,232.100595524631,3.0,3.0,23.633267801415425,0.0
T004048,94.63489279978856,3.0,6.0,4.662576624431535,0.0
T004049,91.7459717498477,2.0,0.0,58.01167966187341,0.0
T004050,107.0443123455602,3.0,11.0,114.26489343333392,0.0
T004051,127.41598137772492,,,42.77942576564632,
T004052,97.4238535737677,3.0,4.0,67.31347021518135,0.0
T004053,85.93362214408933,,9.0,2.4077422833802946,0.0
T004054,92.46929926850336,3.0,0.0,19.807633137977472,0.0
T004055,,2.0,1.0,26.27929614270082,0.0
T004056,89.77643895069393,,5.0,81.030917486193,0.0
T004057,89.30055778872455,3.0,5.0,76.5719578561613,0.0
T004058,146.30887737658207,2.0,0.0,45.17747434781849,0.0
T004059,,2.0,1.0,17.213438307171753,0.0
T004060,165.3571377141214,3.0,0.0,8.646970679442143,
T004061,82.20129578070836,3.0,0.0,1.0603366618069463,0.0
T004062,90.77373211720752,3.0,2.0,2.86043109118429,0.0
T004063,74.06666401893949,2.0,0.0,,0.0
T004064,151.99523436980382,2.0,1.0,10.003886064545986,0.0
T004065,,2.0,1.0,53.75642609476874,0.0
T004066,134.39664860257142,2.0,4.0,54.86782335312756,0.0
T004067,58.70836133809762,3.0,7.0,48.55484786038134,1.0
T004068,11.07062079967416,2.0,,19.299232895100584,0.0
T004069,22.551973747326244,2.0,3.0,10.031096530476932,0.0
T004070,,2.0,0.0,10.733047730904046,0.0
T004071,132.7487792110845,3.0,7.0,28.301998252756828,0.0
T004072,129.8700034924929,3.0,0.0,46.4332872449778,
T004073,78.96191031594734,2.0,8.0,22.093834166772368,0.0
T004074,153.14268465166083,2.0,10.0,110.74830570306436,0.0
T004075,108.3226104106528,2.0,5.0,33.10234136386787,0.0
T004076,62.39217972047084,3.0,5.0,11.48752575566646,1.0
T004077,82.5280336391522,2.0,5.0,,0.0
T004078,201.12951152847407,2.0,3.0,97.4716231321444,
T004079,104.329489373645,2.0,1.0,19.818930631316025,0.0
T004080,161.19743765730024,3.0,1.0,,0.0
T004081,40.10610537055758,2.0,2.0,0.0481618123493901,0.0
T004082,38.03708025732637,3.0,18.0,3.3666815873064624,0.0
T004083,88.53088340722664,3.0,18.0,54.8189206724904,0.0
T004084,66.76744512489688,3.0,0.0,7.394925616443379,0.0
T004085,97.7206991822251,2.0,11.0,34.4056978986568,0.0
T004086,153.25859828571933,1.0,6.0,30.11887405480847,0.0
T004087,69.32986682295301,2.0,4.0,69.45140626125962,1.0
T004088,142.720100056036,,1.0,39.86529881980794,0.0
T004089,96.69601006763418,2.0,0.0,38.071033845776185,0.0
T004090,54.7692812503117,1.0,3.0,,1.0
T004091,1.0,1.0,0.0,12.9939684362699,0.0
T004092,,3.0,0.0,0.1357091099742046,0.0
T004093,177.02206198883368,2.0,5.0,83.2616718103228,0.0
T004094,33.97532782974842,2.0,22.0,14.14440948736139,0.0
T004095,113.6559217146822,2.0,4.0,29.592978345426147,0.0
T004096,157.5133697949148,2.0,19.0,7.879346751371778,0.0
T004097,67.70179104377323,2.0,0.0,2.626620785574016,1.0
T004098,79.64818435366098,2.0,6.0,117.68663695320144,0.0
T004099,,3.0,9.0,,0.0
T004100,43.97910405318054,2.0,1.0,15.532569391386966,0.0
T004101,,,0.0,59.15562069936112,0.0
T004102,86.02462683517332,1.0,0.0,2.1902374634962296,0.0
T004103,82.10860332793666,3.0,1.0,10.834335495250333,0.0
T004104,97.6539710560408,2.0,3.0,9.302051196243385,0.0
T004105,64.2824290986816,2.0,6.0,61.16707347506443,0.0
T004106,126.12570526328788,,3.0,0.5280586493159416,0.0
T004107,84.11195529913022,3.0,5.0,9.704853862813804,0.0
T004108,90.1825075457511,3.0,3.0,9.889392459585752,1.0
T004109,149.82852552897236,2.0,21.0,25.270145609549733,0.0
T004110,,3.0,0.0,66.98227117852163,0.0
T004111,72.24002366534009,2.0,2.0,30.640185275565567,0.0
T004112,162.85746084312865,3.0,11.0,6.612370079323343,
T004113,71.10396115836447,2.0,0.0,,1.0
T004114,35.78064819637429,3.0,2.0,,0.0
T004115,63.34219014450017,3.0,2.0,61.2732233554657,0.0
T004116,238.9981812111778,2.0,,14.161999389543304,0.0
T004117,118.3755205270301,1.0,6.0,14.2512604336304,0.0
T004118,140.8653101869163,2.0,3.0,,0.0
T004119,107.21632358630184,2.0,5.0,6.260729587948107,1.0
T004120,125.69539248294576,2.0,8.0,22.52666210697211,0.0
T004121,85.60469615660399,2.0,3.0,9.889973756527873,0.0
T004122,104.8577893543124,3.0,1.0,0.0650683927234882,0.0
T004123,134.29289093042095,3.0,4.0,23.54859196653636,0.0
T004124,73.58514766685104,3.0,1.0,22.50936685724731,0.0
T004125,,2.0,0.0,25.612328990514992,0.0
T004126,156.23883599929064,,18.0,0.5521902450703166,0.0
T004127,42.081765540372864,2.0,2.0,1.158155411116764,0.0
T004128,,1.0,3.0,,0.0
T004129,57.50778152676041,2.0,6.0,6.519934383096756,0.0
T004130,,2.0,7.0,,0.0
T004131,120.93799800637484,2.0,4.0,8.132003789030879,0.0
T004132,87.6832359410076,3.0,5.0,18.71084899242737,0.0
T004133,12.285757358875044,2.0,7.0,5.841776775744076,0.0
T004134,57.78379814084645,2.0,,13.81217608462386,0.0
T004135,166.40284444934838,,0.0,7.89272160594937,0.0
T004136,106.15391008280906,3.0,2.0,25.71224081955418,0.0
T004137,109.23401529324542,1.0,11.0,30.51319947896347,0.0
T004138,87.37159243034199,3.0,5.0,13.314028841352227,0.0
T004139,173.32704296393013,2.0,4.0,20.04218886871906,0.0
T004140,125.15451843118734,1.0,0.0,6.311504211596694,0.0
T004141,93.67405515230249,3.0,0.0,43.44882413544264,0.0
T004142,74.93829461048936,1.0,13.0,13.84848867158781,1.0
T004143,81.40710588606672,2.0,0.0,,0.0
T004144,158.85924815921695,2.0,1.0,31.85312369083405,1.0
T004145,63.91312233313734,1.0,3.0,0.371129606400328,0.0
T004146,90.66605188432776,2.0,0.0,8.691301711212324,0.0
T004147,34.20920917862465,2.0,4.0,18.20001630056293,0.0
T004148,76.25273444195219,2.0,3.0,26.723728047831653,0.0
T004149,1.0,2.0,,,0.0
T004150,56.80100754619609,2.0,8.0,62.066748546268094,0.0
T004151,159.21283225980864,3.0,4.0,8.053344643754427,0.0
T004152,64.99395925304134,2.0,0.0,1.3187820119106706,0.0
T004153,76.77094609421908,3.0,6.0,17.733107768891983,0.0
T004154,154.57534259612308,,1.0,23.72737912334295,0.0
T004155,139.10650007657296,3.0,2.0,30.934735639371088,0.0
T004156,186.62574997425455,3.0,0.0,25.62136442601461,0.0
T004157,,2.0,2.0,36.09863196497005,0.0
T004158,155.8416887764977,3.0,8.0,33.37852125522213,0.0
T004159,,2.0,3.0,42.24686643472903,0.0
T004160,77.1349172456605,2.0,13.0,0.8224324487137464,0.0
T004161,,3.0,16.0,16.75967926923713,0.0
T004162,30.14409074435044,2.0,9.0,35.61528312007506,0.0
T004163,90.8401690639806,2.0,1.0,8.173865656720618,0.0
T004164,,3.0,2.0,8.007077295372994,0.0
T004165,126.66796223527248,2.0,4.0,92.90246674220712,
T004166,81.25895962252012,2.0,6.0,11.819381071349731,0.0
T004167,113.998431315991,,2.0,32.59034141238374,0.0
T004168,109.2587768414957,2.0,9.0,31.25543980540392,0.0
T004169,115.98259129594886,2.0,2.0,8.245964541155047,1.0
T004170,85.47730418861055,3.0,18.0,3.421620326823175,0.0
T004171,57.51395392611519,3.0,8.0,45.67047356002798,0.0
T004172,128.04597239706197,3.0,10.0,54.991434705007855,0.0
T004173,96.9462164323812,2.0,0.0,41.968860371893584,0.0
T004174,122.19097140731142,1.0,13.0,134.6380642553248,0.0
T004175,104.58762422241864,3.0,12.0,56.29416434344188,0.0
T004176,97.55514082629472,1.0,0.0,15.254155798110633,1.0
T004177,189.81804114634815,2.0,2.0,16.356974972657635,0.0
T004178,41.30600177955137,2.0,3.0,2.754112048449258,0.0
T004179,,1.0,5.0,9.74643348197585,0.0
T004180,62.18246273578483,3.0,2.0,10.008303520669546,0.0
T004181,130.22576631776835,1.0,3.0,33.776935913520695,0.0
T004182,156.39544966267846,2.0,4.0,2.1125752188326974,0.0
T004183,126.73145430612176,3.0,5.0,45.79345851629802,0.0
T004184,138.37173645764543,3.0,4.0,3.928236305869847,0.0
T004185,1.0,1.0,3.0,29.513438734600975,0.0
T004186,133.61946688056912,2.0,4.0,17.503188968473253,0.0
T004187,128.6028720857072,2.0,0.0,31.84389956270913,0.0
T004188,86.57346760470838,3.0,3.0,0.8650762155125381,0.0
T004189,45.63770305685987,2.0,0.0,49.04424385178673,0.0
T004190,,2.0,7.0,30.70735400636144,0.0
T004191,89.25225809605244,2.0,0.0,13.90750985984153,0.0
T004192,158.04133936892595,2.0,1.0,1.919960980129696,0.0
T004193,137.71456649067872,3.0,4.0,,1.0
T004194,80.14023419270062,2.0,,5.352555145421501,0.0
T004195,48.50940757290775,3.0,4.0,34.43187842123386,0.0
T004196,182.68086342461424,2.0,7.0,46.57248286452512,0.0
T004197,62.20246466540398,3.0,7.0,4.30685424975784,0.0
T004198,121.27449666201152,2.0,14.0,22.680512184579367,0.0
T004199,33.23278206449494,2.0,8.0,104.98391497001418,0.0
T004200,89.98993728498151,,1.0,44.93367343543218,0.0
T004201,150.05230462835706,3.0,1.0,50.58474979525214,0.0
T004202,72.12884734458395,2.0,8.0,18.694591252095567,0.0
T004203,98.13888817450793,2.0,6.0,9.40441248706053,0.0
T004204,56.27821758300409,2.0,4.0,3.805226540103313,0.0
T004205,142.9069535467008,2.0,0.0,4.177466089209672,0.0
T004206,67.94428698876776,,,5.193116558722841,0.0
T004207,144.8533098443566,3.0,3.0,3.199577279009215,0.0
T004208,153.68109719537858,2.0,0.0,37.778054770702,0.0
T004209,186.9449831898789,3.0,14.0,68.28995610510667,0.0
T004210,140.40288991405723,2.0,0.0,25.726724725912003,0.0
T004211,132.71828281770289,2.0,2.0,8.639980476417927,0.0
T004212,74.65284123144352,1.0,8.0,5.63685646605335,0.0
T004213,185.22960466486887,2.0,7.0,41.37648409834319,0.0
T004214,70.70361633411224,2.0,7.0,2.3521340034945126,0.0
T004215,189.089945438553,2.0,0.0,1.3992522340245384,1.0
T004216,113.05276360899448,2.0,5.0,4.331738369414366,0.0
T004217,,2.0,2.0,,0.0
T004218,73.36495801690444,1.0,1.0,81.36266251569216,0.0
T004219,161.97920032207807,2.0,0.0,55.99081040229943,0.0
T004220,,3.0,,26.684457110490143,0.0
T004221,115.09804500858824,1.0,4.0,36.07074241804951,0.0
T004222,131.54058422773886,3.0,6.0,58.93753820595901,0.0
T004223,61.34851451986485,1.0,5.0,23.31334880617004,1.0
T004224,116.9343658960845,3.0,12.0,45.94309367511099,0.0
T004225,116.337238230116,,1.0,49.599998417910655,0.0
T004226,116.34636868820812,3.0,16.0,14.071186400828372,0.0
T004227,207.29124625382445,1.0,2.0,22.82391712865584,0.0
T004228,1.0,3.0,33.0,2.801357358946235,0.0
T004229,95.3306570550026,,3.0,8.044929338379305,0.0
T004230,92.49415243730968,2.0,3.0,1.8649006445989231,0.0
T004231,100.97291277594417,3.0,0.0,1.0381021081912445,0.0
T004232,75.61473135256277,3.0,5.0,23.52438829517777,0.0
T004233,117.91722555380017,2.0,1.0,0.5480921320236462,0.0
T004234,101.22550871294712,3.0,,52.62649232920207,0.0
T004235,154.28931624696736,2.0,0.0,20.39242329431964,0.0
T004236,100.15738634531633,2.0,11.0,5.910209930504621,1.0
T004237,143.1271742307585,1.0,6.0,11.008293106317,0.0
T004238,151.47287407991786,2.0,3.0,5.678210251364023,0.0
T004239,122.23869039157974,2.0,,46.1320913971762,0.0
T004240,32.36648570782327,3.0,4.0,33.673166614015834,0.0
T004241,197.41713223949063,2.0,,26.67556890396486,
T004242,,3.0,6.0,10.762345076191169,
T004243,92.03188839270469,1.0,12.0,65.63529859524168,1.0
T004244,97.26108198305874,2.0,3.0,,0.0
T004245,171.36526821446083,3.0,4.0,7.026850941226039,1.0
T004246,59.68115354409751,3.0,12.0,5.577170688865745,0.0
T004247,114.0595711984688,3.0,4.0,83.04996260664353,0.0
T004248,197.25975371384664,3.0,6.0,46.05466411034618,0.0
T004249,81.75236352285573,2.0,4.0,15.304263253920624,0.0
T004250,79.83561040445306,2.0,0.0,,0.0
T004251,56.46361141781293,2.0,9.0,,0.0
T004252,99.70226453936353,1.0,1.0,16.481823805203945,0.0
T004253,98.34365135631016,3.0,6.0,42.39480067670748,0.0
T004254,170.07992964732148,2.0,0.0,8.292691178104405,0.0
T004255,67.39555557034697,2.0,10.0,5.469977824063052,0.0
T004256,129.90495775237332,2.0,9.0,17.90535085305789,0.0
T004257,97.52681451737836,3.0,0.0,5.071217217923056,0.0
T004258,79.23560430495994,3.0,4.0,43.5759350258461,0.0
T004259,31.116531602145443,3.0,10.0,11.239486423820985,0.0
T004260,170.61102777077144,2.0,12.0,14.728189386246765,0.0
T004261,141.47374209658742,3.0,7.0,31.23713957179863,0.0
T004262,152.90591625435752,1.0,0.0,40.76895302313525,0.0
T004263,31.71912979049253,3.0,2.0,32.95734736703654,0.0
T004264,102.32182740780743,3.0,5.0,25.00753158581246,0.0
T004265,176.47751597303068,2.0,2.0,,0.0
T004266,121.72513230456528,2.0,4.0,21.513021637814333,0.0
T004267,31.308258755067,,8.0,6.157155182133796,0.0
T004268,99.06456217770511,2.0,17.0,28.710233640643384,0.0
T004269,157.9297789503702,3.0,1.0,,1.0
T004270,133.59723039072486,2.0,4.0,0.8371098377896674,0.0
T004271,145.99357579772152,2.0,0.0,72.20614028928306,0.0
T004272,82.97006465450693,2.0,1.0,66.45695552577952,0.0
T004273,189.7278931758894,2.0,0.0,5.975224813355694,0.0
T004274,140.78686062696482,2.0,11.0,25.66897501146161,0.0
T004275,88.61401925821235,2.0,4.0,12.151815287319174,0.0
T004276,142.11486635069514,3.0,0.0,,0.0
T004277,64.10405546261991,2.0,,,0.0
T004278,140.54041365798912,2.0,5.0,,0.0
T004279,127.6625609992392,3.0,6.0,14.161400356445483,0.0
T004280,155.29502121786544,3.0,0.0,66.9731446304547,0.0
T004281,,3.0,6.0,,0.0
T004282,,1.0,0.0,14.135396022143029,0.0
T004283,22.713510665463343,2.0,5.0,13.28073690907294,0.0
T004284,186.10775489040972,3.0,1.0,7.3318125068897455,0.0
T004285,76.66205940242797,3.0,2.0,10.770690808288586,0.0
T004286,15.766621138680662,2.0,4.0,48.35101190081436,0.0
T004287,133.5240308620606,3.0,12.0,45.89056399346982,
T004288,84.60192351804798,2.0,3.0,49.19120392200628,0.0
T004289,128.853606359027,2.0,8.0,15.206779825916058,0.0
T004290,101.06357883680307,3.0,4.0,46.06999035675911,0.0
T004291,4.434155416874802,2.0,15.0,11.27953552178266,0.0
T004292,132.5760995669753,2.0,3.0,116.76837585167225,0.0
T004293,134.8477202255368,2.0,0.0,88.7230048201769,0.0
T004294,88.6446996109537,1.0,12.0,2.538358399476481,0.0
T004295,62.085896555620494,2.0,1.0,35.52213430967321,0.0
T004296,114.00805794098034,2.0,9.0,4.5750614140442645,1.0
T004297,120.68081287858402,2.0,8.0,35.59575821239804,0.0
T004298,46.40713834799223,2.0,0.0,8.794888335591825,0.0
T004299,116.01082889744144,2.0,2.0,2.73063279227168,0.0
T004300,109.29188144513763,3.0,3.0,3.8363146808956823,0.0
T004301,,1.0,1.0,9.309670839344095,0.0
T004302,95.95607510672691,2.0,0.0,10.23091087318721,0.0
T004303,68.77447724557113,2.0,13.0,,0.0
T004304,96.20244881787386,1.0,2.0,2.2886306060266923,0.0
T004305,,2.0,4.0,13.30080346944853,0.0
T004306,,2.0,4.0,7.095476022001121,1.0
T004307,94.27300773736911,2.0,2.0,58.90261568805639,0.0
T004308,19.62200678155129,2.0,4.0,19.685934949746127,0.0
T004309,116.66849256304393,2.0,2.0,10.97528473024118,0.0
T004310,,2.0,3.0,7.127141148444009,0.0
T004311,88.17755816320704,3.0,,14.47479095627234,1.0
T004312,110.08264525646273,3.0,7.0,80.61410771014464,0.0
T004313,58.19689239499877,2.0,0.0,,0.0
T004314,42.81368963396691,2.0,12.0,9.673366435295042,0.0
T004315,,2.0,4.0,14.928645534372237,0.0
T004316,53.03323030906228,3.0,0.0,30.03685223375665,0.0
T004317,107.72468327976256,2.0,7.0,50.45910942237046,0.0
T004318,87.54819802218108,2.0,7.0,17.253091255010258,0.0
T004319,94.16170421023767,1.0,4.0,,0.0
T004320,132.72155135528106,1.0,,7.375236708519077,0.0
T004321,116.28981582910832,2.0,2.0,81.04917908718983,0.0
T004322,54.66757274228536,3.0,5.0,32.01569336420879,0.0
T004323,182.6654818589265,2.0,8.0,19.638534610466905,1.0
T004324,202.82717824147707,3.0,6.0,47.00084138454639,0.0
T004325,64.90041560966223,3.0,3.0,13.243962898226115,0.0
T004326,68.12062289620181,2.0,1.0,39.74477902822312,0.0
T004327,106.83733236996152,,0.0,41.65386465896501,0.0
T004328,30.535063489450494,1.0,5.0,24.925017036031907,0.0
T004329,116.72283949935124,1.0,0.0,62.94213171106981,1.0
T004330,145.5681361087361,2.0,5.0,13.08604975209524,1.0
T004331,43.51465726711909,2.0,0.0,23.14862466662694,0.0
T004332,180.68556345293237,3.0,1.0,20.301675819053266,0.0
T004333,102.89320237133782,2.0,6.0,26.365242092356866,0.0
T004334,21.150175890450143,2.0,12.0,27.44063930436691,0.0
T004335,90.70377595256146,3.0,2.0,1.722342287566497,0.0
T004336,,2.0,6.0,6.106568121343932,0.0
T004337,89.14344625268987,2.0,1.0,1.3504177224756548,0.0
T004338,171.81677028529893,3.0,,3.341004192293695,0.0
T004339,147.26057673057417,,14.0,6.618223599701047,0.0
T004340,65.67306234231155,1.0,1.0,58.79169286857865,0.0
T004341,161.17844412093137,,22.0,7.881913383325223,0.0
T004342,83.93786169410441,3.0,4.0,43.810429069399234,
T004343,101.69513618411688,3.0,6.0,,0.0
T004344,102.46640828974218,2.0,1.0,19.117532950227105,0.0
T004345,65.2152561401468,3.0,9.0,82.3112853458383,1.0
T004346,104.55468031279564,1.0,4.0,2.3291098091106885,0.0
T004347,101.2692638986136,3.0,3.0,,0.0
T004348,114.82877725703808,2.0,3.0,30.15141446016213,0.0
T004349,,3.0,4.0,82.93592976075333,0.0
T004350,45.236474057859766,1.0,3.0,48.05995123876004,0.0
T004351,82.56739327960705,2.0,3.0,27.67251137952102,0.0
T004352,148.6550780507536,2.0,,,0.0
T004353,38.96437870429207,2.0,4.0,3.751502898650842,0.0
T004354,96.64108549753225,3.0,7.0,39.16088945092966,0.0
T004355,,2.0,3.0,19.599520389829813,0.0
T004356,168.16144875661251,2.0,3.0,23.965679688303947,1.0
T004357,103.21400095477314,3.0,0.0,39.69686750283252,0.0
T004358,65.5406090955216,1.0,4.0,32.0641012412347,0.0
T004359,197.9173727110297,1.0,2.0,35.94038795645641,1.0
T004360,183.18664160717367,,1.0,8.077754753877558,0.0
T004361,149.80238429029083,,9.0,15.786106738827312,0.0
T004362,100.33999222799989,1.0,1.0,21.09690985458371,0.0
T004363,37.44432118073485,1.0,7.0,23.550571267691804,0.0
T004364,181.6715766150548,1.0,2.0,10.292613411618817,0.0
T004365,150.081591260428,2.0,7.0,40.444859191418246,0.0
T004366,78.534888774137,2.0,1.0,14.455960551334462,0.0
T004367,75.25172598159634,2.0,1.0,1.630291765042435,0.0
T004368,184.997868728819,2.0,4.0,10.348504930686094,0.0
T004369,20.1200415202284,2.0,17.0,59.20352854806515,0.0
T004370,26.781255989508992,1.0,,90.2446870818638,1.0
T004371,144.34436950486503,1.0,10.0,106.60447593929764,0.0
T004372,18.43324447914634,2.0,8.0,14.496337635760373,0.0
T004373,112.86865532086748,2.0,39.0,23.0022730064284,0.0
T004374,,3.0,7.0,85.5170178098595,0.0
T004375,145.11385868933235,2.0,2.0,22.52856120777607,
T004376,66.12176738321725,2.0,2.0,34.18904500374247,0.0
T004377,136.64145409108724,3.0,8.0,55.14272748221805,0.0
T004378,71.76129979145288,2.0,4.0,10.617430757181198,0.0
T004379,127.88455303625622,3.0,4.0,12.660911121845697,0.0
T004380,48.94187712198499,2.0,5.0,,0.0
T004381,,2.0,3.0,26.28595134806616,0.0
T004382,5.517535395192354,3.0,11.0,33.305175985427674,0.0
T004383,88.9373188207114,3.0,7.0,46.05552362083717,0.0
T004384,139.4959861090426,3.0,1.0,,0.0
T004385,108.7605709454256,2.0,,43.28781272410084,0.0
T004386,143.24122192455056,2.0,4.0,37.390164214116425,0.0
T004387,113.65053587471928,2.0,3.0,21.490316764980744,0.0
T004388,74.30665413316532,3.0,0.0,6.286307971589775,0.0
T004389,115.3672808353985,3.0,3.0,5.923516779023422,0.0
T004390,60.700526974602525,2.0,1.0,74.41418331031264,0.0
T004391,153.4885727491925,3.0,0.0,83.37101734988832,0.0
T004392,176.6369456501289,2.0,1.0,8.181927127843789,0.0
T004393,60.87007012907055,3.0,2.0,10.633763283850286,0.0
T004394,81.27329246248746,3.0,0.0,28.170982416992267,0.0
T004395,103.79776339580437,3.0,,11.947511080064189,0.0
T004396,103.3764102343962,2.0,10.0,35.44843560785582,0.0
T004397,1.0,2.0,11.0,8.673521777632084,0.0
T004398,82.34168535946559,3.0,5.0,12.248691473381951,0.0
T004399,64.78281547286204,2.0,0.0,7.475291221816629,0.0
T004400,62.25669017140395,3.0,5.0,1.6651878290129527,1.0
T004401,,2.0,0.0,25.787475418693056,0.0
T004402,66.54636306700417,,2.0,2.482661626208454,0.0
T004403,71.79019100697568,1.0,4.0,22.333689943268777,1.0
T004404,134.16644964055348,3.0,1.0,21.723218850010653,0.0
T004405,65.38748353670519,3.0,0.0,11.163100811487055,0.0
T004406,133.43708277962563,2.0,,9.984012300808816,0.0
T004407,,1.0,1.0,,0.0
T004408,70.75461732911151,3.0,3.0,,0.0
T004409,183.9337336686283,1.0,0.0,2.154560699204761,
T004410,29.08171335334842,,3.0,39.85973676008137,
T004411,159.58537485535325,1.0,7.0,9.830873377630892,0.0
T004412,179.3008408072676,2.0,6.0,3.0226578491063605,0.0
T004413,90.15390960015552,2.0,3.0,1.2611833421040208,0.0
T004414,59.379882553129,1.0,8.0,11.38508493384252,0.0
T004415,48.62982242369945,3.0,8.0,18.808393125742743,0.0
T004416,119.45795978339645,2.0,6.0,2.8492937307882533,0.0
T004417,77.83588744042449,3.0,,41.683240676201606,0.0
T004418,148.92289028332752,2.0,11.0,,0.0
T004419,133.2684467516415,3.0,0.0,17.062740381883213,0.0
T004420,51.06181421088464,1.0,7.0,,0.0
T004421,102.37467341258215,3.0,4.0,2.3171813601101854,0.0
T004422,52.4407814806022,2.0,2.0,9.644598114974173,0.0
T004423,178.01277647654655,3.0,3.0,76.93514939587244,0.0
T004424,,,0.0,14.53402024200668,
T004425,139.20732081767494,2.0,2.0,14.257004966490031,0.0
T004426,77.27261406282778,2.0,3.0,0.7358207556359327,0.0
T004427,33.343582261109674,2.0,0.0,4.92950694399933,0.0
T004428,,3.0,1.0,16.0600095483376,0.0
T004429,159.9649786460793,2.0,4.0,5.102895316572282,0.0
T004430,221.3358243172761,3.0,2.0,1.5349460316529249,0.0
T004431,148.50875412839295,3.0,,27.369875479099377,0.0
T004432,93.29098946615376,2.0,5.0,8.214955958738704,
T004433,109.46641536461873,1.0,0.0,3.1437697888433576,0.0
T004434,196.17228974124765,2.0,7.0,14.676742902459322,0.0
T004435,90.22636782070133,2.0,2.0,4.071280370452096,0.0
T004436,135.6499215086194,2.0,2.0,1.4613924582152171,0.0
T004437,117.8486379633463,3.0,1.0,23.714056545811477,0.0
T004438,152.93642649419394,2.0,1.0,75.05401100957336,0.0
T004439,,2.0,,1.9936148795227424,0.0
T004440,4.417972467412142,1.0,0.0,1.0197257721215844,0.0
T004441,181.29794576810315,2.0,9.0,14.545354974465674,0.0
T004442,116.63037551620988,2.0,6.0,3.0547928072418404,0.0
T004443,110.2379441200892,3.0,2.0,31.155723829626265,1.0
T004444,65.7685087119998,,8.0,30.94355845103849,0.0
T004445,103.40361346243104,2.0,0.0,5.497298432908335,0.0
T004446,121.97506153101132,3.0,7.0,25.07309340160644,0.0
T004447,127.16800961899676,1.0,0.0,,0.0
T004448,66.86881205270767,2.0,2.0,0.6436915225731852,1.0
T004449,48.184537631311485,2.0,2.0,17.53503098738671,0.0
T004450,59.45530318998751,,1.0,11.098105366854856,0.0
T004451,104.12208833174212,3.0,5.0,16.312496079940733,0.0
T004452,136.20682796572487,1.0,0.0,,0.0
T004453,108.88505004666268,2.0,4.0,47.51065221946412,0.0
T004454,161.40151048040676,3.0,11.0,,0.0
T004455,179.63349991414418,3.0,,13.563208481656112,1.0
T004456,156.32825147738788,1.0,6.0,21.733582356723947,0.0
T004457,118.34070216427212,2.0,0.0,16.201695879000756,0.0
T004458,121.2943603096518,3.0,7.0,0.9929713959339636,0.0
T004459,61.34951080722668,2.0,1.0,24.691385639769955,
T004460,88.9231701208131,2.0,0.0,8.602860826903601,0.0
T004461,102.2745738165376,3.0,0.0,18.754215009377308,0.0
T004462,109.1671002869176,2.0,0.0,60.89199710111926,
T004463,81.3365877029343,2.0,1.0,15.697356179908958,0.0
T004464,78.16401319797022,2.0,13.0,14.794719201048244,0.0
T004465,88.97308854217313,3.0,2.0,42.54616302604239,0.0
T004466,96.1081401493599,2.0,3.0,8.064271649395474,
T004467,104.22634918921622,3.0,5.0,52.39258297527383,0.0
T004468,88.20150063945142,1.0,8.0,3.1394406737181213,0.0
T004469,109.8260584850735,1.0,1.0,,0.0
T004470,58.80815651794229,3.0,5.0,32.979591018220255,0.0
T004471,167.3049897257129,2.0,13.0,,0.0
T004472,145.0864348570137,2.0,0.0,75.80620326327092,0.0
T004473,58.638452822383854,2.0,1.0,17.47621151442104,0.0
T004474,84.48461473075481,2.0,4.0,56.68415495313271,0.0
T004475,101.77830370164968,2.0,8.0,,0.0
T004476,101.70417341296132,1.0,6.0,0.0621905555551265,0.0
T004477,144.74552780134127,3.0,0.0,8.907937300773595,0.0
T004478,143.6098500036489,3.0,6.0,21.31247215806012,0.0
T004479,105.40070604897504,3.0,2.0,8.105110125602867,0.0
T004480,132.55681209118285,1.0,8.0,45.88808193386098,0.0
T004481,120.9102877943986,2.0,15.0,35.181479982903475,0.0
T004482,,2.0,,6.297452641071276,0.0
T004483,131.62038695277604,1.0,0.0,59.93484865951512,1.0
T004484,,1.0,,,0.0
T004485,1.0,2.0,6.0,16.219755015579917,0.0
T004486,28.06399494715652,3.0,0.0,49.64306283179079,0.0
T004487,99.80979331646004,3.0,1.0,28.82864537109779,0.0
T004488,180.7687844734721,3.0,0.0,14.210636976015268,1.0
T004489,79.93897640570819,1.0,0.0,16.48456935068885,1.0
T004490,50.77329747590159,1.0,0.0,224.6997566425996,0.0
T004491,54.35945403517435,3.0,2.0,26.494283888368365,0.0
T004492,145.02665386657958,3.0,1.0,35.98294088506582,0.0
T004493,33.97716934578618,2.0,14.0,0.1104347998427709,1.0
T004494,134.1662255758046,2.0,2.0,6.616152367045768,0.0
T004495,2.4449067980687573,2.0,,25.61127133598857,1.0
T004496,24.051510959334266,2.0,3.0,15.505248773929084,0.0
T004497,92.88102574893531,2.0,3.0,12.69701179744652,1.0
T004498,116.96779063781102,2.0,1.0,10.572191577396412,0.0
T004499,154.4384827108336,3.0,1.0,11.133331931730792,0.0
T004500,57.68201400565136,,0.0,42.42698612766413,0.0
T004501,58.402254125277445,,1.0,8.160913447722391,0.0
T004502,56.35194547731498,2.0,5.0,31.74885026040909,0.0
T004503,16.570796306120528,1.0,2.0,13.68519153345206,0.0
T004504,118.019669750904,3.0,2.0,5.6594302896240185,0.0
T004505,71.46268531252619,3.0,2.0,85.56762963966983,0.0
T004506,,1.0,2.0,13.410933603603793,0.0
T004507,104.58803882677512,,17.0,,0.0
T004508,33.48431871305051,3.0,5.0,49.857887855083824,0.0
T004509,,2.0,14.0,8.857755370339337,0.0
T004510,163.39802435515446,,13.0,,0.0
T004511,1.0,2.0,3.0,,0.0
T004512,64.00052333890304,3.0,0.0,10.61658609934873,0.0
T004513,96.49171442706763,2.0,5.0,1.7742554195145273,0.0
T004514,123.12956464269756,,4.0,6.038081192808325,0.0
T004515,48.402237895278255,1.0,1.0,4.918437018633788,0.0
T004516,135.52745511488928,2.0,5.0,7.856612698771056,0.0
T004517,27.24726974547241,3.0,3.0,24.06745971802578,0.0
T004518,88.46691666801459,2.0,0.0,43.31116096108044,0.0
T004519,68.28570761552984,2.0,3.0,9.716595872180095,0.0
T004520,147.89660276078422,2.0,2.0,18.451222325062883,0.0
T004521,,2.0,,23.885558280463123,0.0
T004522,33.988339648967894,2.0,2.0,51.08166993893196,0.0
T004523,119.96588008595654,2.0,5.0,,0.0
T004524,102.92247403528248,3.0,6.0,19.720123792148733,0.0
T004525,112.18286118513572,3.0,4.0,20.615894767542063,0.0
T004526,113.0221131666778,1.0,9.0,,
T004527,141.32016586652622,2.0,2.0,25.7196135632827,0.0
T004528,219.41859964352196,2.0,1.0,11.538797180766114,0.0
T004529,73.23416437161706,2.0,1.0,13.066603508062252,0.0
T004530,,3.0,2.0,18.365628893461917,0.0
T004531,15.386458417833566,2.0,8.0,31.57399959565667,0.0
T004532,,2.0,0.0,24.02378971855853,0.0
T004533,80.12211172541393,2.0,26.0,11.224170958449715,1.0
T004534,155.9274972127663,2.0,1.0,,0.0
T004535,94.43405756010996,1.0,0.0,42.92013212479469,0.0
T004536,,,2.0,33.319889735671026,0.0
T004537,,3.0,1.0,21.773786429222447,0.0
T004538,,2.0,5.0,2.877547061227747,0.0
T004539,97.14794165735292,1.0,0.0,35.64414965313756,0.0
T004540,94.3835975154585,3.0,19.0,3.75192853110626,0.0
T004541,58.96588408241448,2.0,1.0,10.912236215436728,0.0
T004542,81.8434176591461,1.0,4.0,40.95686055817663,0.0
T004543,92.108124507987,2.0,11.0,11.383023754838137,0.0
T004544,41.84786748576991,2.0,2.0,20.52962882408769,0.0
T004545,78.55096413137902,3.0,2.0,,0.0
T004546,146.87850688132792,3.0,9.0,40.188374709232605,
T004547,90.70771239036264,2.0,2.0,10.334192887353645,0.0
T004548,118.43366544364504,2.0,12.0,16.515683342639576,0.0
T004549,119.08670844812546,2.0,0.0,,0.0
T004550,59.58671391795368,3.0,,71.5620046034439,0.0
T004551,114.29016433973663,2.0,1.0,21.56575362141093,0.0
T004552,262.1546484797367,2.0,10.0,36.484341943867854,0.0
T004553,190.94492661001624,2.0,6.0,25.1384281525411,0.0
T004554,,2.0,0.0,5.135582856195192,0.0
T004555,161.3466611942154,3.0,8.0,102.61859564334152,0.0
T004556,,3.0,9.0,,0.0
T004557,134.94598425403944,3.0,7.0,4.728753564751687,0.0
T004558,58.87900338088997,1.0,1.0,28.3278190609784,
T004559,188.5400317817755,2.0,1.0,17.691507004302164,0.0
T004560,104.42034431459236,2.0,4.0,15.180232768326988,0.0
T004561,54.65485626389695,2.0,0.0,9.191106900631585,0.0
T004562,117.20269607817332,2.0,,26.42280254887438,1.0
T004563,9.806860371881754,2.0,11.0,1.923142265288516,0.0
T004564,110.94819579279876,2.0,4.0,7.539034453953825,0.0
T004565,94.82065732971095,2.0,,41.06609943230834,0.0
T004566,163.84826930440937,3.0,0.0,0.8590798610976139,0.0
T004567,153.27401875326757,2.0,,50.95298095136055,1.0
T004568,135.94766553325334,2.0,1.0,8.601854107828103,0.0
T004569,207.8654106632752,2.0,3.0,14.335496422766292,0.0
T004570,94.83726199254762,3.0,1.0,71.37545687277706,0.0
T004571,203.12624596215724,3.0,0.0,8.78588739840797,0.0
T004572,189.19612976008847,3.0,6.0,1.3001587082284267,1.0
T004573,161.8908155986731,2.0,1.0,28.65991411579229,0.0
T004574,75.52802787408889,2.0,1.0,53.05202777482905,0.0
T004575,,2.0,6.0,5.6011839806525625,0.0
T004576,15.287205200246106,3.0,,2.2167099530246017,0.0
T004577,44.82053413921145,2.0,5.0,52.252188367892735,0.0
T004578,101.26054337700413,3.0,3.0,2.146390913524436,0.0
T004579,133.44200652731092,3.0,6.0,25.06886697412017,0.0
T004580,121.92378694048637,,0.0,,
T004581,94.6484820022721,1.0,1.0,22.13526482840556,0.0
T004582,11.348376589655928,1.0,7.0,1.9300671780782133,
T004583,122.213165574302,1.0,1.0,3.214045587511987,
T004584,69.41831316527204,2.0,0.0,0.3566317834072978,0.0
T004585,67.31168306755902,3.0,1.0,3.4503668131654788,0.0
T004586,59.078566702899934,2.0,8.0,43.46027077320482,0.0
T004587,54.75260835309669,3.0,5.0,13.308541959279422,0.0
T004588,71.96195465100699,3.0,0.0,1.2608184965321962,1.0
T004589,75.13228142929535,1.0,0.0,13.60627922994325,
T004590,98.67971215205364,3.0,1.0,,0.0
T004591,18.634413602634226,3.0,0.0,3.119596267581909,0.0
T004592,179.57001838814023,2.0,,33.181994789911904,0.0
T004593,37.17465528603719,3.0,,6.034986500436483,0.0
T004594,82.87253995711175,3.0,3.0,37.72131666340039,0.0
T004595,100.03414094787414,2.0,1.0,13.452757513569122,0.0
T004596,124.62256320040746,2.0,1.0,7.681670363200642,0.0
T004597,126.49020889576414,,4.0,60.190116555161055,0.0
T004598,68.89825972228093,2.0,2.0,128.10256361582196,0.0
T004599,64.19782818620799,2.0,12.0,11.775630415744793,0.0
T004600,95.8141020075394,1.0,6.0,,
T004601,158.3754911493223,2.0,0.0,,0.0
T004602,,2.0,22.0,9.967762752512328,0.0
T004603,80.00608806658143,2.0,14.0,7.178078511375592,0.0
T004604,161.1541533547663,3.0,1.0,3.389654238220895,0.0
T004605,43.455578233704216,2.0,1.0,53.82634449712056,0.0
T004606,173.82701748629478,1.0,1.0,5.691397620729096,0.0
T004607,97.25529996918569,2.0,2.0,32.242725173425086,0.0
T004608,123.68160384057272,3.0,,88.67809573225851,0.0
T004609,,2.0,0.0,8.738002499405278,1.0
T004610,109.3227157384714,3.0,0.0,14.784422445163974,
T004611,122.676715075699,3.0,5.0,69.44410198777035,0.0
T004612,,1.0,2.0,0.991903653379231,1.0
T004613,55.61152442307296,2.0,1.0,,0.0
T004614,36.21586700021342,2.0,5.0,23.826085572228287,0.0
T004615,70.00889883400754,2.0,2.0,64.49668629698638,0.0
T004616,1.6337467887002788,3.0,2.0,12.116485354519522,0.0
T004617,127.17396893350464,2.0,0.0,26.57019675763964,0.0
T004618,124.5722755447201,2.0,1.0,11.54383508765492,0.0
T004619,37.88767332253854,3.0,0.0,47.39215019492542,0.0
T004620,120.48180593419968,2.0,2.0,15.17416640797574,0.0
T004621,97.02924093637527,1.0,0.0,118.24820581486406,0.0
T004622,123.67359495176144,3.0,3.0,24.68369509393824,0.0
T004623,118.02208381463863,1.0,3.0,0.7618454744719334,0.0
T004624,92.75477104592844,3.0,0.0,25.1719506537924,
T004625,,1.0,1.0,,0.0
T004626,98.0490240311228,3.0,7.0,17.73949680297141,0.0
T004627,,3.0,0.0,16.88203020248655,0.0
T004628,116.68310526434742,2.0,,35.784477968238946,0.0
T004629,100.18478359239236,1.0,0.0,8.038163892998364,0.0
T004630,116.89787641160592,2.0,8.0,,0.0
T004631,114.48874284482064,3.0,0.0,3.117784525934734,0.0
T004632,99.0102827739646,3.0,4.0,12.820827362951151,0.0
T004633,28.699094143977405,2.0,8.0,9.648792312534654,0.0
T004634,143.2877597085061,2.0,6.0,15.206573415150416,0.0
T004635,86.37276393190955,2.0,3.0,10.21389928680783,1.0
T004636,,2.0,0.0,46.79482653158289,0.0
T004637,,1.0,0.0,1.0197066274664002,0.0
T004638,109.05107793518536,2.0,18.0,47.65033872339156,0.0
T004639,97.02373219691,1.0,2.0,26.752920883512157,1.0
T004640,143.07182628164026,3.0,1.0,,0.0
T004641,145.3272078554982,2.0,1.0,59.27871010335606,0.0
T004642,87.05475131479614,2.0,,13.777341578097218,0.0
T004643,154.29910580875162,2.0,11.0,26.16506699885436,0.0
T004644,86.05185348340957,,5.0,10.974710598543496,0.0
T004645,,3.0,5.0,67.12679098650717,0.0
T004646,58.88898022167843,3.0,6.0,37.52971957000904,
T004647,31.498668631778543,3.0,4.0,24.086647647737536,0.0
T004648,168.74382095740924,2.0,2.0,13.688202699277864,0.0
T004649,41.1518943615016,2.0,4.0,,0.0
T004650,129.1368791586932,2.0,14.0,22.60384851961716,0.0
T004651,112.37402738200524,2.0,6.0,10.205371470505105,0.0
T004652,,2.0,3.0,30.160431424934515,0.0
T004653,,1.0,4.0,24.036452078412985,0.0
T004654,38.838988496903504,3.0,7.0,11.323039447768425,0.0
T004655,80.02672547635736,2.0,3.0,14.099959895681922,0.0
T004656,114.73596264511508,2.0,3.0,17.64418677558385,0.0
T004657,208.54713587489067,2.0,1.0,22.30543328981434,0.0
T004658,114.3781952583664,1.0,4.0,8.334816394599248,0.0
T004659,88.92433685239381,3.0,1.0,63.60772425109917,0.0
T004660,117.88306833155448,,0.0,25.9572548321421,0.0
T004661,134.6961616595629,,4.0,42.61108146322309,0.0
T004662,48.83733883122078,3.0,,6.063368467152462,
T004663,120.08558610494708,2.0,14.0,2.124017192560924,0.0
T004664,1.0,1.0,,44.27441260201845,0.0
T004665,173.3391278449488,3.0,3.0,12.070705553914946,0.0
T004666,134.01151042088145,2.0,,39.00741521829055,0.0
T004667,51.00372126088777,,,48.022381398467445,0.0
T004668,65.08690756243038,2.0,1.0,54.114553477911976,0.0
T004669,,2.0,1.0,18.86420317209317,0.0
T004670,148.3913012012602,3.0,0.0,4.7815247388035225,0.0
T004671,95.0845076272812,1.0,2.0,6.674410872250128,0.0
T004672,44.14067691464988,3.0,11.0,,0.0
T004673,30.83296115141948,,,88.49104825848451,0.0
T004674,56.51684593626528,3.0,6.0,4.999991167804738,0.0
T004675,92.09960507105052,3.0,6.0,4.631677471122865,0.0
T004676,172.1816001734407,3.0,12.0,28.774754431730937,1.0
T004677,31.643109676987702,3.0,7.0,14.293632007878683,0.0
T004678,101.58797282907254,2.0,2.0,31.36392233630194,0.0
T004679,,2.0,3.0,15.314113422410102,0.0
T004680,67.01256793730171,2.0,3.0,32.04749314549645,0.0
T004681,116.34277003052186,2.0,3.0,16.536140600665973,0.0
T004682,,2.0,5.0,21.492009363308892,0.0
T004683,18.39925574867914,1.0,1.0,,0.0
T004684,144.73235937869362,2.0,5.0,102.10324269998696,0.0
T004685,55.48410759900641,3.0,4.0,25.12369741314517,0.0
T004686,135.07473909623573,3.0,8.0,33.05568456436342,0.0
T004687,73.09761207549307,2.0,7.0,9.083501885050609,0.0
T004688,,3.0,12.0,,0.0
T004689,108.8410436069699,1.0,,2.9542586052976167,0.0
T004690,63.03142962704818,2.0,3.0,6.150868264615654,0.0
T004691,95.58589758243724,2.0,1.0,27.05723284569877,1.0
T004692,55.246507886169766,2.0,3.0,5.14352472479295,0.0
T004693,118.436657365876,1.0,3.0,62.95029166376127,0.0
T004694,142.1256948227502,3.0,14.0,39.21262153826675,0.0
T004695,91.36854328545826,3.0,4.0,10.380411474265609,0.0
T004696,62.65383574649162,2.0,2.0,66.03144021519057,0.0
T004697,219.0856765866273,3.0,,21.191052726706864,0.0
T004698,83.35697978087444,3.0,,0.192857545857709,0.0
T004699,124.31549966751108,3.0,1.0,0.004281750846255,0.0
T004700,33.922210674447456,2.0,3.0,0.2788690055607919,0.0
T004701,19.184469578170606,2.0,15.0,84.56803355488933,1.0
T004702,29.740507659821247,3.0,6.0,18.61689853351041,0.0
T004703,12.655215432722258,,7.0,,0.0
T004704,67.46700863158082,3.0,7.0,4.803407003543069,0.0
T004705,136.07812525630715,3.0,2.0,,0.0
T004706,55.23268388184879,3.0,2.0,29.58120448442336,0.0
T004707,135.77465483847425,3.0,,,0.0
T004708,100.31365780922091,3.0,0.0,14.419439010262977,0.0
T004709,187.73970909921823,3.0,5.0,44.39813378684836,0.0
T004710,157.9537032477949,1.0,18.0,48.58242546590812,0.0
T004711,148.7856688834625,3.0,3.0,0.5480858425115868,0.0
T004712,75.1019076591079,1.0,10.0,8.946788985226743,0.0
T004713,98.20869804450244,2.0,2.0,3.794489826811461,1.0
T004714,124.0372289883992,2.0,1.0,19.57865956713546,0.0
T004715,12.451221279738604,3.0,7.0,31.203276052254925,0.0
T004716,105.268775307298,1.0,10.0,6.042749183553616,0.0
T004717,130.9855722983068,2.0,2.0,16.223866270160784,0.0
T004718,,2.0,12.0,24.555975552446565,1.0
T004719,89.82098199488192,1.0,1.0,31.285069317794083,0.0
T004720,147.29440782773196,3.0,6.0,0.7519936327830913,0.0
T004721,43.298990703252095,1.0,4.0,50.05679722576241,0.0
T004722,82.95460613269601,1.0,0.0,8.097114151791002,0.0
T004723,75.58630787742277,1.0,1.0,42.60829918658015,0.0
T004724,158.23696772285857,3.0,5.0,15.975174772781545,0.0
T004725,166.2716054547539,2.0,6.0,96.65866751612678,0.0
T004726,1.0,2.0,,0.5222508540302502,0.0
T004727,129.57210758759274,2.0,7.0,,0.0
T004728,159.53231373931706,2.0,4.0,75.15817392937825,0.0
T004729,165.4722050701324,3.0,12.0,0.7565981067167713,0.0
T004730,119.20327244696536,2.0,3.0,19.38549406440876,0.0
T004731,,1.0,5.0,,0.0
T004732,147.06552903837417,1.0,1.0,35.47349810167887,0.0
T004733,129.3695849903006,2.0,12.0,13.362600660477543,0.0
T004734,134.8103182406709,2.0,3.0,3.3120557728277737,0.0
T004735,50.08072804058543,3.0,0.0,11.81894346861599,1.0
T004736,67.16553271862934,3.0,1.0,7.106405246532206,0.0
T004737,142.8487768491393,2.0,0.0,19.11998445162677,0.0
T004738,44.75686034687399,1.0,4.0,9.9894531120253,0.0
T004739,102.55989509405428,2.0,10.0,17.559058224885625,0.0
T004740,,1.0,1.0,15.431245568262112,0.0
T004741,,1.0,8.0,14.23275991914619,0.0
T004742,22.20521768981864,2.0,3.0,5.039037431091864,0.0
T004743,139.1314913158259,3.0,,1.0026487591039983,0.0
T004744,19.67768398712137,3.0,2.0,8.476811862111829,0.0
T004745,121.44082501652863,2.0,6.0,6.841234705285997,0.0
T004746,134.63845159244303,1.0,4.0,16.54811563570478,0.0
T004747,89.54883713569873,3.0,,28.992934206506167,0.0
T004748,130.51080847946113,2.0,12.0,3.358360896852043,0.0
T004749,136.98377340589167,2.0,0.0,14.702152596776708,0.0
T004750,136.0567681272791,3.0,3.0,16.462969918504267,0.0
T004751,161.46073921485254,2.0,3.0,19.84800881057284,0.0
T004752,1.0,3.0,5.0,13.343818555759556,0.0
T004753,115.26215632656763,2.0,2.0,36.93317056756364,0.0
T004754,50.60633295496254,3.0,,2.3207942792805274,0.0
T004755,103.84109455301277,3.0,4.0,31.63334257375047,0.0
T004756,123.15923976337923,3.0,0.0,41.305889620069394,0.0
T004757,165.85575336699327,3.0,5.0,40.67345901734784,0.0
T004758,125.71273780089174,3.0,10.0,6.86012841170314,0.0
T004759,,,1.0,0.5893106453028525,0.0
T004760,51.0629581845117,3.0,10.0,11.646655154891176,0.0
T004761,129.17721515059438,2.0,12.0,13.808791430508496,0.0
T004762,125.3120494652963,3.0,18.0,5.844045899556349,0.0
T004763,83.43238504560753,2.0,2.0,23.115862928583866,1.0
T004764,97.9264111000426,1.0,,20.85544056847839,0.0
T004765,88.21443775716658,,4.0,20.861949425138565,
T004766,90.11897661020171,2.0,3.0,35.60375761406059,0.0
T004767,83.86600805789321,1.0,6.0,9.73333169817116,0.0
T004768,48.61624295370209,2.0,9.0,59.27797769482878,
T004769,,3.0,14.0,34.86238200330938,0.0
T004770,88.02490389891251,2.0,4.0,82.02112151336995,0.0
T004771,132.41402169219296,2.0,5.0,14.464142141845354,0.0
T004772,38.957817501448886,3.0,2.0,20.505667111238328,0.0
T004773,34.776524974757336,2.0,2.0,,0.0
T004774,120.43264057403354,3.0,16.0,9.58767587648176,0.0
T004775,107.46817411355944,2.0,0.0,5.743391142783964,0.0
T004776,125.78140442219782,3.0,0.0,10.146405953486648,0.0
T004777,8.189731344835167,3.0,6.0,28.62977810868168,1.0
T004778,120.1134038600649,1.0,2.0,29.208880614765725,0.0
T004779,,,0.0,3.112175377767532,0.0
T004780,142.03672410647746,2.0,0.0,,0.0
T004781,177.4510075747594,1.0,3.0,40.03063869517581,0.0
T004782,109.53177956325122,3.0,,4.192412529232661,1.0
T004783,75.95831052440103,2.0,4.0,26.21934183299143,0.0
T004784,140.98698586290473,3.0,9.0,16.28220013391201,0.0
T004785,98.7902196804542,3.0,3.0,24.327835862246147,0.0
T004786,96.99812291557176,2.0,9.0,51.56083903490796,0.0
T004787,143.56486487286222,1.0,2.0,7.870836488563522,0.0
T004788,56.53565065056781,,5.0,8.59187686050708,0.0
T004789,99.86069446665492,3.0,1.0,79.22066055311352,1.0
T004790,113.34091981477007,2.0,0.0,3.487428466154758,0.0
T004791,172.5571803897521,2.0,4.0,6.148784797556224,0.0
T004792,179.44701642220414,3.0,7.0,10.37616491717949,1.0
T004793,1.0,2.0,4.0,38.67185642764098,0.0
T004794,111.37299673020648,2.0,0.0,20.086869703626807,0.0
T004795,,2.0,8.0,35.00641525361623,0.0
T004796,107.27136087028796,2.0,1.0,4.728344945532115,0.0
T004797,50.08466123544725,2.0,0.0,39.8914555059626,0.0
T004798,98.1182648787576,2.0,13.0,35.975315402952454,0.0
T004799,,1.0,0.0,33.66167070357839,0.0
T004800,116.87410373631997,1.0,34.0,12.774624615914904,0.0
T004801,1.0,1.0,6.0,,0.0
T004802,1.0,2.0,19.0,0.7295671443384244,0.0
T004803,46.61897853087028,2.0,1.0,10.89675544506904,0.0
T004804,173.28243844607772,1.0,5.0,36.42421880209532,0.0
T004805,134.9111656806795,3.0,11.0,1.2080718422171195,0.0
T004806,176.89659592062765,1.0,1.0,4.836930850963094,0.0
T004807,121.6479912680348,3.0,3.0,16.43780269708231,0.0
T004808,7.690606888095303,3.0,11.0,1.7298070745288427,0.0
T004809,84.95870219838507,2.0,7.0,3.330877789232663,0.0
T004810,94.21758588058798,1.0,1.0,26.517848216373284,0.0
T004811,,2.0,6.0,,1.0
T004812,40.235311820037765,2.0,1.0,17.104017603931798,0.0
T004813,79.42866964419989,3.0,1.0,37.0556179799039,0.0
T004814,64.54895211847548,,6.0,1.1596158460663688,1.0
T004815,147.1394257070038,1.0,2.0,3.018576362996068,
T004816,76.71351232148716,2.0,9.0,,1.0
T004817,36.500070130306206,2.0,9.0,34.991247607443405,
T004818,,3.0,7.0,28.2192997531648,1.0
T004819,98.53685931575107,2.0,4.0,5.759651926102448,0.0
T004820,148.40923302664305,2.0,,18.194508499693114,0.0
T004821,134.0679755221474,3.0,2.0,3.4065423926513967,0.0
T004822,63.57691891598286,2.0,3.0,11.21432775327363,0.0
T004823,101.90017390841,2.0,14.0,10.414601378893249,0.0
T004824,92.50296404604453,2.0,0.0,,0.0
T004825,220.58383377892108,1.0,8.0,22.92429014032754,1.0
T004826,166.45762650662158,2.0,2.0,33.78074430904748,0.0
T004827,119.14944923704644,3.0,11.0,11.889735945166043,0.0
T004828,151.91894255096582,1.0,0.0,,0.0
T004829,125.1392213447597,,6.0,1.3056460004171484,0.0
T004830,127.16954139359048,2.0,1.0,4.935451748720961,0.0
T004831,123.62987412065216,2.0,0.0,37.58590085397834,0.0
T004832,124.36526185224974,2.0,5.0,18.138262605722527,0.0
T004833,133.14406343337063,2.0,3.0,0.2300590954792193,0.0
T004834,54.51582915090832,1.0,0.0,49.53201517351905,0.0
T004835,127.65745781896044,3.0,0.0,42.685063220696485,0.0
T004836,130.39482548582697,1.0,1.0,68.8570768076159,0.0
T004837,70.43609953151471,3.0,0.0,62.48800869004416,0.0
T004838,,2.0,2.0,78.28535566656367,0.0
T004839,80.63190177235944,3.0,8.0,1.4827296646198511,0.0
T004840,,2.0,,,0.0
T004841,109.01474402517222,1.0,9.0,56.91219921994629,0.0
T004842,,2.0,4.0,7.403765169831369,0.0
T004843,193.66488881087727,3.0,,19.099597392577085,1.0
T004844,16.44151137529674,2.0,9.0,8.0914734475498,0.0
T004845,170.467372009279,2.0,0.0,4.242974838752906,0.0
T004846,53.3366020463402,,19.0,,0.0
T004847,114.05046251409031,2.0,1.0,40.24690033292791,0.0
T004848,,2.0,7.0,66.96182228331395,0.0
T004849,68.84297367876178,2.0,3.0,4.032575677887089,0.0
T004850,169.9677718293001,3.0,8.0,12.02464813379236,0.0
T004851,70.43576055990528,2.0,2.0,89.68581599190816,0.0
T004852,181.48210655563992,2.0,,8.624388169049482,0.0
T004853,121.17995327967306,3.0,2.0,23.59003296644065,0.0
T004854,,3.0,0.0,36.75778776265579,1.0
T004855,46.00787761092565,1.0,10.0,63.852522037224055,0.0
T004856,138.80139569217377,,10.0,14.948016895591984,0.0
T004857,114.67687649843202,3.0,3.0,,0.0
T004858,146.7159955619637,2.0,4.0,57.0585723759412,0.0
T004859,98.17050128285344,1.0,2.0,,0.0
T004860,79.10452271170547,2.0,7.0,6.46089449901886,0.0
T004861,36.40404994436386,2.0,2.0,,0.0
T004862,43.720644298401545,2.0,0.0,21.45462869315552,0.0
T004863,51.075022706669685,3.0,2.0,40.18023582661141,0.0
T004864,46.457379065778056,2.0,2.0,14.135847428043238,0.0
T004865,69.80808512534067,2.0,0.0,65.88418533562137,0.0
T004866,29.576935181822023,2.0,2.0,25.37509544607051,1.0
T004867,134.3713377563252,3.0,14.0,2.6452544850460478,0.0
T004868,1.0,3.0,0.0,4.851358035536889,0.0
T004869,141.0079093377742,1.0,0.0,1.5515446757546525,0.0
T004870,140.5698277245796,2.0,16.0,13.154220109195188,0.0
T004871,92.79562221391924,,0.0,2.485945455563386,1.0
T004872,171.23138660386218,2.0,0.0,44.587998753694464,0.0
T004873,85.94372575559568,1.0,7.0,0.8433158359158054,0.0
T004874,32.15322151502123,2.0,1.0,87.50140179165892,0.0
T004875,246.3635046236665,3.0,,,0.0
T004876,175.16991508835753,2.0,2.0,,0.0
T004877,128.94643242856174,3.0,0.0,40.42551991636964,0.0
T004878,103.78367703066932,1.0,0.0,26.95868525628688,1.0
T004879,208.9281086995831,2.0,4.0,0.6171928873699889,0.0
T004880,106.97488980737296,3.0,0.0,4.524264091649356,0.0
T004881,119.66535250026618,3.0,0.0,46.95701634102517,1.0
T004882,74.23908030958786,3.0,8.0,12.552666457784545,0.0
T004883,115.1909297802438,2.0,5.0,25.373906362807848,1.0
T004884,26.153753623404924,3.0,0.0,24.45440741637125,0.0
T004885,111.19570670323309,,0.0,20.16055185705713,0.0
T004886,74.53933187004327,2.0,0.0,23.28647168708456,1.0
T004887,48.79065878353976,2.0,1.0,40.74302912703088,0.0
T004888,119.86985117296172,2.0,2.0,66.79688482140142,0.0
T004889,101.06558243359711,2.0,1.0,15.91702904228998,0.0
T004890,186.79819015826249,2.0,0.0,0.1845450889141505,1.0
T004891,104.98256825438206,2.0,3.0,12.214036562091362,0.0
T004892,159.82857508322456,3.0,11.0,0.3377299719022492,0.0
T004893,86.24392858724767,2.0,3.0,18.64643178809759,0.0
T004894,116.15927412291028,2.0,10.0,47.457382432140754,0.0
T004895,125.36370155536488,,12.0,,0.0
T004896,53.66508455763447,,0.0,5.001659609338516,0.0
T004897,163.55326630035168,2.0,8.0,7.088809092225991,0.0
T004898,117.429755993049,3.0,1.0,5.457479750982499,1.0
T004899,68.48753524977819,3.0,0.0,89.44543503964265,0.0
T004900,44.29593208834562,1.0,7.0,18.527722286026357,0.0
T004901,7.104927430085638,2.0,13.0,13.526084487493634,0.0
T004902,29.86973641001532,3.0,1.0,123.26460856657316,0.0
T004903,106.99436164195636,2.0,3.0,9.13015046278618,0.0
T004904,154.73992511136626,1.0,2.0,40.80826991281728,0.0
T004905,68.3559862557604,3.0,0.0,,1.0
T004906,,3.0,7.0,11.336381223526642,0.0
T004907,,,17.0,22.610175485205737,0.0
T004908,171.11849308492538,2.0,9.0,30.539946810632745,0.0
T004909,120.74327501809552,2.0,3.0,15.773518101248744,0.0
T004910,123.10517371316354,2.0,0.0,2.160307299328713,0.0
T004911,159.6556472925514,3.0,4.0,11.721912485148955,0.0
T004912,178.69933816450165,3.0,2.0,63.48074312942047,0.0
T004913,210.5261500795676,3.0,10.0,5.05268425108745,1.0
T004914,152.47763576596677,1.0,0.0,29.877338320971187,0.0
T004915,159.09455464799808,3.0,7.0,17.6737663939496,0.0
T004916,127.7756323171124,1.0,0.0,,0.0
T004917,89.5765894729796,3.0,,3.993278077634992,1.0
T004918,127.1800077297216,2.0,,6.5426226799860165,0.0
T004919,2.247561484085864,2.0,1.0,4.486450394730809,0.0
T004920,133.10653372605233,2.0,,3.517768398177927,0.0
T004921,98.07457652496464,3.0,4.0,7.358765781884058,0.0
T004922,46.74431684623137,3.0,3.0,5.345510447759051,0.0
T004923,97.99210246778284,3.0,4.0,10.71143756015116,0.0
T004924,,2.0,0.0,20.03723764756465,0.0
T004925,50.3203498034276,3.0,1.0,2.4385331898161167,0.0
T004926,104.89915767354478,2.0,10.0,,0.0
T004927,119.90736325612686,3.0,3.0,14.022502001757308,0.0
T004928,160.65488499895918,,3.0,23.01452074733399,0.0
T004929,111.19420121395656,3.0,,37.61019579934754,0.0
T004930,,3.0,0.0,48.06671314776663,0.0
T004931,103.50260815565908,2.0,5.0,52.82138291904703,0.0
T004932,,1.0,1.0,71.10662577489572,0.0
T004933,80.00500049453417,3.0,3.0,8.933138174317216,0.0
T004934,59.48737814928095,,18.0,53.82629699895486,0.0
T004935,,2.0,25.0,4.47992839264603,0.0
T004936,111.21698283890412,3.0,6.0,50.37508107124853,0.0
T004937,134.17846616002387,,0.0,31.12943607286495,
T004938,144.11665311617045,3.0,1.0,14.621024855481089,1.0
T004939,233.34526111600044,2.0,0.0,8.055158171383049,0.0
T004940,148.76562292389897,1.0,28.0,15.51198221602812,0.0
T004941,214.0825918269421,2.0,0.0,22.60154094597045,0.0
T004942,99.54405016778982,2.0,1.0,25.90473576647333,0.0
T004943,1.0,2.0,6.0,0.5928561612249642,0.0
T004944,48.53142459089642,2.0,0.0,,0.0
T004945,106.67704523911412,2.0,12.0,,0.0
T004946,103.41857829838294,3.0,5.0,18.582359740222778,1.0
T004947,,3.0,,12.066036040640004,0.0
T004948,,2.0,16.0,,0.0
T004949,119.89635249734044,1.0,0.0,5.935522430236866,0.0
T004950,106.53702886430456,2.0,2.0,19.765181794726267,0.0
T004951,154.70957592354742,3.0,0.0,6.13803029360279,0.0
T004952,34.92060085983344,2.0,1.0,2.639335735850624,0.0
T004953,107.01799349240235,3.0,8.0,12.248193047457889,0.0
T004954,79.40883155181714,3.0,6.0,6.605496080614606,0.0
T004955,216.891387269415,2.0,0.0,28.11452100205297,0.0
T004956,54.966430874376,2.0,3.0,23.514045974906917,0.0
T004957,139.1794832399303,2.0,5.0,30.22633209429764,0.0
T004958,172.77172419576624,3.0,8.0,6.108620670248379,0.0
T004959,100.01035324590984,2.0,0.0,0.4356145865816817,0.0
T004960,111.35172394324444,3.0,12.0,43.316642111638906,0.0
T004961,81.06200816984534,3.0,3.0,15.476216871108676,0.0
T004962,49.89062721092636,3.0,4.0,0.963955687226069,0.0
T004963,118.7849009172836,1.0,2.0,30.207552274361404,
T004964,65.2643434455471,2.0,7.0,2.4408391740731528,0.0
T004965,41.03154391836914,1.0,0.0,3.4114859515122733,0.0
T004966,99.61555021393151,2.0,11.0,0.8674353223623978,1.0
T004967,,1.0,11.0,62.28992371541743,0.0
T004968,64.81448003342834,2.0,7.0,11.89839719004021,0.0
T004969,36.77507965225172,2.0,5.0,38.35190810901839,0.0
T004970,,2.0,6.0,,0.0
T004971,100.78488979788791,3.0,2.0,37.08162844416163,0.0
T004972,33.88262826583522,1.0,1.0,18.940313903713665,1.0
T004973,165.50959540404483,2.0,0.0,17.626710269063402,0.0
T004974,4.335987767110112,2.0,2.0,16.967629525886128,
T004975,68.4534583131105,1.0,2.0,51.01375183639393,0.0
T004976,76.94151339826905,3.0,0.0,5.401555504147164,
T004977,154.4374309852093,2.0,9.0,22.978649451099383,0.0
T004978,176.68638549582496,2.0,,10.07562275117281,0.0
T004979,19.164331252599283,1.0,0.0,1.123033164346522,1.0
T004980,85.57256520621476,2.0,10.0,15.890508839694167,0.0
T004981,129.62836369236652,1.0,,,0.0
T004982,134.94142101012673,2.0,12.0,42.889401457556936,0.0
T004983,207.65912287557785,1.0,1.0,8.465283169146517,0.0
T004984,43.9124448572056,2.0,3.0,15.903174143824678,0.0
T004985,109.98052092013914,2.0,2.0,13.657611450990837,0.0
T004986,71.79606846316358,3.0,8.0,5.253174449139534,0.0
T004987,149.85296782268207,3.0,1.0,,0.0
T004988,70.77723540747809,,2.0,5.284609073189752,0.0
T004989,58.5751487609877,,,16.718927490301443,0.0
T004990,130.20604447942588,2.0,0.0,7.118219944701541,0.0
T004991,91.03744873215442,3.0,3.0,17.520368963559214,0.0
T004992,96.63612675432329,3.0,6.0,2.9385847732215984,1.0
T004993,133.61467040202012,2.0,,46.80862120231919,0.0
T004994,102.34674510301848,3.0,5.0,11.36687485466861,0.0
T004995,54.78416874477957,2.0,7.0,4.381274553989481,0.0
T004996,150.6318704822036,,,9.674496666426297,0.0
T004997,47.69394574687479,2.0,0.0,6.706368895618666,0.0
T004998,161.80465876052187,2.0,2.0,13.829577249838628,0.0
T004999,,3.0,2.0,,1.0
T005000,81.73392243439457,2.0,0.0,,0.0
T005001,1.0,1.0,1.0,19.49552753970499,1.0
T005002,131.66634130356192,3.0,,16.161654685216124,0.0
T005003,125.7441798038186,2.0,0.0,12.744775655891877,0.0
T005004,60.198707159825545,1.0,15.0,72.48222712391936,1.0
T005005,109.99052168593568,2.0,6.0,27.1734015543874,0.0
T005006,158.67369287426624,3.0,5.0,21.401460035126807,0.0
T005007,130.01064828721388,2.0,1.0,60.453467793983776,0.0
T005008,99.8815541933596,1.0,4.0,3.80587514856806,1.0
T005009,121.00957714474958,3.0,9.0,,0.0
T005010,84.17957751525991,2.0,1.0,52.969598889962285,0.0
T005011,128.89892618197786,2.0,9.0,15.89959715818344,0.0
T005012,,2.0,0.0,71.985760466615,0.0
T005013,155.8647915794064,2.0,9.0,8.817951615288816,0.0
T005014,127.484159314513,3.0,6.0,106.1496673308432,0.0
T005015,72.3411377326365,1.0,,37.40535059404856,0.0
T005016,197.64586912447555,2.0,5.0,2.7563635359878296,0.0
T005017,106.8830970434023,2.0,3.0,7.604713667386859,0.0
T005018,102.3490296882371,3.0,,43.01151235560671,0.0
T005019,161.80653609031089,2.0,0.0,16.20746562843077,
T005020,189.92400435690587,2.0,0.0,20.99985300398757,0.0
T005021,147.37632310614288,2.0,5.0,22.792790428332932,0.0
T005022,40.43482513986757,1.0,6.0,9.86153593562106,1.0
T005023,107.1524384939476,1.0,5.0,30.987670095437725,0.0
T005024,101.43724114674087,3.0,5.0,9.002839475243963,0.0
T005025,142.88298116010097,2.0,3.0,18.229235898927637,0.0
T005026,47.99031400920511,2.0,2.0,0.8850517601788036,0.0
T005027,87.84694005595668,2.0,5.0,19.73190736507931,0.0
T005028,52.53005555840285,2.0,8.0,13.469205484594667,0.0
T005029,96.56829769572656,1.0,10.0,3.984988815322526,0.0
T005030,126.87393523032142,2.0,2.0,45.14970640844579,0.0
T005031,64.05838061956348,2.0,9.0,5.071478377555997,0.0
T005032,,1.0,0.0,3.992035271378108,0.0
T005033,131.86623415115363,3.0,4.0,5.706274737412094,0.0
T005034,72.6570529379804,3.0,2.0,2.3688364035234684,0.0
T005035,121.59612723369705,2.0,0.0,30.125706420796327,0.0
T005036,37.10659220455561,2.0,1.0,,0.0
T005037,163.88324478942124,,5.0,3.649432418206296,0.0
T005038,128.76025080532833,2.0,6.0,69.47557773911073,0.0
T005039,86.71977198569473,3.0,3.0,,1.0
T005040,81.53614303768984,2.0,3.0,47.44070983976844,0.0
T005041,54.18395404632901,3.0,0.0,0.0846548900980981,0.0
T005042,55.3606242254058,3.0,1.0,37.95096074392546,0.0
T005043,85.69978890599447,1.0,1.0,,0.0
T005044,62.56001019899731,2.0,3.0,4.005067580462135,0.0
T005045,169.2266023796953,3.0,0.0,31.96543369653672,0.0
T005046,29.666945157588884,1.0,1.0,19.80908140042007,0.0
T005047,93.81336599501216,1.0,10.0,1.260837614384446,1.0
T005048,179.7088978102006,3.0,8.0,34.40719964695585,0.0
T005049,94.43869693256498,2.0,0.0,77.17753285267727,0.0
T005050,57.416891283280336,3.0,1.0,4.439276407382387,0.0
T005051,109.63257663240124,1.0,1.0,5.894835686421778,0.0
T005052,157.32204352003637,3.0,0.0,9.18047365036403,1.0
T005053,82.2979644529488,,,,0.0
T005054,111.5921046067424,,4.0,21.87336487946557,0.0
T005055,172.63777725630916,3.0,4.0,17.44376323307768,0.0
T005056,132.22592458226455,3.0,4.0,55.35090753270635,0.0
T005057,71.16143347158336,2.0,2.0,5.549856753766737,0.0
T005058,115.09366903605058,3.0,4.0,,0.0
T005059,125.72194170293744,2.0,17.0,10.544599168458916,1.0
T005060,1.0,2.0,1.0,16.605667449679135,0.0
T005061,,1.0,2.0,12.599606531694912,0.0
T005062,68.45767985264057,3.0,0.0,92.09818683418806,1.0
T005063,,3.0,3.0,16.359028353462342,0.0
T005064,125.68929754561044,3.0,7.0,21.465232943873087,0.0
T005065,72.3175347326409,3.0,3.0,1.1705375574044616,0.0
T005066,,2.0,0.0,,0.0
T005067,128.23029629468002,3.0,0.0,45.437476560566665,0.0
T005068,36.95580228324774,3.0,0.0,18.103168289298065,0.0
T005069,122.3490858504926,1.0,3.0,15.374253853540578,0.0
T005070,47.32922184131719,2.0,0.0,28.664029513603108,0.0
T005071,241.2165295501523,3.0,0.0,3.599519761748335,0.0
T005072,142.37108385752109,3.0,5.0,4.268864287252702,1.0
T005073,110.92670212054728,3.0,3.0,3.3220221179702825,0.0
T005074,155.16509410082608,3.0,6.0,11.924517041084966,0.0
T005075,158.38910308299037,3.0,2.0,20.0497626148913,0.0
T005076,136.74388930249086,3.0,0.0,34.80301165928825,0.0
T005077,117.38382417691682,2.0,0.0,14.442243268281302,0.0
T005078,121.61314753170775,2.0,0.0,46.703127576718686,0.0
T005079,67.35249220839596,3.0,3.0,78.07937310198747,0.0
T005080,54.030770420678834,2.0,3.0,5.828234365403151,0.0
T005081,49.394781236991626,3.0,3.0,1.447898910519997,0.0
T005082,134.0976485647482,3.0,5.0,36.370362629974046,0.0
T005083,110.91944937720872,2.0,8.0,7.289408505204258,0.0
T005084,134.30257299992195,3.0,0.0,74.64750227044325,0.0
T005085,81.55302804842688,2.0,10.0,17.371537086653667,0.0
T005086,120.20254284072692,3.0,5.0,10.46290244616963,0.0
T005087,,2.0,2.0,3.038975027449017,0.0
T005088,172.66377380212722,2.0,6.0,4.321446735121513,1.0
T005089,,3.0,4.0,8.428573089243987,0.0
T005090,51.273534766467925,3.0,13.0,3.5164078677030712,0.0
T005091,,2.0,1.0,,0.0
T005092,129.22064902362422,2.0,7.0,2.213987203061979,0.0
T005093,,3.0,0.0,17.260978640075848,0.0
T005094,74.30496866755784,2.0,10.0,,0.0
T005095,,2.0,15.0,23.809050419969697,0.0
T005096,146.62174354773336,2.0,0.0,,0.0
T005097,69.60623696620911,2.0,3.0,,0.0
T005098,93.08678494144075,1.0,12.0,1.502005111313549,1.0
T005099,125.16260323747524,2.0,1.0,15.492453688264154,0.0
T005100,74.89728878236944,3.0,0.0,15.125022900328922,0.0
T005101,99.171579508874,,2.0,40.50723177423575,0.0
T005102,197.7078716875143,1.0,7.0,36.82451319045015,0.0
T005103,76.11712766174416,2.0,3.0,0.4532654341287189,0.0
T005104,99.33476823106824,2.0,9.0,34.29875288222541,
T005105,,2.0,1.0,39.81856997520939,0.0
T005106,60.811716720680174,2.0,15.0,14.277335399863578,0.0
T005107,19.24340920472453,2.0,5.0,22.63710463401306,0.0
T005108,25.324511087342827,,6.0,8.337437979794728,0.0
T005109,132.5695625652899,3.0,9.0,35.745464726082695,0.0
T005110,96.27832854499768,2.0,2.0,10.207634072148238,0.0
T005111,,3.0,19.0,28.69131937935064,0.0
T005112,121.41710253303624,2.0,4.0,19.998537728008444,0.0
T005113,107.6177436016861,2.0,12.0,2.3791900883900343,0.0
T005114,94.31666554592825,2.0,,25.627084082006093,0.0
T005115,125.79696088520495,2.0,10.0,6.638489687679708,0.0
T005116,120.63904634682493,2.0,0.0,3.86517413227488,0.0
T005117,133.31348360217615,2.0,9.0,29.65684867852501,0.0
T005118,111.45373441028512,2.0,1.0,41.06303769941904,0.0
T005119,108.37850529004952,1.0,1.0,16.67721313288322,0.0
T005120,112.86267105557508,3.0,0.0,33.0987722533893,0.0
T005121,53.004844944556766,,0.0,,0.0
T005122,100.51165305097936,2.0,6.0,46.56684664631594,1.0
T005123,77.40253140440612,3.0,9.0,33.10045682425246,0.0
T005124,87.6808298742726,2.0,2.0,12.46274551557967,0.0
T005125,182.17707545602644,3.0,3.0,29.184434821208797,0.0
T005126,109.05313713855412,2.0,1.0,5.786226177042192,0.0
T005127,158.97200603606436,,19.0,29.32875758480663,0.0
T005128,213.5346428902198,3.0,0.0,17.4378559096775,0.0
T005129,150.11180833514626,1.0,4.0,0.2660697322977643,0.0
T005130,135.15700986180246,3.0,2.0,15.852909997643138,0.0
T005131,38.34493474925724,2.0,,20.05705142374641,0.0
T005132,65.24253209615638,2.0,0.0,5.332322560768428,0.0
T005133,16.529735943931414,2.0,11.0,15.203726130153436,1.0
T005134,19.90170940514157,2.0,,19.421962455059557,1.0
T005135,169.7841905394978,2.0,,11.81669046668397,1.0
T005136,118.15578138722616,2.0,2.0,16.23836129006587,0.0
T005137,51.76472871246426,2.0,3.0,53.41045908918382,0.0
T005138,99.39555260769728,2.0,0.0,0.33709872785849,0.0
T005139,114.18755118307506,3.0,2.0,34.09441322155584,0.0
T005140,18.622878105841863,3.0,7.0,9.85199040203976,
T005141,104.26047248169505,1.0,1.0,11.071959692925246,0.0
T005142,127.21101761701736,3.0,4.0,21.259745106833307,0.0
T005143,118.98198241929828,3.0,6.0,0.4598760269381339,0.0
T005144,45.94683362000514,2.0,1.0,28.330924459059016,0.0
T005145,134.0871704407571,3.0,1.0,20.715173155419976,0.0
T005146,3.162364874876758,,1.0,8.214699642824835,0.0
T005147,,1.0,1.0,,0.0
T005148,68.72186492452353,2.0,9.0,11.38372024042235,0.0
T005149,103.57831186096962,3.0,4.0,2.696959697556903,0.0
T005150,137.56935616858945,1.0,0.0,13.270903676344838,0.0
T005151,208.2528033903301,2.0,3.0,29.46658298718636,0.0
T005152,103.65984955008472,3.0,0.0,9.813595304732416,0.0
T005153,159.84554743806763,3.0,7.0,55.86871947994684,0.0
T005154,181.233922923478,1.0,1.0,19.07383539899155,0.0
T005155,101.7013705536116,2.0,4.0,14.14140299554294,0.0
T005156,138.8468351465758,2.0,11.0,40.835590647253575,0.0
T005157,144.75191570380576,3.0,0.0,78.89572779951835,0.0
T005158,,2.0,1.0,,0.0
T005159,113.57894185976868,2.0,6.0,,0.0
T005160,51.08460250887511,2.0,11.0,13.34481964145126,0.0
T005161,66.46898954616776,1.0,5.0,28.558517594504767,0.0
T005162,51.4171632729357,3.0,1.0,9.313049303469231,0.0
T005163,195.57095435698616,,7.0,,0.0
T005164,116.80724815131144,2.0,0.0,28.280185082305508,0.0
T005165,1.0,2.0,2.0,85.54223039005828,1.0
T005166,,2.0,3.0,30.338328713359356,0.0
T005167,78.56727365417333,2.0,1.0,28.231411340013945,0.0
T005168,48.69595779021878,2.0,1.0,38.93835173949904,0.0
T005169,82.8560569221218,2.0,6.0,14.2015796994421,0.0
T005170,60.94218109344429,3.0,0.0,,0.0
T005171,66.31049471702619,3.0,1.0,12.876882474692255,0.0
T005172,87.86506260873591,2.0,3.0,148.62801746947136,0.0
T005173,88.9517913085168,2.0,2.0,22.18304962285579,1.0
T005174,108.08492633523764,3.0,0.0,47.75000063379513,0.0
T005175,71.9696181576345,3.0,7.0,5.282407322658161,0.0
T005176,28.888517524689632,3.0,3.0,42.64314568758826,0.0
T005177,1.0,2.0,,4.616233662540028,0.0
T005178,123.3975211065926,1.0,0.0,5.849292207261149,0.0
T005179,120.98049860120592,,6.0,32.23511922188258,0.0
T005180,18.436209226952727,2.0,15.0,12.271406367607293,0.0
T005181,,1.0,,5.914525482981985,0.0
T005182,121.2722432092086,2.0,8.0,1.0226551416106036,1.0
T005183,48.1004322505385,2.0,,59.260229058320014,0.0
T005184,145.81638373512408,2.0,6.0,64.87559652285006,0.0
T005185,92.6329886689247,3.0,4.0,14.895485754710991,0.0
T005186,110.83877818813146,3.0,17.0,69.21543967418758,0.0
T005187,129.1964092662982,2.0,0.0,10.219221680421484,0.0
T005188,41.797468379708725,2.0,0.0,6.628879605579686,0.0
T005189,40.47961321627549,3.0,0.0,15.457963040176075,0.0
T005190,137.7695612912878,2.0,0.0,78.77145870668478,0.0
T005191,24.673737098044228,2.0,0.0,9.997820306954566,0.0
T005192,130.98693923514344,3.0,15.0,15.853829533395489,0.0
T005193,230.0841557090197,3.0,0.0,20.684565475313125,0.0
T005194,225.5778275792212,3.0,10.0,5.015692466528384,1.0
T005195,79.23931160473643,3.0,1.0,14.512878654709096,0.0
T005196,92.11265083842574,2.0,0.0,48.902174804632814,0.0
T005197,247.45472126543623,1.0,13.0,,0.0
T005198,52.40407699888822,2.0,0.0,33.764052317260344,0.0
T005199,118.03239457178977,3.0,2.0,7.148212506924066,0.0
T005200,,3.0,4.0,34.59211386637384,0.0
T005201,32.00719295100404,3.0,15.0,45.22604652945436,0.0
T005202,69.96806550405975,2.0,3.0,4.538225965379858,0.0
T005203,72.60020906294311,2.0,0.0,58.63739344839163,0.0
T005204,162.23397903683934,2.0,1.0,3.290734371584953,0.0
T005205,156.21766799352514,2.0,3.0,1.0871113820485745,
T005206,59.35882048317176,3.0,3.0,31.782689318696285,0.0
T005207,228.0042269134397,3.0,5.0,47.580499872739054,0.0
T005208,108.92383319426948,3.0,1.0,6.4854023276545,0.0
T005209,4.296996470626638,,0.0,11.17395309563558,0.0
T005210,206.6516687328133,2.0,0.0,,0.0
T005211,87.98373009209325,2.0,0.0,10.251929118447473,1.0
T005212,39.61203037283239,2.0,2.0,4.329837976753281,0.0
T005213,31.70221443997329,2.0,1.0,5.433313226887996,0.0
T005214,147.62390784764028,3.0,5.0,9.297732562322224,0.0
T005215,122.32682534703558,3.0,7.0,3.982052839245632,0.0
T005216,88.71118497567322,2.0,0.0,32.66841609005692,0.0
T005217,,2.0,18.0,4.630063094826036,0.0
T005218,192.33536628680167,2.0,3.0,51.55717789934962,0.0
T005219,109.3304561578179,3.0,5.0,12.314796945301904,0.0
T005220,184.19638457289344,2.0,,14.765937914335492,0.0
T005221,,1.0,9.0,34.441728687827464,0.0
T005222,29.314275154750987,,6.0,,0.0
T005223,141.58083930902018,2.0,,9.279379193839112,0.0
T005224,103.72547969133863,2.0,11.0,111.64644318584962,0.0
T005225,,3.0,0.0,0.4955111253715785,0.0
T005226,147.8147501045673,1.0,0.0,4.006823874443923,0.0
T005227,72.47315752542082,2.0,15.0,23.080812306127164,0.0
T005228,38.802986661887175,2.0,2.0,23.76243904583578,0.0
T005229,117.18939407749428,2.0,,30.789185949777448,0.0
T005230,,3.0,,11.852949510050344,0.0
T005231,114.12899752441498,3.0,3.0,0.0677347939903222,0.0
T005232,183.45347629131652,3.0,,37.94689693761848,0.0
T005233,64.3207665046412,2.0,0.0,3.648678644710944,0.0
T005234,61.50133844706791,2.0,,15.660299723647094,0.0
T005235,,3.0,,,0.0
T005236,90.10311355076593,3.0,2.0,3.04707348707992,0.0
T005237,93.72728699985498,2.0,4.0,20.103908958122645,0.0
T005238,131.75859008409847,2.0,0.0,14.559657748293766,0.0
T005239,100.75914712702166,2.0,1.0,0.7401429917031809,
T005240,70.11661583725714,3.0,,31.1909297554454,0.0
T005241,154.49524795454153,2.0,2.0,6.1602946147639,
T005242,136.12234926104895,3.0,2.0,15.712771453335383,0.0
T005243,113.26811746998142,2.0,7.0,20.947330441345684,0.0
T005244,137.67097317512153,3.0,,18.90011680006444,0.0
T005245,129.33469007376374,2.0,10.0,35.99637706348349,0.0
T005246,147.7042551078314,1.0,0.0,4.380106930720624,0.0
T005247,125.65427100486464,3.0,6.0,11.45825546741635,0.0
T005248,117.85077429825236,3.0,8.0,1.6376110663448231,0.0
T005249,115.0895949909733,3.0,12.0,41.39103848029866,0.0
T005250,61.54288251063509,2.0,2.0,10.246960368607612,0.0
T005251,141.51679082721228,2.0,7.0,29.238464353142252,0.0
T005252,141.7375663162441,2.0,10.0,1.2646047432174112,0.0
T005253,86.41724448369733,1.0,7.0,,0.0
T005254,135.90928628539672,2.0,17.0,11.16956268335879,0.0
T005255,182.16890779022668,2.0,0.0,24.472444975249367,0.0
T005256,,3.0,4.0,1.0750709419603828,0.0
T005257,126.06399525069072,2.0,2.0,,0.0
T005258,125.01202347182848,2.0,0.0,51.19725025837331,0.0
T005259,106.17738479777913,3.0,4.0,9.053224615371992,0.0
T005260,153.7166502385122,2.0,3.0,48.33034752147547,0.0
T005261,213.79127138238184,2.0,6.0,26.08027142676204,0.0
T005262,87.05306017108047,2.0,16.0,94.0917685632262,0.0
T005263,103.22529864312858,2.0,,3.0054146480860178,0.0
T005264,75.61968879637533,2.0,3.0,14.44042837581286,0.0
T005265,36.79969160263181,3.0,4.0,11.18512038607226,1.0
T005266,89.53430902103192,2.0,3.0,36.22432502739799,0.0
T005267,81.47086187996086,1.0,7.0,10.67325799509486,0.0
T005268,77.11833753311925,1.0,4.0,0.7362830833387018,0.0
T005269,101.4715295838776,2.0,,5.620473187874123,0.0
T005270,116.59901652845072,2.0,3.0,,0.0
T005271,68.7827305143388,2.0,3.0,8.221054248770296,1.0
T005272,,2.0,4.0,16.5875753725626,0.0
T005273,,1.0,1.0,56.162413732988185,0.0
T005274,26.623736712378005,3.0,7.0,18.47010229070685,0.0
T005275,146.89577687553276,1.0,0.0,44.25924703600622,0.0
T005276,97.56738242147745,2.0,1.0,19.233137305837328,0.0
T005277,,3.0,3.0,8.693024396001125,0.0
T005278,33.4383523221111,3.0,,0.428436712089873,0.0
T005279,77.71748484850028,3.0,2.0,17.089665973082486,0.0
T005280,150.3303270516314,2.0,6.0,17.96452839845488,0.0
T005281,133.57655858645268,3.0,9.0,11.869972603791012,0.0
T005282,69.74218821970013,3.0,2.0,1.381561694281676,0.0
T005283,1.0,3.0,,6.3262755718426265,0.0
T005284,92.52721534175056,2.0,0.0,1.585779723466778,0.0
T005285,124.91108742483924,2.0,3.0,11.330683803921996,0.0
T005286,53.90700934373434,2.0,2.0,84.07907592304306,0.0
T005287,84.4866621703272,3.0,12.0,21.92275016307092,0.0
T005288,90.82359139214236,1.0,0.0,4.09349078993486,0.0
T005289,85.84305516281164,3.0,2.0,4.548858044395064,0.0
T005290,87.15274374391092,,1.0,69.07338948170417,
T005291,126.19802560383674,1.0,6.0,2.3913641197571898,0.0
T005292,69.63692929569578,1.0,0.0,2.8880115192143085,0.0
T005293,125.84732578741854,2.0,1.0,51.9489705508963,0.0
T005294,152.6576426666452,3.0,3.0,2.7251417355381142,0.0
T005295,160.01308748694146,3.0,1.0,44.21193271759892,0.0
T005296,93.98094180232007,2.0,,82.4727197758291,0.0
T005297,,3.0,3.0,19.867004736530557,0.0
T005298,110.44317975023776,2.0,4.0,27.9949495735701,0.0
T005299,88.44652612711599,3.0,7.0,63.09537041898049,0.0
T005300,178.8726639881737,2.0,4.0,14.660720147257251,0.0
T005301,,2.0,7.0,18.254714005912103,0.0
T005302,117.3780806901776,2.0,4.0,8.218386888946094,0.0
T005303,163.59462109693283,,1.0,21.450949277670123,0.0
T005304,77.69082833926102,3.0,,1.0090039600294278,0.0
T005305,,2.0,0.0,16.126635395372098,1.0
T005306,39.49195282929211,2.0,8.0,10.26058228010224,0.0
T005307,176.42342132062657,3.0,1.0,,0.0
T005308,98.9316352825782,3.0,4.0,19.860503152925062,0.0
T005309,,2.0,5.0,41.81603527591808,1.0
T005310,109.66897259620796,3.0,0.0,9.173321555399784,0.0
T005311,124.67801021671458,1.0,7.0,29.43611093249461,0.0
T005312,1.0,,5.0,,0.0
T005313,59.10540789307473,2.0,1.0,91.2252758435787,0.0
T005314,80.33088511276715,3.0,3.0,,0.0
T005315,143.86811452878356,2.0,1.0,20.484020936008346,0.0
T005316,83.52761068264543,2.0,3.0,12.471293945520507,0.0
T005317,98.89825679978648,2.0,,5.55466377883922,0.0
T005318,101.2109728336379,2.0,3.0,28.178469519174225,0.0
T005319,119.4289302265482,2.0,3.0,60.10167643363392,1.0
T005320,80.32350720151356,2.0,3.0,16.439900587736687,0.0
T005321,133.89629356696344,3.0,0.0,,0.0
T005322,94.70258228479322,3.0,0.0,78.41617998578094,
T005323,51.86744940405119,,4.0,,0.0
T005324,63.13100482510208,,1.0,42.20561584575226,0.0
T005325,69.67483058921302,3.0,8.0,51.97632041508311,0.0
T005326,140.35612983186553,3.0,10.0,12.783901184619776,0.0
T005327,153.3337344794577,1.0,11.0,94.42939131511108,0.0
T005328,32.99639644380325,2.0,4.0,2.9666724024455604,
T005329,152.6992885591438,2.0,2.0,20.79912335238288,0.0
T005330,151.77217082084724,3.0,0.0,75.2370275948542,0.0
T005331,132.38442690503462,2.0,3.0,11.743579064083118,
T005332,130.15937155411714,2.0,7.0,,0.0
T005333,73.45015224990911,3.0,3.0,44.68544090545068,0.0
T005334,117.11689172448106,3.0,0.0,11.356545795199956,0.0
T005335,61.83569479107092,,1.0,80.44741350929449,
T005336,9.947113292363056,3.0,3.0,50.1769415687773,0.0
T005337,130.95771305025988,2.0,10.0,87.55800998942655,0.0
T005338,125.04222374722283,2.0,3.0,12.729554605518976,0.0
T005339,67.04803625556775,2.0,0.0,33.96854313841572,0.0
T005340,171.55760588808704,2.0,6.0,32.44113756444187,0.0
T005341,83.2431109414274,3.0,11.0,112.10173603021909,0.0
T005342,100.92169665326966,2.0,2.0,15.763205337730492,0.0
T005343,130.5838144420434,3.0,5.0,10.722280378311131,0.0
T005344,84.04730321666909,3.0,3.0,33.40877077043588,0.0
T005345,141.41148450923114,3.0,4.0,8.16693316515298,0.0
T005346,119.4807088685452,2.0,7.0,18.755452011381827,0.0
T005347,109.1917258161252,,3.0,30.01325786337484,0.0
T005348,48.93835914346434,2.0,2.0,10.168282784725806,1.0
T005349,18.830873502937838,2.0,1.0,1.6483709207980497,1.0
T005350,77.7248739299614,2.0,1.0,12.63577154536693,0.0
T005351,94.63676170945293,2.0,9.0,21.087639063704465,0.0
T005352,128.48801785993234,3.0,0.0,33.77256793453494,0.0
T005353,62.329106482690825,3.0,7.0,51.017527027549015,0.0
T005354,147.9192909921021,2.0,4.0,11.71073088789301,0.0
T005355,134.09457448131556,2.0,0.0,6.9547611379907535,1.0
T005356,98.18346959788292,2.0,7.0,25.83265218708821,0.0
T005357,45.45167848924009,3.0,12.0,0.5284161616442875,0.0
T005358,77.68397423828276,2.0,4.0,9.192472004290757,0.0
T005359,76.82911535937689,2.0,20.0,13.06252156578702,0.0
T005360,92.64872882845752,3.0,0.0,2.611401160900723,0.0
T005361,57.47397728953499,2.0,2.0,44.09206654427209,0.0
T005362,,3.0,1.0,5.379866009695397,0.0
T005363,82.83970365784812,2.0,1.0,1.935534861554716,0.0
T005364,1.0,1.0,4.0,52.600866077474286,0.0
T005365,40.53837674614355,3.0,2.0,5.901191533766044,0.0
T005366,83.56907621255077,2.0,22.0,36.49327585276348,1.0
T005367,80.60175155462738,,11.0,,0.0
T005368,,1.0,3.0,4.661020465813535,0.0
T005369,,2.0,0.0,24.93494964394558,0.0
T005370,,2.0,2.0,73.29562284905612,0.0
T005371,142.83512401212778,2.0,,9.580375685539376,1.0
T005372,109.86461328156032,1.0,7.0,91.89125290073196,0.0
T005373,22.168541323804817,2.0,4.0,60.74409605950349,0.0
T005374,1.0,3.0,2.0,48.7116243640344,0.0
T005375,107.2918235107692,2.0,12.0,16.502067524548348,1.0
T005376,139.09114358886552,2.0,5.0,49.52867273352611,0.0
T005377,125.27350795833136,2.0,0.0,,0.0
T005378,110.4161254312796,2.0,1.0,4.109924465132324,0.0
T005379,221.98762031696364,2.0,1.0,34.05783969442088,0.0
T005380,159.03204562260723,3.0,0.0,23.133706672585426,0.0
T005381,141.25491323338173,2.0,2.0,9.77870332744426,0.0
T005382,116.10411553834928,2.0,11.0,44.34431096310215,0.0
T005383,120.48813979797488,3.0,3.0,47.40995881567702,0.0
T005384,98.30373870360457,2.0,2.0,,0.0
T005385,134.79319195468926,3.0,3.0,28.312215993196777,0.0
T005386,82.79680216478867,2.0,1.0,6.626887676816952,1.0
T005387,71.4842966106767,3.0,6.0,42.434867818140695,0.0
T005388,58.76938747826196,2.0,13.0,21.096081067284395,0.0
T005389,23.444624872213893,2.0,,45.48222564787899,0.0
T005390,126.93779962231848,2.0,5.0,37.406526909555375,0.0
T005391,184.75255202153767,1.0,,2.25760465637854,
T005392,56.16131093940776,1.0,0.0,2.268833574713621,0.0
T005393,28.20689244102803,3.0,0.0,14.234760528778136,0.0
T005394,94.26795822468036,2.0,0.0,14.218133478462915,1.0
T005395,97.07849405012558,2.0,2.0,5.106623131490111,0.0
T005396,39.98517964721119,2.0,11.0,147.79243394172832,1.0
T005397,,3.0,15.0,5.944803777004715,0.0
T005398,140.44596346963596,2.0,3.0,83.88051313227186,0.0
T005399,123.81788846781096,3.0,4.0,30.99342143529397,0.0
T005400,61.697739879980006,3.0,10.0,58.23059801608761,0.0
T005401,100.6521687188476,2.0,0.0,32.73230120426047,0.0
T005402,109.82773882557872,2.0,1.0,19.481546612818832,0.0
T005403,50.30686625825733,1.0,1.0,22.31580444238648,0.0
T005404,154.1572606330367,3.0,5.0,4.888096382856962,0.0
T005405,75.06830521057742,3.0,23.0,9.981328346613674,0.0
T005406,9.84301618720275,3.0,10.0,12.972698765554483,0.0
T005407,,3.0,3.0,13.26713676990493,0.0
T005408,97.6314648727782,2.0,5.0,12.85847530052957,0.0
T005409,137.1341209179861,1.0,15.0,,0.0
T005410,60.15523722647616,3.0,1.0,4.085661471532013,1.0
T005411,243.4201527833384,2.0,4.0,101.72279166732584,1.0
T005412,183.27372222312883,1.0,3.0,,0.0
T005413,89.11593983863898,3.0,7.0,7.359305036128655,0.0
T005414,1.0,1.0,3.0,16.871316986428912,0.0
T005415,121.09603771176424,2.0,12.0,,
T005416,150.54198675101568,2.0,10.0,3.844927269597754,0.0
T005417,61.13142575770467,3.0,8.0,55.68996949974759,0.0
T005418,90.17667082859516,3.0,6.0,,0.0
T005419,153.6815874929886,3.0,2.0,0.0990150835835633,0.0
T005420,54.09365082917126,3.0,4.0,46.42884909166142,1.0
T005421,109.32080848720231,2.0,13.0,59.88063911010487,0.0
T005422,33.59069755507848,2.0,1.0,41.4466467588086,0.0
T005423,133.10259173792366,2.0,7.0,5.034381681163826,1.0
T005424,96.59382874160237,2.0,19.0,,0.0
T005425,,2.0,7.0,5.4647496804510505,1.0
T005426,178.68671082775532,2.0,3.0,,0.0
T005427,66.41396053709613,1.0,2.0,27.722948475469558,0.0
T005428,74.64956703649722,2.0,1.0,26.24269938118545,0.0
T005429,38.373834261574544,2.0,0.0,7.392664136713408,0.0
T005430,134.76014500419996,3.0,8.0,42.07397246669424,0.0
T005431,,2.0,17.0,5.022880064855321,0.0
T005432,78.38524104463349,3.0,2.0,0.4532526380518567,0.0
T005433,222.28759898084127,2.0,2.0,17.18685886191842,0.0
T005434,120.45324691670284,1.0,2.0,17.729332049892786,0.0
T005435,183.4952252175703,3.0,11.0,23.26338436788512,0.0
T005436,,2.0,,4.875103536346712,0.0
T005437,,3.0,5.0,11.774074555509786,0.0
T005438,,3.0,40.0,,1.0
T005439,33.67639358444585,3.0,5.0,1.4004924957593712,0.0
T005440,216.2336652926409,2.0,17.0,44.997782436314544,0.0
T005441,8.074068836396464,2.0,,12.910215520054903,0.0
T005442,135.82946698798258,1.0,0.0,,1.0
T005443,57.71634477529435,2.0,1.0,41.12456982299214,0.0
T005444,178.97860728653563,3.0,3.0,,0.0
T005445,,3.0,11.0,19.532140103394426,0.0
T005446,143.45772962484483,3.0,9.0,13.521802595237013,0.0
T005447,69.45711800974671,2.0,0.0,91.46053795717032,1.0
T005448,102.78624561443472,3.0,3.0,37.62891057804072,0.0
T005449,10.942079276718331,3.0,,,0.0
T005450,44.642159159877416,3.0,3.0,0.2802122326426444,0.0
T005451,,3.0,0.0,86.09499784617871,0.0
T005452,101.36566899257193,3.0,3.0,6.409242973860095,0.0
T005453,199.60183179796545,1.0,0.0,63.0883829151372,0.0
T005454,15.54084810163691,1.0,3.0,8.606805404054795,0.0
T005455,20.278617060281647,3.0,5.0,45.47963199150365,0.0
T005456,63.04856709883836,3.0,10.0,23.832222344139588,0.0
T005457,102.51138495828404,1.0,2.0,7.807847848762008,0.0
T005458,91.19437830200688,2.0,0.0,4.637668804820715,0.0
T005459,51.01393876415966,2.0,4.0,1.2895027870714597,0.0
T005460,76.96806145201063,2.0,2.0,16.100156621699853,0.0
T005461,153.62708997863794,2.0,3.0,9.084726184195253,0.0
T005462,,3.0,1.0,,0.0
T005463,50.50211037239931,,3.0,14.752635426465451,0.0
T005464,124.84367952537986,3.0,8.0,6.177245522729129,0.0
T005465,81.716145873474,3.0,0.0,11.148542241136887,0.0
T005466,48.706594701526186,2.0,9.0,73.57584068576794,0.0
T005467,127.01439720178476,3.0,2.0,24.441574395168683,0.0
T005468,95.57278927084936,3.0,13.0,55.81418243961143,0.0
T005469,158.47949962138867,3.0,4.0,4.727216871805891,0.0
T005470,1.0,,1.0,0.584648421538275,0.0
T005471,183.36284208747668,3.0,7.0,19.767251174341443,0.0
T005472,46.02335739169805,1.0,7.0,53.14893135553632,0.0
T005473,52.4544635156384,3.0,4.0,42.755131617067526,0.0
T005474,120.6465727137812,3.0,0.0,60.42198658015253,0.0
T005475,,3.0,4.0,48.62896103718995,0.0
T005476,115.61891052332858,2.0,31.0,17.336085721039797,1.0
T005477,100.15230100767072,2.0,2.0,13.132082283349472,0.0
T005478,140.4632349120993,3.0,7.0,7.491080784141259,0.0
T005479,80.34736214692995,2.0,1.0,1.11026555942706,1.0
T005480,75.15339874410108,1.0,0.0,26.81508549468599,0.0
T005481,131.417275463214,2.0,0.0,9.746139340196434,0.0
T005482,126.66036589496562,2.0,1.0,24.098031187731976,0.0
T005483,127.8276562266879,3.0,7.0,11.382232077637171,0.0
T005484,72.51053201809833,2.0,2.0,75.17007305210564,0.0
T005485,112.5736804470256,3.0,1.0,4.484711500482355,0.0
T005486,206.7793365038683,2.0,2.0,6.133631908234563,0.0
T005487,122.8886433075943,2.0,2.0,0.9398956305313856,0.0
T005488,,2.0,1.0,3.946993680587606,0.0
T005489,98.20872106467684,2.0,3.0,13.562884101278655,0.0
T005490,164.48763770413728,1.0,0.0,11.538650134585865,1.0
T005491,59.20948575172809,,2.0,19.024436532393167,1.0
T005492,51.51281401826628,1.0,10.0,8.09869536564201,0.0
T005493,84.95098438033891,2.0,0.0,0.2237254422895063,0.0
T005494,145.2008777380657,3.0,2.0,,0.0
T005495,193.44089202719263,3.0,7.0,29.201358026847164,0.0
T005496,90.79270921583988,3.0,4.0,8.828512351053732,0.0
T005497,114.9398890160881,2.0,3.0,35.45484561156491,0.0
T005498,132.29452101379462,2.0,1.0,40.14513589931272,0.0
T005499,112.19003568855996,2.0,5.0,9.771904432273711,0.0
T005500,76.04128810773551,2.0,4.0,2.591063270979441,0.0
T005501,81.04361295062564,1.0,2.0,43.130207230735,0.0
T005502,123.97537740008045,2.0,1.0,37.4275612699914,0.0
T005503,69.09197756581864,2.0,24.0,11.386011426302142,0.0
T005504,220.6307710806458,3.0,0.0,18.162510450219045,0.0
T005505,81.38966119644735,2.0,1.0,,0.0
T005506,111.61268485805016,2.0,1.0,2.913729076228545,0.0
T005507,52.22297796997872,2.0,1.0,36.1336594599157,0.0
T005508,159.4298411543504,1.0,3.0,5.9067593727547365,0.0
T005509,192.77516573971317,1.0,1.0,18.861695476431457,0.0
T005510,103.77168194507964,2.0,1.0,57.68386072850053,0.0
T005511,53.83833769445479,2.0,1.0,,0.0
T005512,27.12242502675348,2.0,8.0,12.602267020293882,0.0
T005513,108.8075225943846,1.0,0.0,6.455494532156912,0.0
T005514,32.37456552796388,2.0,13.0,25.06275328017641,0.0
T005515,107.44384019588456,3.0,3.0,13.66449629848255,1.0
T005516,176.6183862339058,3.0,,16.451625304236497,0.0
T005517,93.45370974369368,,6.0,11.924308409152738,0.0
T005518,1.0,3.0,3.0,6.513050353281676,0.0
T005519,174.5363068424976,3.0,1.0,3.5755389924411,0.0
T005520,83.60967700617385,2.0,3.0,1.1581164095498326,0.0
T005521,160.8979576152779,2.0,0.0,43.70130153157438,0.0
T005522,123.66188122867725,2.0,0.0,0.4856198502466562,0.0
T005523,159.47352444623203,1.0,1.0,15.236895946463983,0.0
T005524,113.12806645009624,,1.0,19.47579205613677,0.0
T005525,70.00893030414693,1.0,3.0,9.882785714518846,0.0
T005526,162.1702898593581,2.0,12.0,15.319588930641986,0.0
T005527,126.09707828084488,3.0,2.0,2.621612109797309,0.0
T005528,115.3838326700557,2.0,26.0,33.603868325914696,0.0
T005529,131.7983875355869,2.0,5.0,2.3697062951083323,0.0
T005530,100.36813407117836,2.0,0.0,14.383917178175338,0.0
T005531,32.227624844385545,2.0,1.0,,0.0
T005532,,3.0,5.0,45.629678302397394,0.0
T005533,58.07071007763845,3.0,1.0,32.1071309165234,1.0
T005534,8.442756083082486,1.0,1.0,102.98243561181808,0.0
T005535,165.0870644699399,2.0,1.0,,0.0
T005536,109.3900169021261,3.0,11.0,3.6748615393638473,0.0
T005537,37.508983020531794,2.0,2.0,0.022766934841384,0.0
T005538,68.36224850574804,2.0,3.0,10.345788950043527,0.0
T005539,82.59213015913434,3.0,,1.542578939932547,1.0
T005540,2.5314122338788394,1.0,3.0,25.99784905446641,0.0
T005541,74.50966534045587,1.0,0.0,37.61044342016366,0.0
T005542,113.5028679195711,3.0,9.0,17.092881778940956,0.0
T005543,177.43196475120183,1.0,0.0,2.893322519896365,1.0
T005544,93.36831268087133,3.0,1.0,,0.0
T005545,176.050311357969,3.0,21.0,34.54314381950135,0.0
T005546,73.48711908137795,3.0,21.0,8.623246979776745,0.0
T005547,174.80221557445915,3.0,13.0,20.986730047131918,0.0
T005548,85.41206838707315,1.0,3.0,,0.0
T005549,104.22525728464312,2.0,3.0,27.992111940553244,0.0
T005550,51.66490546486701,2.0,7.0,,0.0
T005551,69.1174052282825,3.0,,71.60239816000326,0.0
T005552,,,8.0,49.8545367212763,0.0
T005553,162.7572894187452,2.0,1.0,9.662966529381563,0.0
T005554,,2.0,2.0,8.833204902651385,0.0
T005555,65.02523899161784,2.0,2.0,57.71377489014466,0.0
T005556,67.41624389217921,3.0,6.0,9.43075996456867,0.0
T005557,61.095260708364286,3.0,6.0,57.76052902523215,0.0
T005558,136.92332899977052,2.0,1.0,,0.0
T005559,181.836998091532,3.0,1.0,110.01382283526576,1.0
T005560,172.62337672353726,2.0,10.0,0.1312113499390241,1.0
T005561,86.86702398419162,2.0,1.0,4.619147333263076,0.0
T005562,204.47693608473867,2.0,4.0,3.435463821737667,
T005563,1.0,2.0,1.0,,0.0
T005564,86.16641141404273,3.0,0.0,37.586565164770505,0.0
T005565,81.63980328941258,1.0,1.0,10.84075872282745,0.0
T005566,144.51237504182544,3.0,13.0,18.94535567634691,0.0
T005567,148.92110560140176,2.0,0.0,4.874411568387394,0.0
T005568,130.78855748855707,2.0,2.0,24.600213886811478,1.0
T005569,98.36526259529536,2.0,18.0,3.1445180636747985,0.0
T005570,56.64348921445498,3.0,1.0,30.128723166231424,0.0
T005571,37.07475446623327,2.0,3.0,1.2179094041290968,0.0
T005572,149.60211747682615,3.0,1.0,45.7704868431014,0.0
T005573,123.32726557250636,2.0,2.0,29.060655895415348,0.0
T005574,126.82549217852018,2.0,2.0,60.16195662751551,0.0
T005575,1.0,2.0,4.0,10.966745587823093,0.0
T005576,44.840780938345326,2.0,0.0,11.71061886304913,0.0
T005577,75.40487762468975,3.0,7.0,47.17128364134283,0.0
T005578,157.30137875067075,2.0,,19.13807271728405,0.0
T005579,97.48976914791275,3.0,0.0,16.319328381023446,1.0
T005580,56.91484648718709,3.0,5.0,2.3713765745285538,0.0
T005581,40.16056767868442,2.0,1.0,61.231846298911485,0.0
T005582,128.5253604177258,3.0,0.0,52.1396314948396,
T005583,74.17851780562141,2.0,0.0,95.35685506749851,0.0
T005584,40.68317864450728,3.0,1.0,17.665742859197874,1.0
T005585,158.92563448992115,2.0,6.0,11.655081538143342,0.0
T005586,54.96896326760656,2.0,3.0,,0.0
T005587,86.82758919588754,2.0,4.0,19.416149372963883,0.0
T005588,59.78421201700039,2.0,8.0,13.512197231992992,0.0
T005589,27.819786891511757,2.0,33.0,4.74648217375428,0.0
T005590,115.5745429398895,1.0,8.0,11.699808952485318,1.0
T005591,178.07555983634262,2.0,3.0,,0.0
T005592,173.5792541284947,1.0,13.0,19.001496595262616,0.0
T005593,130.95164732942663,3.0,6.0,23.700425359218045,0.0
T005594,144.71163872504673,2.0,7.0,3.2754679883374878,0.0
T005595,78.81201589886484,2.0,1.0,26.08229056575046,1.0
T005596,,2.0,2.0,10.48044182830738,0.0
T005597,53.03792296589966,1.0,0.0,5.902413070934752,0.0
T005598,85.36572705123615,3.0,10.0,4.351401366804087,0.0
T005599,118.3682753408089,3.0,11.0,5.165105562081263,0.0
T005600,80.60621090687653,3.0,1.0,19.167812492376797,0.0
T005601,79.51567036852514,1.0,,29.6369782083162,0.0
T005602,142.62343217164752,3.0,23.0,40.83393944684025,0.0
T005603,30.227574762246405,3.0,2.0,4.3606822348307785,0.0
T005604,134.2645042355484,3.0,4.0,36.745542524946615,0.0
T005605,103.78474700025468,2.0,3.0,0.3063277171710921,1.0
T005606,162.96166198933994,2.0,6.0,58.337208163161705,0.0
T005607,1.035009481210608,3.0,16.0,4.8034351076059405,1.0
T005608,54.621816897920105,2.0,2.0,29.62787251791149,0.0
T005609,115.34905363431189,3.0,13.0,6.85968030317154,0.0
T005610,154.2947782915789,2.0,4.0,,0.0
T005611,95.2352233806524,3.0,3.0,14.462668408671716,0.0
T005612,93.61726592409047,2.0,0.0,45.40156245366298,0.0
T005613,84.24566344029456,3.0,4.0,0.2434342267830154,
T005614,70.50538411221962,3.0,6.0,11.228320293454,0.0
T005615,38.12866808887138,2.0,9.0,40.87563462217403,0.0
T005616,67.92565454778452,1.0,5.0,18.49431668598653,0.0
T005617,131.0904981108598,3.0,3.0,0.9915196911906324,1.0
T005618,43.36075243661275,2.0,2.0,17.4193925134349,0.0
T005619,95.04120681103086,2.0,5.0,71.31921820159786,0.0
T005620,214.9449061809625,2.0,3.0,,0.0
T005621,36.28839404616024,1.0,15.0,28.657754162600163,0.0
T005622,51.67060545073424,2.0,1.0,25.629220875695303,0.0
T005623,148.16880646221608,2.0,2.0,31.1022508175826,0.0
T005624,92.30473865126562,2.0,3.0,19.99833268482229,0.0
T005625,,3.0,13.0,87.17103307757613,0.0
T005626,43.8252983380201,3.0,18.0,22.15869242763636,0.0
T005627,37.71413117768078,3.0,9.0,1.8714538193445625,0.0
T005628,112.04383786002036,2.0,14.0,7.659974754598863,0.0
T005629,140.88831496001436,2.0,15.0,49.19823110857784,0.0
T005630,74.70169005060723,3.0,2.0,59.72288945981708,0.0
T005631,,2.0,1.0,40.44537507572189,0.0
T005632,184.2262417301726,2.0,1.0,12.808254399304388,0.0
T005633,109.21545320390516,3.0,,25.54628962349183,0.0
T005634,64.85442809802163,2.0,1.0,30.373503781972545,0.0
T005635,116.92764381429572,2.0,0.0,75.4828787772605,0.0
T005636,40.906293728959945,1.0,3.0,18.83968461127576,0.0
T005637,139.5831346981468,2.0,,19.904896620689176,0.0
T005638,99.30811269528812,2.0,12.0,0.9381468703548184,0.0
T005639,157.84168905184944,2.0,4.0,56.453868737532495,0.0
T005640,127.0454259280495,2.0,6.0,38.11777971466802,0.0
T005641,49.79296166239661,3.0,27.0,91.20528424034578,0.0
T005642,87.57356909627754,2.0,10.0,1.7075420433656865,0.0
T005643,107.83468641232623,3.0,7.0,3.742965805098279,0.0
T005644,137.94122080818047,,2.0,2.376434622427039,0.0
T005645,,2.0,2.0,3.464775891292827,0.0
T005646,151.54997612479755,2.0,8.0,24.865638697795564,0.0
T005647,50.41516682798448,2.0,0.0,13.068223866135398,0.0
T005648,37.243231401330256,3.0,0.0,8.387999661774847,0.0
T005649,83.3090255121995,2.0,2.0,19.0233133848418,0.0
T005650,81.35834239541165,2.0,7.0,13.511340599445788,0.0
T005651,111.64340437134491,2.0,3.0,19.85877334153765,0.0
T005652,99.50775956748085,3.0,6.0,5.136485519565649,0.0
T005653,,2.0,15.0,66.2503983071785,0.0
T005654,32.89361257574424,2.0,1.0,26.94033278104625,0.0
T005655,77.57285817360693,2.0,8.0,31.29595366621801,0.0
T005656,,3.0,3.0,7.898469768218817,1.0
T005657,,2.0,9.0,9.817385201903589,0.0
T005658,112.32523892160025,2.0,6.0,36.361624289106,1.0
T005659,45.156246030800695,2.0,5.0,34.74351470696425,0.0
T005660,46.537275312246,2.0,0.0,9.675278023413494,1.0
T005661,104.09944069123596,2.0,7.0,15.73616786681297,0.0
T005662,110.21945158014884,1.0,5.0,32.91612083062384,0.0
T005663,79.44875317484136,3.0,4.0,17.151110838761944,0.0
T005664,68.65164711061163,2.0,1.0,,0.0
T005665,76.51177678314316,2.0,1.0,10.714461103394184,0.0
T005666,196.75770200301145,2.0,8.0,13.93300661485402,
T005667,2.3956100238749087,1.0,3.0,,
T005668,228.0251479677842,1.0,2.0,53.21805287675704,0.0
T005669,159.00640868707637,3.0,3.0,53.718868190437405,0.0
T005670,168.50509268051854,1.0,0.0,39.34449277206004,0.0
T005671,24.106312665959532,3.0,1.0,27.687339647417694,1.0
T005672,144.26157414944956,2.0,2.0,11.451834684974624,0.0
T005673,77.49053675742942,3.0,6.0,56.55765837780229,0.0
T005674,106.95301993267088,2.0,1.0,2.432651735582034,0.0
T005675,32.590728894714346,3.0,1.0,15.799560063354567,0.0
T005676,117.60276982571484,2.0,,38.953009495652594,0.0
T005677,136.9118615408081,3.0,2.0,17.521305019639176,0.0
T005678,161.78910959110772,3.0,2.0,19.78916900350792,0.0
T005679,101.34429194972654,3.0,9.0,,1.0
T005680,183.3612055775569,3.0,4.0,34.515591835311795,
T005681,165.74572267920237,2.0,1.0,26.664379226829386,0.0
T005682,11.547484813030067,3.0,5.0,9.985192323772804,0.0
T005683,162.7701804729948,2.0,8.0,3.831849031917269,0.0
T005684,154.94916787209823,2.0,1.0,13.106858524436282,0.0
T005685,53.22806489777023,1.0,6.0,18.440850588483706,0.0
T005686,89.9680350587284,2.0,2.0,31.985055751448243,1.0
T005687,112.18436057459562,2.0,0.0,0.8363618154904143,0.0
T005688,172.630837274309,1.0,5.0,,0.0
T005689,134.93444067585216,1.0,0.0,35.44184105179921,0.0
T005690,135.54799841017456,1.0,2.0,3.407890507734633,0.0
T005691,126.11253180088892,3.0,6.0,16.77653964067526,0.0
T005692,138.53751048093935,3.0,10.0,,0.0
T005693,187.40685345604177,2.0,2.0,1.8421728847915235,0.0
T005694,66.18038489703652,3.0,10.0,8.950839302613495,0.0
T005695,145.631016127022,2.0,3.0,,0.0
T005696,77.75965809147549,2.0,6.0,52.26415193331288,0.0
T005697,35.33635210644181,3.0,1.0,8.910268060750907,0.0
T005698,30.034691259902928,2.0,4.0,18.425065213668734,0.0
T005699,164.04697883333637,2.0,1.0,15.240663877431212,0.0
T005700,61.65679809977238,2.0,3.0,14.3211515808056,0.0
T005701,104.6188395819962,,15.0,17.88728705705072,0.0
T005702,100.80623939502362,3.0,2.0,2.4366819018539445,0.0
T005703,67.94593667308223,3.0,0.0,10.252218282293525,0.0
T005704,,,0.0,48.27742251217922,0.0
T005705,20.205301571294328,1.0,0.0,,0.0
T005706,113.93999061927305,3.0,0.0,17.632984623927545,0.0
T005707,,2.0,3.0,9.57937388850506,0.0
T005708,69.61768273132637,3.0,6.0,26.47951006389973,0.0
T005709,136.09517427190707,2.0,1.0,2.715819330216628,0.0
T005710,68.59281304154109,2.0,19.0,85.07714616461757,0.0
T005711,134.81614310401616,2.0,8.0,11.07167746005286,0.0
T005712,152.04770868988948,2.0,0.0,28.10716810639863,1.0
T005713,95.94770176391282,3.0,0.0,27.40292041008024,0.0
T005714,118.67668417058844,1.0,1.0,66.4877578678692,0.0
T005715,135.78671205854204,3.0,5.0,3.649184265001325,0.0
T005716,58.80322565140002,1.0,5.0,8.09977663431241,1.0
T005717,74.2414550453991,2.0,5.0,30.94459326289204,0.0
T005718,71.07701355618343,,,7.842912192355532,0.0
T005719,131.32173362269722,3.0,11.0,20.975747331267897,0.0
T005720,107.51968932381038,1.0,7.0,26.425891762550123,0.0
T005721,111.53054243831072,3.0,6.0,2.7658133616077616,0.0
T005722,121.97263452289953,2.0,3.0,45.72563038030002,0.0
T005723,56.97933173580238,3.0,3.0,,0.0
T005724,140.35232083033435,2.0,0.0,33.28964006591515,0.0
T005725,136.55003133927408,1.0,5.0,,0.0
T005726,139.89218899478834,2.0,24.0,16.36828518650672,0.0
T005727,96.94980140723082,2.0,1.0,15.910841805022526,0.0
T005728,128.03922631841172,3.0,2.0,1.6418087165896729,0.0
T005729,89.3278564534896,3.0,2.0,49.8986021282963,0.0
T005730,,2.0,2.0,0.4856311447086054,0.0
T005731,82.42928821431337,3.0,8.0,4.15312043430258,0.0
T005732,162.71691803786698,2.0,,15.878139498112134,1.0
T005733,71.72118160630049,2.0,1.0,35.640410518571045,0.0
T005734,28.81586815580384,2.0,16.0,7.6917118489912495,0.0
T005735,150.02911590214893,2.0,4.0,13.817101409331409,0.0
T005736,71.51505185371343,3.0,7.0,50.761193378348935,0.0
T005737,1.0,2.0,8.0,69.20600776293375,0.0
T005738,1.0,2.0,3.0,54.59991892190137,0.0
T005739,102.02958456019412,2.0,4.0,1.892503735056784,0.0
T005740,121.41535486038242,2.0,3.0,38.42105943256551,0.0
T005741,110.39012536766568,3.0,1.0,44.0799737407167,
T005742,,,0.0,2.602572949093116,0.0
T005743,58.290757563368814,3.0,1.0,57.44420189364745,1.0
T005744,124.19383255940198,2.0,10.0,4.805236780154308,0.0
T005745,91.99336022166798,2.0,1.0,,1.0
T005746,155.9316167077106,3.0,6.0,,0.0
T005747,110.60466765370876,3.0,1.0,19.488834148281462,0.0
T005748,120.02406932531645,3.0,1.0,80.81633613819359,0.0
T005749,108.88750531340156,2.0,1.0,24.74608027668457,0.0
T005750,38.047364873667874,2.0,,49.20211285869469,1.0
T005751,101.74037702499162,,22.0,3.065091732211944,0.0
T005752,104.05412714504118,2.0,0.0,41.24553130496758,1.0
T005753,,3.0,6.0,3.7412152946108286,0.0
T005754,167.78189294024753,2.0,0.0,146.7359747489446,0.0
T005755,72.22266102565666,3.0,1.0,38.24407103848867,0.0
T005756,83.34811904731191,3.0,5.0,108.21972532875564,0.0
T005757,50.47318374346558,2.0,6.0,18.527775423032654,0.0
T005758,147.50079143348228,3.0,1.0,0.1253556998834148,1.0
T005759,173.63353378754908,1.0,7.0,12.988024846378444,0.0
T005760,72.94965671085504,3.0,8.0,68.06568202058375,1.0
T005761,,2.0,0.0,3.002841866499419,0.0
T005762,,3.0,8.0,,0.0
T005763,161.54372565773676,1.0,0.0,29.737783495169367,0.0
T005764,73.85699864233658,2.0,2.0,33.62650263226151,0.0
T005765,46.623354287286354,1.0,3.0,15.329634045841622,0.0
T005766,99.81987304547158,3.0,5.0,37.05632385980503,0.0
T005767,101.5015739582041,3.0,3.0,,0.0
T005768,190.30445589184808,3.0,6.0,13.585320440217078,0.0
T005769,78.53777898506691,2.0,,7.906352914596977,0.0
T005770,93.58682597580848,3.0,2.0,23.10031779970333,0.0
T005771,134.48539026225973,2.0,0.0,,1.0
T005772,94.56199257715711,2.0,0.0,3.2179912439012157,0.0
T005773,80.39936800404352,2.0,3.0,9.992553204526851,0.0
T005774,111.6024968678818,3.0,0.0,28.50823168280889,1.0
T005775,,2.0,2.0,0.9732666422038384,0.0
T005776,,3.0,0.0,52.91624828680506,0.0
T005777,,3.0,1.0,50.383993806926185,0.0
T005778,155.1608786026829,3.0,,16.35684157454883,0.0
T005779,,3.0,5.0,17.848402358824945,1.0
T005780,123.75838732476907,2.0,3.0,22.877257153227028,0.0
T005781,85.28787471817712,3.0,0.0,28.27256586342245,0.0
T005782,169.48820669731776,3.0,0.0,12.89102991027346,0.0
T005783,88.57000423299907,,,5.196721176443483,1.0
T005784,,2.0,2.0,11.188905462305346,0.0
T005785,36.16257120898453,2.0,4.0,65.66073324793715,0.0
T005786,101.05463739252936,1.0,18.0,7.434876062965653,1.0
T005787,49.5722657961896,,0.0,70.36323351200748,0.0
T005788,80.39459234339212,3.0,,125.88313797911736,0.0
T005789,125.99510697643764,2.0,0.0,18.72604721619368,0.0
T005790,105.17190646540531,2.0,1.0,1.1953389958040108,0.0
T005791,1.0,3.0,,0.3937470628092437,1.0
T005792,,3.0,0.0,23.12542247922221,1.0
T005793,55.06000948780813,2.0,2.0,18.80254636589272,0.0
T005794,28.458439918766416,2.0,8.0,16.028700980032824,0.0
T005795,138.96745019526662,2.0,4.0,22.32409353954185,0.0
T005796,88.91092981419322,3.0,,,0.0
T005797,111.02707135069336,1.0,5.0,29.24748210863432,0.0
T005798,106.46840033519092,3.0,0.0,35.371189415474035,0.0
T005799,63.45218621422634,3.0,12.0,6.718191322594068,0.0
T005800,16.875400598216288,3.0,0.0,20.9691665619068,0.0
T005801,90.21073645157094,3.0,0.0,2.936591293642984,0.0
T005802,172.0972502900945,2.0,14.0,,0.0
T005803,87.49767427005236,2.0,0.0,11.835736984300144,0.0
T005804,60.76190459361483,3.0,1.0,11.993090144843013,0.0
T005805,21.78791941444743,3.0,0.0,7.908067985535155,0.0
T005806,96.60643091502592,1.0,2.0,,0.0
T005807,125.03328606906048,3.0,4.0,97.81217736517536,0.0
T005808,87.93819710718351,1.0,6.0,2.0192716645169964,0.0
T005809,,,15.0,9.083021234370795,0.0
T005810,155.2762966478992,2.0,1.0,71.99614147532498,0.0
T005811,110.56418461397364,2.0,5.0,22.78499797284878,0.0
T005812,52.178181159099566,3.0,8.0,20.671116294418976,0.0
T005813,103.37592407050543,2.0,1.0,6.624040625606914,0.0
T005814,106.6484837073438,2.0,11.0,135.84398653802205,0.0
T005815,161.3834496236646,3.0,8.0,0.8618528716955769,0.0
T005816,115.5625077271768,2.0,4.0,18.185410361827717,0.0
T005817,237.9830019455539,3.0,2.0,43.7229325414561,0.0
T005818,85.94179787677214,3.0,5.0,37.60772788054945,0.0
T005819,12.63891665173722,3.0,9.0,5.13516764023365,0.0
T005820,101.0208583606459,2.0,,16.834578812067296,0.0
T005821,134.58092875606943,3.0,8.0,8.150762257664306,0.0
T005822,106.1148751516142,2.0,12.0,19.924008269719305,0.0
T005823,170.16849850625954,3.0,6.0,15.916155855540993,0.0
T005824,84.05768222526343,3.0,3.0,0.7238180946358171,0.0
T005825,65.97529761179761,3.0,6.0,1.6372336159953391,0.0
T005826,129.6778361140431,1.0,7.0,18.40751432707166,1.0
T005827,41.91080780438181,2.0,1.0,1.8972278318580809,0.0
T005828,74.11537135653927,3.0,4.0,28.02954853580627,0.0
T005829,183.0735082864009,3.0,1.0,11.051393820583089,0.0
T005830,113.23876554889898,3.0,7.0,6.48657966822174,0.0
T005831,153.13286453937633,3.0,13.0,13.591597763186403,0.0
T005832,55.90626743861411,1.0,0.0,5.552149869790818,0.0
T005833,1.0,2.0,2.0,11.587444142291368,0.0
T005834,192.3197960299624,3.0,5.0,16.86387659091769,0.0
T005835,186.7468287918404,,1.0,19.93227452790708,0.0
T005836,111.68929558953738,3.0,17.0,36.464893614576766,0.0
T005837,201.21548116434263,3.0,3.0,,0.0
T005838,124.99320618701856,2.0,2.0,27.879573780077543,0.0
T005839,87.64113087397016,3.0,,13.31884175544346,0.0
T005840,20.093782405812615,3.0,0.0,6.087161247922619,0.0
T005841,132.6153075805115,2.0,1.0,8.089414914350325,0.0
T005842,151.69405274621045,2.0,0.0,2.776399134085003,0.0
T005843,59.34928138699351,3.0,1.0,51.00171332983544,0.0
T005844,150.35666682365795,2.0,1.0,1.4151894965687866,0.0
T005845,,1.0,2.0,2.232586526418853,
T005846,69.52438989203584,1.0,1.0,0.0299910934515445,0.0
T005847,12.57340133809096,3.0,25.0,21.825280525256247,0.0
T005848,73.69825786662098,3.0,3.0,62.845791165621776,0.0
T005849,65.47294738418702,3.0,6.0,21.824617178338784,0.0
T005850,105.09281476309934,2.0,5.0,2.756660296582621,0.0
T005851,44.01650526869281,2.0,2.0,4.832545507427198,0.0
T005852,148.0152584043334,2.0,1.0,34.74180304320208,0.0
T005853,120.9852804178633,1.0,2.0,38.490241516848606,0.0
T005854,139.45283436877594,2.0,,24.421418883463726,0.0
T005855,85.04963247670662,2.0,3.0,12.549470989725805,0.0
T005856,85.62762402998223,3.0,8.0,2.4328109866997045,0.0
T005857,92.0847260995168,2.0,2.0,34.86757256868416,0.0
T005858,100.51763099216905,1.0,1.0,17.85213771996331,0.0
T005859,55.23228131704,3.0,13.0,12.001079067333032,0.0
T005860,31.034038599273643,2.0,7.0,14.694037551022554,0.0
T005861,73.76687964665985,3.0,1.0,23.9004411418328,0.0
T005862,83.6663376245478,,3.0,92.2042445496172,
T005863,12.2281051344645,2.0,8.0,11.411452606114093,0.0
T005864,87.05727998150842,3.0,0.0,34.41880525048578,0.0
T005865,59.85877780245789,3.0,0.0,32.24839243994646,
T005866,132.2297716207588,2.0,1.0,14.273678788533244,0.0
T005867,49.30520238537312,3.0,1.0,13.420740143643243,
T005868,101.60715734822804,2.0,,3.24448892062723,
T005869,153.57715761174427,3.0,0.0,17.007011068757595,0.0
T005870,79.37604940560317,2.0,5.0,7.973625146246041,0.0
T005871,174.8715841589813,3.0,4.0,10.687624133835268,0.0
T005872,61.63262185559753,2.0,0.0,1.0305819403179728,0.0
T005873,40.30374968004723,1.0,0.0,6.630761240826469,1.0
T005874,75.85862045965408,2.0,10.0,9.667393313838913,0.0
T005875,128.4136688576392,3.0,0.0,,0.0
T005876,56.35055165553237,2.0,0.0,21.16079022301881,0.0
T005877,87.00999296162438,2.0,2.0,16.561275578922302,0.0
T005878,,2.0,1.0,6.764553040613189,1.0
T005879,,3.0,7.0,,0.0
T005880,92.487850560087,,7.0,16.25044173355806,0.0
T005881,83.64913411951144,2.0,2.0,45.60806694444143,0.0
T005882,183.64341009492648,3.0,8.0,,0.0
T005883,156.7810073591472,3.0,2.0,74.50089589651343,0.0
T005884,117.57241037707914,3.0,,1.8180530797434176,1.0
T005885,78.51825107362457,2.0,6.0,136.6875611632762,0.0
T005886,33.17157498425401,2.0,11.0,50.41046782436373,0.0
T005887,82.0115677105457,,11.0,13.191713405331637,0.0
T005888,125.2135374019192,2.0,0.0,10.93009497920229,0.0
T005889,121.84690848731748,3.0,,49.35313679797426,0.0
T005890,104.84979824963592,1.0,1.0,,0.0
T005891,157.42228545983772,,0.0,18.45057938310399,1.0
T005892,1.0,3.0,4.0,4.788177946357569,0.0
T005893,116.50568952354718,2.0,12.0,114.24823941861362,0.0
T005894,142.54489810839863,3.0,16.0,21.6250007889601,0.0
T005895,87.64871496270017,2.0,1.0,52.93678535300074,0.0
T005896,53.87949077507487,2.0,6.0,,0.0
T005897,53.65347642109585,2.0,2.0,,0.0
T005898,87.92847176375034,1.0,1.0,7.73151277007605,0.0
T005899,11.546204755544082,3.0,1.0,4.97798892419469,0.0
T005900,84.71946929230984,2.0,4.0,9.151995920662866,0.0
T005901,80.33305938363196,2.0,1.0,45.29842551919421,0.0
T005902,50.24257590733103,2.0,15.0,2.6587000047223914,0.0
T005903,190.02555907554267,3.0,13.0,26.93700043947768,0.0
T005904,21.848284671437327,3.0,5.0,,0.0
T005905,68.9576200874442,3.0,2.0,46.13701542015463,0.0
T005906,95.0705933857869,2.0,2.0,26.998819542951928,0.0
T005907,32.170909768829745,2.0,0.0,9.934566605211185,0.0
T005908,130.4452678127316,2.0,3.0,24.56902966730147,0.0
T005909,,2.0,7.0,7.700209110391971,0.0
T005910,,2.0,23.0,64.48923850726932,0.0
T005911,135.17200665694472,3.0,0.0,,0.0
T005912,57.15740674361003,2.0,,5.551170399651152,0.0
T005913,63.351555043812056,2.0,10.0,17.82532075533515,0.0
T005914,76.40340671052833,3.0,0.0,39.087351086880986,1.0
T005915,137.16320470113575,3.0,8.0,9.84782198705322,0.0
T005916,95.40157668984769,1.0,6.0,29.715705940592745,0.0
T005917,168.78534066558095,2.0,2.0,42.95573681848094,0.0
T005918,94.49972506494744,1.0,9.0,63.406447030862,0.0
T005919,105.36039810200668,2.0,10.0,,0.0
T005920,96.82132304069393,2.0,16.0,,0.0
T005921,61.98181793919348,2.0,12.0,33.89130938131441,0.0
T005922,144.76777153812998,3.0,7.0,,0.0
T005923,114.45843219539093,1.0,3.0,,1.0
T005924,130.28031163156564,2.0,3.0,43.12575537832238,0.0
T005925,47.72352571629735,2.0,3.0,13.477109727708571,0.0
T005926,91.4807117305902,3.0,6.0,17.158641600561147,1.0
T005927,6.0037807430477415,3.0,15.0,11.62114086326094,0.0
T005928,39.25969320556784,2.0,0.0,11.3238417052666,0.0
T005929,178.90590287810923,2.0,4.0,28.12000946811927,0.0
T005930,41.5660981190234,2.0,0.0,9.739761043185352,0.0
T005931,86.36382151261648,,0.0,4.23169758563735,0.0
T005932,176.15149282040127,2.0,2.0,0.3562524084828303,1.0
T005933,22.859839087855025,2.0,2.0,61.32104268055835,0.0
T005934,76.48983306073444,2.0,33.0,31.96120099080009,0.0
T005935,137.87538550236525,3.0,1.0,2.706390426490673,0.0
T005936,88.29315215254097,3.0,8.0,,0.0
T005937,14.904888499083228,3.0,7.0,0.5236405063012897,0.0
T005938,109.7044996449154,,0.0,0.849604001814775,0.0
T005939,1.0,2.0,2.0,24.58638521399161,0.0
T005940,61.87403804267009,3.0,4.0,48.6107786750536,0.0
T005941,13.014311061095016,3.0,2.0,18.183108411062985,0.0
T005942,161.87190673420696,2.0,12.0,133.20333556554297,1.0
T005943,125.24936394902286,3.0,8.0,,0.0
T005944,84.48045043112172,2.0,,26.6238822894765,1.0
T005945,1.0,2.0,2.0,36.308547666870616,0.0
T005946,68.13461264856026,2.0,12.0,17.173130345687902,0.0
T005947,,3.0,,11.688300511105917,0.0
T005948,54.85955365186001,,23.0,31.53369516246425,
T005949,49.80213139592507,2.0,3.0,48.74034024445664,1.0
T005950,121.21969689305062,3.0,2.0,15.336833925728492,0.0
T005951,96.13894773884772,2.0,0.0,45.827658039984,0.0
T005952,112.76918778371584,2.0,7.0,24.474381322855237,0.0
T005953,53.00160854249668,,7.0,23.873219999215262,0.0
T005954,52.33356958706438,1.0,0.0,20.79711875478824,0.0
T005955,52.269094902497,2.0,9.0,17.51329179408601,0.0
T005956,99.72019905854768,2.0,,21.26307690491144,0.0
T005957,178.17066794160542,3.0,5.0,44.14679029801255,0.0
T005958,97.70355856299196,3.0,6.0,29.43772216368865,0.0
T005959,169.51037745086566,3.0,7.0,,0.0
T005960,80.61500417957194,2.0,4.0,35.59971636241524,0.0
T005961,57.17508812954005,2.0,10.0,19.36409622153708,0.0
T005962,121.92896454605028,2.0,5.0,6.491081628376086,0.0
T005963,23.88204068910544,1.0,8.0,6.2986982399129765,0.0
T005964,80.57407734555571,2.0,0.0,18.53265943640615,0.0
T005965,121.73850322784456,3.0,8.0,7.252362906311579,0.0
T005966,137.1063745535946,3.0,,62.39738418071886,0.0
T005967,80.13383737243191,3.0,4.0,62.32766532006083,0.0
T005968,142.6987988276112,3.0,9.0,45.47612668309527,0.0
T005969,49.604415228589694,3.0,3.0,26.405719735429837,0.0
T005970,144.11432462996078,2.0,2.0,17.125000474334698,0.0
T005971,60.70069836825088,2.0,0.0,22.34545408256448,0.0
T005972,68.50577238180948,2.0,0.0,22.93151728535932,0.0
T005973,136.14134474927562,2.0,6.0,36.429088978111295,0.0
T005974,109.22756515985184,,5.0,18.400905681737857,0.0
T005975,124.70319594877598,2.0,7.0,15.30329057350914,0.0
T005976,164.08218975018843,3.0,,19.015080689558992,0.0
T005977,142.67077793901538,2.0,2.0,7.809666002366527,0.0
T005978,155.06650824447752,1.0,1.0,3.814640289693268,0.0
T005979,102.2785919951907,2.0,2.0,17.79491522908669,0.0
T005980,96.3994939209833,2.0,2.0,9.836317484435796,0.0
T005981,,2.0,7.0,2.525254264429967,0.0
T005982,143.82278227514678,2.0,11.0,1.6254952394024174,0.0
T005983,51.33105809864827,3.0,2.0,52.3742741228576,0.0
T005984,119.31913269240304,3.0,,49.05562305191359,0.0
T005985,209.52278129049893,,3.0,4.971900456942765,0.0
T005986,130.68854278949544,3.0,9.0,,0.0
T005987,145.95382414938842,2.0,1.0,6.3972814079564175,0.0
T005988,156.20563599930068,1.0,5.0,84.05216922079526,1.0
T005989,135.81700402702052,1.0,5.0,65.13796542594032,0.0
T005990,148.43849478406767,2.0,2.0,32.07093779038833,0.0
T005991,84.19635719864752,2.0,3.0,4.102749887255123,0.0
T005992,110.47350418238862,2.0,2.0,112.68648748059532,0.0
T005993,,3.0,2.0,21.604474895531155,0.0
T005994,121.08584665015483,1.0,6.0,,0.0
T005995,97.1705755550052,1.0,0.0,164.3127461460138,1.0
T005996,58.21554974899819,2.0,2.0,6.540227705231221,0.0
T005997,181.42342773861608,3.0,,54.76010450398123,0.0
T005998,124.88941547088888,3.0,3.0,10.311814138656706,0.0
T005999,68.22294505922217,3.0,3.0,3.6170054279981647,1.0
T006000,,2.0,8.0,20.45872269175611,1.0
T006001,77.67831927247359,2.0,4.0,2.2603887182286253,0.0
T006002,90.64278674977255,1.0,3.0,71.36229082426814,1.0
T006003,87.1189757244503,,3.0,39.5878115019684,0.0
T006004,86.31353739166197,3.0,0.0,3.9446724947315097,0.0
T006005,119.4802262045994,2.0,13.0,71.45751366578168,0.0
T006006,69.13938766760192,3.0,7.0,0.8770230652562571,0.0
T006007,186.31132728178164,2.0,0.0,94.47006969466564,0.0
T006008,134.5071995855556,3.0,5.0,5.373090822852002,0.0
T006009,89.41665090344115,3.0,1.0,24.8069773549284,0.0
T006010,127.3559557587605,3.0,9.0,4.084017970795788,0.0
T006011,,2.0,2.0,42.7008004925911,0.0
T006012,100.70746324828792,3.0,4.0,12.393263525389573,0.0
T006013,9.75589496677405,2.0,6.0,15.589058051702905,0.0
T006014,90.80730534203953,2.0,1.0,1.089601270482084,0.0
T006015,,2.0,6.0,28.96358245983397,0.0
T006016,35.501955012947306,2.0,,9.486588647742156,0.0
T006017,137.3646802561631,3.0,1.0,26.81836108453602,0.0
T006018,,3.0,,54.18259572844926,0.0
T006019,172.09712009763004,2.0,8.0,21.72419911799257,0.0
T006020,215.9664769990847,2.0,,48.84939845798432,0.0
T006021,129.08908853141813,2.0,,107.88122832992045,0.0
T006022,150.35786002983346,2.0,2.0,16.49414234916605,0.0
T006023,59.03710701392511,3.0,1.0,0.7200450386034436,0.0
T006024,,2.0,1.0,11.419029383029802,0.0
T006025,106.17399045822972,1.0,1.0,6.33371556593535,1.0
T006026,111.33421242472986,2.0,7.0,19.8406460946894,0.0
T006027,,2.0,12.0,46.01696035358294,0.0
T006028,115.58264280023892,2.0,1.0,7.274289956824469,1.0
T006029,114.60963641631866,2.0,2.0,30.276878145933477,0.0
T006030,50.723019963953504,2.0,2.0,16.91971812382731,0.0
T006031,190.0715049633244,2.0,5.0,10.239418694978337,0.0
T006032,139.16952546412978,3.0,6.0,10.97490505432833,1.0
T006033,120.21473774808489,2.0,1.0,,0.0
T006034,94.9002641682034,3.0,3.0,3.792715842188143,0.0
T006035,120.9199110444342,2.0,12.0,50.720215676194016,0.0
T006036,105.14586952616186,2.0,9.0,58.53338593566264,1.0
T006037,8.468355157177157,3.0,1.0,50.121988334702536,0.0
T006038,83.15524366074307,2.0,3.0,30.804061944751425,0.0
T006039,90.25458598236597,1.0,19.0,16.154561231475878,1.0
T006040,122.63781760383472,2.0,5.0,17.314673492479656,0.0
T006041,62.210424992081855,2.0,0.0,6.077790610393304,0.0
T006042,,2.0,3.0,7.550943959745898,0.0
T006043,,2.0,3.0,40.54043901814952,0.0
T006044,57.182574085939805,3.0,3.0,22.198635799357337,0.0
T006045,72.19406266196097,2.0,5.0,6.547708320962872,0.0
T006046,184.61732862316023,3.0,1.0,7.802239596961318,0.0
T006047,,3.0,6.0,48.23798944799192,0.0
T006048,63.80176347661063,2.0,1.0,27.46508548564822,0.0
T006049,91.90225915293362,1.0,7.0,15.57730894281226,0.0
T006050,124.5603832705998,1.0,2.0,23.889533388819675,0.0
T006051,,3.0,0.0,3.422457709299464,0.0
T006052,156.68850484335323,2.0,1.0,36.85658521556003,1.0
T006053,1.0,2.0,,17.47118775813163,0.0
T006054,79.16873471922688,2.0,0.0,54.28661659482666,0.0
T006055,,3.0,5.0,9.809014306050562,
T006056,151.2816056936291,1.0,4.0,63.93951693228448,0.0
T006057,121.20305222320448,2.0,1.0,46.56235230243173,0.0
T006058,56.083846141013055,2.0,,20.91829177174619,1.0
T006059,105.6758672625624,2.0,0.0,5.30541198059083,0.0
T006060,78.22568147150784,2.0,3.0,33.331441637763994,0.0
T006061,1.0,2.0,2.0,23.91824128173788,0.0
T006062,114.43640015049182,2.0,3.0,8.084043820967542,0.0
T006063,59.1532164506382,2.0,4.0,18.09441920151581,0.0
T006064,78.75843262371808,2.0,0.0,3.953374202818743,0.0
T006065,160.09658347697717,3.0,1.0,70.74382995850983,0.0
T006066,,2.0,1.0,3.834429245162254,1.0
T006067,21.456192396575037,,8.0,,0.0
T006068,19.205660629476355,2.0,2.0,1.624413255851597,0.0
T006069,109.12505152996069,3.0,1.0,0.7596452609304293,0.0
T006070,144.56518434348777,2.0,8.0,12.333088456450334,0.0
T006071,80.11601531926979,3.0,5.0,5.588239255466255,0.0
T006072,,2.0,3.0,64.02515534783817,
T006073,50.08938707442974,1.0,18.0,4.500778555795657,0.0
T006074,102.90113674041976,2.0,1.0,23.41506027735424,0.0
T006075,78.36130582058057,3.0,8.0,32.05056593045087,0.0
T006076,67.08757938330758,3.0,5.0,23.60732402816597,0.0
T006077,100.03777537272978,1.0,9.0,11.745012762624471,0.0
T006078,46.68825340503875,2.0,2.0,110.08503462047572,0.0
T006079,178.14443842540987,2.0,6.0,34.33401747729704,0.0
T006080,29.65282997434153,3.0,0.0,43.36262331899297,0.0
T006081,102.61292452487416,3.0,11.0,10.594473154006328,0.0
T006082,83.89692418971622,,1.0,,0.0
T006083,71.52751127539447,3.0,8.0,8.33321810826913,0.0
T006084,90.49804824992528,2.0,6.0,24.10534402053564,0.0
T006085,135.76906577206222,3.0,12.0,124.41404304112204,0.0
T006086,74.92989265571816,2.0,2.0,44.34059414756111,0.0
T006087,159.07838582095732,3.0,0.0,26.67231868637997,0.0
T006088,38.98396550280121,2.0,0.0,23.88480087831291,0.0
T006089,125.9679372818944,3.0,0.0,27.18338092270281,0.0
T006090,42.83305044580696,3.0,2.0,12.91715331867112,0.0
T006091,85.66028821308653,1.0,9.0,10.663845353165604,0.0
T006092,67.30508058372118,3.0,7.0,,0.0
T006093,160.93809258486584,2.0,0.0,27.30251855416195,0.0
T006094,1.0,3.0,2.0,21.910490694359417,0.0
T006095,8.94569653527519,2.0,0.0,42.73406828728919,0.0
T006096,199.62576765840592,3.0,6.0,15.776512498298064,0.0
T006097,26.05442156129357,1.0,,13.15349928399957,0.0
T006098,129.99643649981022,2.0,3.0,,0.0
T006099,122.49136068632548,2.0,7.0,5.251522659416526,0.0
T006100,91.20727977839644,2.0,17.0,20.076738763252543,0.0
T006101,108.40076702662644,3.0,8.0,72.14584192831167,0.0
T006102,99.03698101328028,3.0,1.0,1.3964841583321104,0.0
T006103,47.24461622597753,2.0,10.0,28.090118943902176,0.0
T006104,182.0307281744144,2.0,13.0,6.945985271954712,0.0
T006105,1.0,3.0,10.0,,
T006106,,1.0,1.0,5.8369933180324125,0.0
T006107,,2.0,5.0,102.4865534178482,0.0
T006108,191.6278521739601,2.0,4.0,71.50722424548624,0.0
T006109,105.58995791016942,1.0,6.0,38.15478905066014,0.0
T006110,148.47286002633683,2.0,2.0,2.4658275255516378,0.0
T006111,,2.0,4.0,12.891773350684394,0.0
T006112,108.52318854982856,2.0,1.0,29.446027024784694,0.0
T006113,147.5211919093025,3.0,0.0,,0.0
T006114,131.69595111590056,3.0,6.0,19.153300653183187,0.0
T006115,78.59424195170438,3.0,17.0,1.7051913369703475,1.0
T006116,147.65625226880434,1.0,0.0,6.757400155587308,1.0
T006117,159.77403254127395,2.0,1.0,,1.0
T006118,102.46541657601114,3.0,0.0,4.1988035166131725,0.0
T006119,135.38759677277378,2.0,2.0,68.14257877685391,
T006120,49.24529040860656,3.0,1.0,19.829598136611644,0.0
T006121,56.076309932897,3.0,0.0,6.264569532749451,0.0
T006122,81.42795670021043,3.0,1.0,1.6876732696111532,0.0
T006123,,2.0,2.0,15.05388030825989,0.0
T006124,123.32149912167633,3.0,3.0,16.34493434847362,0.0
T006125,73.39157184364052,2.0,3.0,8.349690897443384,0.0
T006126,130.06033744645575,2.0,10.0,22.62522952723077,0.0
T006127,67.49987095882702,2.0,1.0,16.024973451086773,0.0
T006128,66.8281921390256,1.0,6.0,13.366347882868524,0.0
T006129,53.7303871178522,2.0,0.0,,0.0
T006130,118.51059449708706,3.0,0.0,47.55733763149823,1.0
T006131,134.50368381683063,3.0,20.0,,0.0
T006132,105.711382433102,3.0,5.0,21.950036209977387,0.0
T006133,68.42987222167208,2.0,0.0,7.916816051380494,0.0
T006134,83.03444064309204,2.0,4.0,8.484921670014238,0.0
T006135,83.6052641743541,2.0,8.0,14.496804797399951,0.0
T006136,39.129810325152405,2.0,5.0,43.08907431312376,0.0
T006137,159.55429273867384,3.0,3.0,31.562844795157574,0.0
T006138,190.67038492577117,2.0,,12.709067023893091,0.0
T006139,79.02826236707247,2.0,2.0,5.142199019361242,0.0
T006140,198.12935952653976,3.0,1.0,25.97593369627895,0.0
T006141,94.695468232929,1.0,11.0,24.84290459036164,0.0
T006142,93.07720080081133,2.0,4.0,3.0459381687428877,0.0
T006143,80.30066593784397,2.0,5.0,17.239562326636413,0.0
T006144,142.03100132522763,1.0,1.0,10.094752905291353,0.0
T006145,109.75124920140634,2.0,7.0,16.300712582788503,0.0
T006146,66.24108625128093,2.0,2.0,24.140050402356337,0.0
T006147,85.04091137862828,2.0,0.0,7.4248464692946685,0.0
T006148,,3.0,1.0,4.62989156033487,0.0
T006149,77.49672642603781,3.0,,,0.0
T006150,62.0433669223151,1.0,2.0,0.9985325030487466,0.0
T006151,102.83708416484096,2.0,,5.267935598822392,1.0
T006152,101.04432441479808,1.0,0.0,61.7305973990824,0.0
T006153,151.49804087905807,1.0,11.0,33.76304885738426,0.0
T006154,177.56226332138647,3.0,17.0,1.9132016201528528,0.0
T006155,195.01342121554825,2.0,3.0,33.04281686400496,0.0
T006156,237.76088718599507,2.0,3.0,20.87812965875292,0.0
T006157,83.18065272944318,2.0,0.0,22.401258990403687,1.0
T006158,74.3732944676725,1.0,0.0,1.693033072638648,0.0
T006159,67.50865572512818,3.0,13.0,66.26729677432989,0.0
T006160,80.7163684511076,2.0,1.0,7.314910219361067,0.0
T006161,101.87709207434108,2.0,10.0,19.04798290636401,0.0
T006162,9.647930253409186,2.0,0.0,8.876321614677869,0.0
T006163,19.36420644051742,3.0,0.0,5.082389872181439,0.0
T006164,31.841299770359484,2.0,4.0,51.98354642079672,0.0
T006165,147.57748852870213,2.0,1.0,52.11736617283067,0.0
T006166,119.3685740316495,2.0,,5.118536141144343,0.0
T006167,108.43273359833638,1.0,2.0,44.97462719885922,0.0
T006168,125.4844615612328,2.0,,23.023579803639524,0.0
T006169,134.4582228537168,3.0,5.0,91.07115888491506,0.0
T006170,49.57756337263252,3.0,1.0,5.806110286322085,1.0
T006171,134.07503486863123,2.0,5.0,54.4996099906354,0.0
T006172,122.9193351775742,2.0,0.0,,0.0
T006173,127.12800217929824,3.0,1.0,30.961912046554108,0.0
T006174,,3.0,14.0,31.98521245362136,0.0
T006175,98.33850046777695,3.0,4.0,71.21125248047875,0.0
T006176,,2.0,8.0,4.63690688287598,0.0
T006177,75.78829635668743,2.0,4.0,67.834768355671,0.0
T006178,119.90241082546312,2.0,,38.83913530587071,0.0
T006179,20.262202091833387,3.0,4.0,15.01360399956321,0.0
T006180,27.95091827375407,2.0,0.0,4.194280240235159,0.0
T006181,157.43186747143577,2.0,4.0,52.33058580675076,0.0
T006182,146.60957821301923,2.0,9.0,10.872439193240652,0.0
T006183,159.75233144624212,2.0,0.0,,0.0
T006184,147.87685816398837,1.0,0.0,8.993508290695033,1.0
T006185,32.44628168959893,3.0,7.0,18.387090551974243,0.0
T006186,193.4301609581501,,,3.674940038377165,0.0
T006187,213.8543249026652,3.0,1.0,,0.0
T006188,111.16404566276852,2.0,6.0,,1.0
T006189,210.1006962329808,3.0,0.0,14.63928909064347,0.0
T006190,123.57711902091027,1.0,0.0,47.701675460537,0.0
T006191,104.64896232647048,2.0,3.0,32.98966071555827,1.0
T006192,97.20397757388936,2.0,0.0,34.896152545904535,0.0
T006193,67.21561402692782,2.0,6.0,6.99121249178081,0.0
T006194,123.9720759043032,,0.0,,0.0
T006195,71.15540652384256,2.0,2.0,0.9516073523831544,0.0
T006196,85.16962704651009,2.0,3.0,10.776505653194166,0.0
T006197,47.99006445222634,1.0,11.0,43.08750027328473,0.0
T006198,98.78007163819215,3.0,2.0,4.217330732553648,0.0
T006199,112.47088438425207,3.0,,7.891516599892073,0.0
T006200,100.77895237907336,1.0,10.0,19.57401494684436,1.0
T006201,99.28648235253056,,7.0,10.484818693997516,0.0
T006202,105.37221871704465,2.0,3.0,1.9740700658560268,0.0
T006203,175.1996494291344,1.0,27.0,1.3447141720915452,0.0
T006204,127.58703999554602,3.0,7.0,,0.0
T006205,,2.0,3.0,11.834529409450155,0.0
T006206,32.94676433492157,2.0,3.0,9.279607255137943,0.0
T006207,53.77670059352228,2.0,0.0,8.53319131696393,0.0
T006208,47.89777938784485,2.0,2.0,16.56407274693659,0.0
T006209,137.95775801513236,3.0,2.0,12.536591124705904,0.0
T006210,142.19197548208686,2.0,0.0,25.723418596396552,0.0
T006211,86.2474151424178,2.0,5.0,13.538146682246822,0.0
T006212,,1.0,4.0,10.01824113160466,0.0
T006213,145.68858106927928,3.0,0.0,,0.0
T006214,118.50305576344778,3.0,0.0,3.5465583672703707,0.0
T006215,32.643685523515174,2.0,1.0,0.3132753600779414,0.0
T006216,,2.0,3.0,16.599608629937126,0.0
T006217,45.90428156434335,2.0,0.0,6.40792234626903,0.0
T006218,113.62106983268048,3.0,11.0,7.359978427950437,0.0
T006219,,2.0,2.0,,0.0
T006220,86.0094828811497,3.0,,,0.0
T006221,183.6286193418852,3.0,4.0,49.85271508467533,0.0
T006222,154.14999692584342,2.0,1.0,21.612163309594727,0.0
T006223,185.60201420089464,1.0,1.0,81.74502873641372,0.0
T006224,104.1493709406255,2.0,1.0,33.58008068454246,0.0
T006225,101.45952519677836,1.0,2.0,,0.0
T006226,116.54401161072286,2.0,17.0,28.367169068624715,0.0
T006227,94.69029549801236,,4.0,7.946287099647642,1.0
T006228,1.0,3.0,4.0,1.4724032911476712,0.0
T006229,154.3190355602919,2.0,4.0,16.93782018695858,1.0
T006230,50.76726075763688,1.0,2.0,12.728227949295976,0.0
T006231,21.925338877907024,,2.0,6.023494329111918,0.0
T006232,,3.0,,33.20809842908072,0.0
T006233,124.57528236233918,3.0,1.0,45.524911021077806,0.0
T006234,33.206879791569335,3.0,0.0,27.022336751217484,0.0
T006235,74.08736805693988,3.0,3.0,21.7866469055715,0.0
T006236,40.318158412176,3.0,0.0,15.298739022969258,0.0
T006237,1.0,1.0,0.0,39.79850867885899,0.0
T006238,34.75915547835254,1.0,7.0,16.337503755827186,1.0
T006239,182.13364766279815,2.0,0.0,57.82894684684455,0.0
T006240,123.67962153175908,1.0,5.0,0.7522396822448623,0.0
T006241,,1.0,1.0,4.597937387685879,0.0
T006242,100.7254499631327,1.0,,46.6636372416277,0.0
T006243,178.27620146171702,3.0,4.0,41.998837831353136,0.0
T006244,81.85807197801705,2.0,10.0,29.809612577415667,0.0
T006245,136.72383725006088,2.0,,3.358251511548881,0.0
T006246,11.578031721857414,3.0,1.0,37.68906720417164,0.0
T006247,85.25251608539861,2.0,1.0,12.322325602282344,0.0
T006248,67.46787154390864,2.0,3.0,14.500031502990987,0.0
T006249,110.16179772930155,2.0,0.0,118.205320110883,0.0
T006250,98.673937037547,3.0,6.0,7.993606591274283,0.0
T006251,110.1164398211401,3.0,8.0,3.816388602636446,0.0
T006252,152.8028404533026,2.0,4.0,3.7133140858783618,1.0
T006253,137.10476860046535,2.0,0.0,7.566335259330412,0.0
T006254,169.10794955187637,2.0,,1.733959556664889,0.0
T006255,,3.0,9.0,34.317445110979335,0.0
T006256,60.35635838688279,3.0,3.0,90.2142215543168,0.0
T006257,134.8987015065049,3.0,3.0,73.95408451377719,0.0
T006258,54.475664823423934,2.0,1.0,,0.0
T006259,101.97235241203695,2.0,,32.30201665647803,0.0
T006260,45.07953910187237,2.0,9.0,133.02776151042644,0.0
T006261,123.96804767147113,3.0,6.0,22.624819110179573,0.0
T006262,56.586951920083386,2.0,1.0,12.747399444312183,1.0
T006263,43.93781299528041,2.0,2.0,,0.0
T006264,51.7167598238396,1.0,8.0,13.359954011337926,0.0
T006265,94.45937198604562,2.0,4.0,46.03938851888358,0.0
T006266,202.4906047892963,3.0,7.0,5.9579298190097445,0.0
T006267,87.09957319011954,2.0,0.0,2.295447413669073,0.0
T006268,119.95680571760354,2.0,7.0,11.736647767572109,0.0
T006269,217.45378933503787,2.0,6.0,,0.0
T006270,76.49789261202493,2.0,1.0,,0.0
T006271,84.36657771338213,1.0,10.0,29.102943790716058,0.0
T006272,96.79059114457512,2.0,4.0,11.31070608071816,0.0
T006273,75.84694741582803,1.0,8.0,40.15926013789167,0.0
T006274,176.50975994316758,2.0,7.0,16.25770065892904,0.0
T006275,1.0,,0.0,58.32678848699137,0.0
T006276,170.5466189873135,2.0,0.0,37.94005479130149,1.0
T006277,150.4908544671317,3.0,0.0,70.78458823769306,0.0
T006278,103.223720740506,,0.0,13.097872791077622,0.0
T006279,124.73528268875162,2.0,3.0,12.721997314357685,0.0
T006280,113.52284128899194,2.0,0.0,2.1990393536706825,0.0
T006281,120.18650451683048,,,7.993223155550116,1.0
T006282,30.860013451783203,3.0,0.0,35.77411684743858,0.0
T006283,53.70550480544251,1.0,2.0,83.49135710956355,0.0
T006284,169.62326500321643,2.0,1.0,12.301828795935831,0.0
T006285,101.60020745328832,3.0,1.0,3.493001397235276,1.0
T006286,1.0,2.0,5.0,36.03706604017808,0.0
T006287,94.68314987343425,2.0,0.0,112.36428207888687,0.0
T006288,88.47996428971163,2.0,10.0,2.940085415106352,0.0
T006289,183.49613907023195,2.0,2.0,23.042056188824965,0.0
T006290,150.37219865975993,2.0,9.0,105.33043942072652,
T006291,80.92552925879536,1.0,1.0,,0.0
T006292,98.6242547474682,3.0,3.0,4.393397894061566,0.0
T006293,,1.0,7.0,7.673754017404385,0.0
T006294,84.89772502550679,2.0,,19.292512049246568,0.0
T006295,89.38955150494242,2.0,2.0,2.920730033618452,0.0
T006296,131.88029061156044,1.0,4.0,8.665324477054595,0.0
T006297,33.298725254089774,2.0,4.0,40.0275888171504,0.0
T006298,134.87934851695996,1.0,7.0,59.35977421471782,0.0
T006299,54.08939167451042,3.0,6.0,6.799803211446823,1.0
T006300,183.0629607273935,2.0,3.0,0.7909890392962632,
T006301,53.103721173180055,2.0,1.0,26.07093272532877,0.0
T006302,155.1938671658129,,5.0,1.4900271687093676,0.0
T006303,102.74670554999244,2.0,4.0,,0.0
T006304,172.18823020366295,2.0,17.0,,1.0
T006305,1.0,2.0,2.0,2.2121635296869204,0.0
T006306,134.06811632876526,2.0,1.0,13.144863500613775,0.0
T006307,120.4126377857236,2.0,4.0,21.56890233891374,0.0
T006308,129.40383375839158,3.0,4.0,0.2061139919240141,0.0
T006309,65.59248274111381,3.0,5.0,16.545752735080043,0.0
T006310,151.8590702824525,2.0,4.0,25.352644659303003,0.0
T006311,39.648917607139225,,0.0,13.916453080243404,0.0
T006312,136.62460513899012,3.0,1.0,39.55905655994938,1.0
T006313,,2.0,1.0,8.48542840114246,0.0
T006314,1.0,3.0,4.0,6.096128330417847,0.0
T006315,81.24018098380316,1.0,8.0,,0.0
T006316,157.43828501860517,3.0,,20.768959528481147,1.0
T006317,63.291310061075215,1.0,1.0,0.1143590872123296,0.0
T006318,128.195456002618,1.0,7.0,19.319301732616857,0.0
T006319,168.52680719983567,2.0,10.0,14.788797426987882,0.0
T006320,83.04388603649807,2.0,17.0,20.21287202392591,0.0
T006321,159.30727370211494,1.0,15.0,21.003385371652637,1.0
T006322,,3.0,3.0,65.84991145808907,1.0
T006323,52.12155224923941,2.0,0.0,0.9607590385013792,1.0
T006324,142.3385387608247,3.0,0.0,22.309872717134844,0.0
T006325,40.10167853913692,2.0,13.0,4.435449103046024,0.0
T006326,109.2316929266152,3.0,0.0,12.28365482608864,0.0
T006327,143.94819865353256,2.0,1.0,36.4677818233196,
T006328,68.08586367357529,3.0,0.0,3.6958897811435354,0.0
T006329,63.01144180135164,1.0,5.0,26.79072766980699,0.0
T006330,39.83995723054278,2.0,32.0,18.97771805228614,0.0
T006331,107.51508807309388,2.0,5.0,12.4552595436684,0.0
T006332,50.6410236424408,3.0,4.0,23.56934823381532,1.0
T006333,83.43458084083386,3.0,6.0,14.782177900819915,0.0
T006334,115.37017848598444,,2.0,29.96316000335777,0.0
T006335,91.96844402372528,2.0,0.0,62.33731765478368,0.0
T006336,76.54121739476476,2.0,1.0,13.427714210447784,0.0
T006337,102.15204354251938,2.0,5.0,79.51142635741107,0.0
T006338,,2.0,7.0,46.25379129145578,0.0
T006339,114.86136107925432,2.0,11.0,18.89705643776798,0.0
T006340,70.53338842863191,2.0,1.0,,0.0
T006341,92.0735213486515,,3.0,20.472291152348788,0.0
T006342,155.94472989653346,2.0,0.0,29.28736696355579,0.0
T006343,41.48596468016126,3.0,18.0,1.5005629367917632,0.0
T006344,74.49918005726265,2.0,9.0,40.853065917490206,0.0
T006345,179.10583756517838,1.0,3.0,1.308538411511717,0.0
T006346,209.2048366690228,3.0,0.0,16.17477703724151,1.0
T006347,,1.0,2.0,,0.0
T006348,6.327934802269169,2.0,2.0,27.497912947056165,0.0
T006349,,2.0,7.0,41.731354446643,0.0
T006350,134.2753869395102,1.0,11.0,,0.0
T006351,45.414956193034286,1.0,0.0,17.983665718035468,0.0
T006352,138.02530597920713,3.0,9.0,,0.0
T006353,51.2316986360875,2.0,2.0,,0.0
T006354,107.27605988841204,,12.0,0.9372648459531294,0.0
T006355,124.68274238215754,2.0,3.0,,0.0
T006356,153.5182580114965,1.0,0.0,78.82528158005064,0.0
T006357,9.812475795375192,2.0,,1.062115784998242,0.0
T006358,112.197659895425,2.0,6.0,5.617714684103256,0.0
T006359,116.79840867202884,1.0,0.0,32.978101987800365,1.0
T006360,22.23131330793788,3.0,3.0,41.17905932338461,
T006361,37.28552884153753,2.0,1.0,33.59169138414587,0.0
T006362,84.71904444658435,2.0,2.0,29.406128967511897,0.0
T006363,131.93651110145925,1.0,2.0,,0.0
T006364,61.50019669012713,2.0,0.0,,0.0
T006365,,3.0,,5.345613491766463,0.0
T006366,71.48243167931597,1.0,,52.495396773447446,0.0
T006367,45.742473672110094,2.0,1.0,44.4778718740225,0.0
T006368,121.74705191839492,2.0,3.0,8.562272294197896,0.0
T006369,33.16372805620347,2.0,0.0,11.60182319260055,0.0
T006370,61.10916562045624,3.0,6.0,3.7469085506326607,0.0
T006371,145.7695137780081,1.0,2.0,4.092072698055964,0.0
T006372,133.94656450296392,3.0,1.0,2.589948763166807,0.0
T006373,73.01201598453193,,2.0,36.90241068170376,1.0
T006374,23.294291463218883,2.0,2.0,14.761333678722169,0.0
T006375,64.6187052588987,2.0,13.0,18.884250897956687,0.0
T006376,,3.0,2.0,6.038141320006928,0.0
T006377,,2.0,3.0,14.722586610664342,0.0
T006378,172.66922385588504,3.0,,4.151337805230985,0.0
T006379,81.09960504908915,2.0,4.0,11.158347067194107,0.0
T006380,117.78344742816148,2.0,,34.9166198537508,0.0
T006381,105.46973973024464,2.0,3.0,19.67128807523356,0.0
T006382,90.38195176094388,2.0,2.0,10.197965544328506,0.0
T006383,105.78373171464294,2.0,10.0,32.05450462830046,0.0
T006384,134.63613775584298,2.0,0.0,12.830447890763272,0.0
T006385,154.00240328573244,3.0,1.0,,0.0
T006386,142.65826532065958,2.0,2.0,7.62364486170535,0.0
T006387,117.97378987735628,3.0,7.0,39.35231227709735,0.0
T006388,1.0,3.0,8.0,5.817113698172113,0.0
T006389,59.87849800675816,3.0,2.0,6.793012946972935,0.0
T006390,27.807259193322903,3.0,0.0,5.555561884175179,0.0
T006391,152.682089830392,2.0,8.0,5.69527820651233,0.0
T006392,,2.0,,1.620246094436596,0.0
T006393,,2.0,3.0,4.36520856237364,1.0
T006394,190.35983218189423,2.0,19.0,11.962230369189188,0.0
T006395,,3.0,1.0,,0.0
T006396,167.82916929139913,1.0,1.0,67.94690845907326,
T006397,74.85126147243284,3.0,4.0,24.974554236530867,1.0
T006398,107.85639594954704,3.0,5.0,16.73265822177502,0.0
T006399,35.265926213954714,2.0,3.0,47.78705496282847,0.0
T006400,,2.0,4.0,11.611542913074445,1.0
T006401,168.16882567691698,2.0,9.0,,0.0
T006402,47.21802551007018,3.0,5.0,19.85790634345905,0.0
T006403,24.373551735056225,2.0,1.0,11.525286608531497,0.0
T006404,,2.0,6.0,17.302693075202274,0.0
T006405,90.84247644733526,3.0,10.0,23.838716448502343,0.0
T006406,,3.0,12.0,6.132358534965167,0.0
T006407,117.08301159763133,1.0,1.0,12.478808658723104,
T006408,56.8253197517533,2.0,,8.296010443221991,0.0
T006409,21.87270715567287,3.0,24.0,,0.0
T006410,96.89044915003446,2.0,4.0,5.904981325230866,0.0
T006411,,2.0,3.0,,0.0
T006412,134.6608800829352,1.0,5.0,0.9856395889195368,0.0
T006413,110.05798279364195,3.0,0.0,5.074558730552988,1.0
T006414,72.22614404198727,3.0,2.0,1.2945466968479071,0.0
T006415,,,0.0,10.140047165091946,1.0
T006416,156.38431472582144,3.0,5.0,42.51426959336808,0.0
T006417,132.43549437948212,1.0,3.0,8.672944756546705,0.0
T006418,127.28933567661778,2.0,11.0,,0.0
T006419,59.29946653542221,3.0,2.0,36.96870206925361,0.0
T006420,59.12959327928301,2.0,0.0,12.31179363406937,0.0
T006421,92.64713092489306,3.0,2.0,3.2815342451143503,0.0
T006422,92.04773947999745,2.0,16.0,36.67007982444097,0.0
T006423,160.94853948968316,1.0,10.0,10.429743941628407,0.0
T006424,1.0,3.0,,16.87474021580965,0.0
T006425,31.656065079228952,2.0,0.0,,0.0
T006426,,1.0,0.0,9.361595119950206,0.0
T006427,124.1033363667693,3.0,3.0,2.408312596759623,0.0
T006428,57.68216725045632,3.0,10.0,,0.0
T006429,4.016342190117186,3.0,1.0,9.862971075652723,0.0
T006430,142.90070976510728,2.0,2.0,21.29486845451652,0.0
T006431,114.90792329952627,2.0,0.0,,1.0
T006432,8.515909239595857,1.0,2.0,15.199521559444046,0.0
T006433,119.03890356825258,3.0,0.0,46.42209930910279,0.0
T006434,,3.0,4.0,104.41247247589703,0.0
T006435,148.26987422955852,,18.0,23.58086687180141,0.0
T006436,157.48360094393735,2.0,13.0,0.127901672368398,0.0
T006437,62.46351964972006,1.0,7.0,33.411544805117124,0.0
T006438,89.73579902518743,1.0,5.0,7.519171016792357,0.0
T006439,79.81757683790016,1.0,10.0,18.64744594370554,0.0
T006440,30.363226391650173,2.0,0.0,10.380054311544049,0.0
T006441,134.64593115158056,2.0,14.0,10.372555154880814,0.0
T006442,159.62537562389875,3.0,2.0,6.680791201930942,0.0
T006443,44.68532437941829,3.0,7.0,6.63051862697281,1.0
T006444,110.51515201109976,2.0,7.0,9.314515273977582,0.0
T006445,60.641296500650185,2.0,2.0,2.3496196067979587,0.0
T006446,,3.0,5.0,20.03107917339256,0.0
T006447,86.43425109658513,2.0,5.0,1.7332716527662373,0.0
T006448,80.67291920511201,2.0,3.0,26.421320204752806,0.0
T006449,102.54438509280092,3.0,9.0,47.41519919720169,0.0
T006450,120.01179277633877,2.0,7.0,2.3508392206574467,0.0
T006451,152.4353563208282,3.0,0.0,97.40972261656648,0.0
T006452,54.1011947694632,3.0,0.0,20.591337644515487,0.0
T006453,35.52597063951562,2.0,0.0,,0.0
T006454,79.24498555183152,,14.0,19.928407611474917,0.0
T006455,103.9288514859575,,0.0,32.97655813198156,0.0
T006456,1.0,2.0,2.0,,0.0
T006457,30.402080952413428,,4.0,,0.0
T006458,116.1487251808834,3.0,1.0,5.065524925326975,0.0
T006459,78.41898436409758,2.0,3.0,0.8491100632735875,0.0
T006460,97.12411234972684,1.0,5.0,2.4314623454886197,0.0
T006461,64.39130679119782,2.0,,21.823568500662653,0.0
T006462,58.477779672171735,2.0,6.0,,0.0
T006463,116.92482037472072,3.0,9.0,11.412800151834118,0.0
T006464,159.83157433228257,1.0,1.0,16.3313226521983,
T006465,136.9590247350784,2.0,12.0,8.896007117847981,0.0
T006466,128.60031391502363,1.0,1.0,2.77495125883626,
T006467,62.05146505483276,3.0,1.0,18.544047342520955,0.0
T006468,161.5000286359575,3.0,0.0,42.55723538624427,0.0
T006469,94.2598875620468,3.0,9.0,4.187024797019104,1.0
T006470,139.2001389655374,3.0,1.0,,0.0
T006471,42.84903439631357,3.0,2.0,15.342498540183389,0.0
T006472,78.95077595898685,2.0,1.0,35.87553414178962,0.0
T006473,160.12882526126137,2.0,0.0,7.968515154498151,0.0
T006474,125.21439266921362,1.0,1.0,21.482007837827894,0.0
T006475,73.04386484255107,3.0,2.0,3.269317297790304,0.0
T006476,88.05259765667951,2.0,16.0,28.60954435664573,0.0
T006477,100.96720354058772,2.0,0.0,3.551267425319725,1.0
T006478,82.53711478407857,2.0,7.0,76.39173667259558,0.0
T006479,164.84972732805545,2.0,,6.529379635626633,0.0
T006480,203.7630436312633,3.0,11.0,5.811957974119267,0.0
T006481,124.83496116182609,2.0,2.0,0.5590182973474628,0.0
T006482,50.43038252718464,3.0,1.0,8.135390203229168,0.0
T006483,210.9390116724067,2.0,4.0,29.988153461277545,0.0
T006484,25.26219267751779,2.0,2.0,1.4442962475404504,1.0
T006485,98.26441151473784,2.0,12.0,1.426685335218239,0.0
T006486,7.95628843341774,2.0,0.0,1.7396608305564651,0.0
T006487,,2.0,12.0,31.630954698760977,0.0
T006488,128.82256725612115,2.0,2.0,18.61797427055017,0.0
T006489,7.349075855121541,2.0,9.0,22.102500369018188,
T006490,103.64370490077576,1.0,3.0,16.864446950468743,0.0
T006491,91.19332482245107,3.0,1.0,9.81746436319668,0.0
T006492,,1.0,4.0,50.22581025954251,0.0
T006493,137.5966516343387,1.0,14.0,30.29272409520452,0.0
T006494,88.2041735343938,3.0,,9.042743785547758,0.0
T006495,,3.0,6.0,44.87892879118146,0.0
T006496,118.26971209625704,1.0,5.0,,0.0
T006497,98.4240743335948,3.0,0.0,73.64593873350609,0.0
T006498,17.257166406711534,3.0,11.0,22.04194927304492,0.0
T006499,,2.0,6.0,11.736117648514073,0.0
T006500,70.16854706941349,1.0,1.0,49.431047877901165,0.0
T006501,,2.0,12.0,4.873494077029866,0.0
T006502,1.0,3.0,13.0,0.5300449636494748,1.0
T006503,,3.0,5.0,8.62492878950889,0.0
T006504,73.89342149900038,,1.0,51.06344854032017,0.0
T006505,,1.0,1.0,16.61089837408092,0.0
T006506,88.75734721025741,2.0,10.0,7.873073576399912,
T006507,88.2923312638332,1.0,1.0,5.092087499460817,0.0
T006508,64.52794987862268,3.0,1.0,1.609311884855135,0.0
T006509,12.676663721048314,2.0,0.0,1.3648757529835078,0.0
T006510,93.03013996683828,2.0,6.0,14.848503808842622,0.0
T006511,115.32254314816704,2.0,2.0,19.86563940692026,1.0
T006512,41.22026971875742,2.0,1.0,22.505118497203497,0.0
T006513,65.51361129679131,2.0,4.0,45.731764766785496,0.0
T006514,50.24130200503813,2.0,4.0,16.372832573269203,0.0
T006515,81.7247031507367,2.0,2.0,9.763959899786189,0.0
T006516,156.118710935158,1.0,,,
T006517,160.1225623991536,1.0,2.0,3.635983411605441,1.0
T006518,95.47333588479196,3.0,17.0,55.66692580440258,0.0
T006519,,2.0,4.0,64.27770787029183,0.0
T006520,149.79868394232227,2.0,0.0,12.803882900347002,0.0
T006521,121.81178524005276,2.0,6.0,,0.0
T006522,179.72525316124862,2.0,8.0,14.86465124633197,1.0
T006523,102.3001373626637,2.0,1.0,13.05599651184536,0.0
T006524,141.47027905917446,2.0,2.0,27.175873989339173,0.0
T006525,72.3539581316349,3.0,2.0,25.723952256524857,
T006526,,2.0,9.0,53.55628578903735,0.0
T006527,,2.0,2.0,6.016706835382498,0.0
T006528,159.4508265553776,2.0,,,0.0
T006529,68.66413877050175,2.0,1.0,,0.0
T006530,75.44231264289476,3.0,,42.12444741807585,0.0
T006531,45.04776242225637,2.0,4.0,0.8873870840591344,0.0
T006532,92.83705423179038,2.0,8.0,16.301234409838568,1.0
T006533,46.07436293177014,2.0,1.0,3.0874045281705627,0.0
T006534,169.2136409255259,2.0,6.0,,0.0
T006535,52.89699082128775,2.0,4.0,,1.0
T006536,,1.0,4.0,0.5307147859301591,0.0
T006537,154.54902125929834,3.0,0.0,37.70717377205907,0.0
T006538,183.8688543902745,,1.0,,0.0
T006539,76.85302439873709,2.0,2.0,8.420094416352262,0.0
T006540,44.17377800256704,2.0,,27.46385058345241,0.0
T006541,81.36622080240127,2.0,1.0,10.243830662835702,0.0
T006542,113.95419291725926,3.0,2.0,33.789015826244494,0.0
T006543,100.1143968071752,1.0,2.0,70.86880764573318,0.0
T006544,160.2997258273408,3.0,6.0,55.39446713046241,0.0
T006545,,2.0,1.0,14.894037826963803,0.0
T006546,61.83704217287416,2.0,,14.83564793713453,0.0
T006547,174.36230776679636,3.0,9.0,74.73656314942608,0.0
T006548,1.0,3.0,0.0,3.624809505960954,0.0
T006549,5.90754772511805,2.0,2.0,24.594689613031225,0.0
T006550,60.14432168875096,3.0,,24.8703831077256,
T006551,80.77222278850873,2.0,1.0,68.40269922303018,0.0
T006552,95.97001253516196,1.0,,0.1423812431311222,0.0
T006553,88.08831624721913,,0.0,26.517589068558507,0.0
T006554,,3.0,6.0,11.450614789180303,0.0
T006555,109.5948867936518,3.0,8.0,53.42433300446097,0.0
T006556,,2.0,7.0,53.05479070823294,0.0
T006557,127.989522396552,2.0,0.0,,0.0
T006558,122.43178822572636,3.0,1.0,70.90450087683011,0.0
T006559,87.45834917724763,3.0,2.0,16.692285928167266,0.0
T006560,,2.0,7.0,32.3636172526565,0.0
T006561,114.65362366493406,3.0,7.0,1.884449714541007,0.0
T006562,76.44376740910607,2.0,0.0,5.675997136482952,0.0
T006563,76.76913513508035,2.0,23.0,33.90280168435623,0.0
T006564,78.78818333009782,3.0,,,0.0
T006565,60.88230387490032,1.0,,,0.0
T006566,,3.0,12.0,12.05440599008614,0.0
T006567,89.21952107159888,3.0,8.0,7.850304316401391,0.0
T006568,56.009282324897285,2.0,0.0,23.52110105031209,0.0
T006569,81.49944850589361,2.0,6.0,39.89077491334487,0.0
T006570,57.46933735240261,2.0,2.0,8.198532738261562,1.0
T006571,82.42432579793457,2.0,0.0,32.42504721251039,0.0
T006572,30.920414076820947,1.0,6.0,13.481095260641734,0.0
T006573,1.0,2.0,7.0,21.975902172825734,0.0
T006574,70.8620671194209,3.0,14.0,13.479812866777976,0.0
T006575,71.6851135198614,3.0,11.0,39.94210213631546,0.0
T006576,,1.0,5.0,,0.0
T006577,70.53641741053468,1.0,0.0,121.76027211497116,1.0
T006578,158.20300762929688,3.0,1.0,119.38903439274252,0.0
T006579,43.32894908536885,2.0,7.0,33.5321988923247,0.0
T006580,105.28768956357402,2.0,8.0,4.668650760912355,0.0
T006581,139.2900079325416,2.0,0.0,23.79034520059524,0.0
T006582,152.5973808861459,1.0,0.0,62.42455106061884,0.0
T006583,77.67425239664894,2.0,2.0,0.229500484609527,1.0
T006584,135.0586371155449,3.0,0.0,13.530780818763526,0.0
T006585,104.22592379076636,2.0,2.0,62.66164867715357,0.0
T006586,90.75489317785056,2.0,1.0,49.522414501146,
T006587,55.13734969193716,2.0,0.0,33.20833575113177,0.0
T006588,61.31054004482135,2.0,1.0,23.363728562515977,0.0
T006589,70.07812097094765,2.0,,50.988069667168375,0.0
T006590,71.99094799015153,1.0,1.0,1.7323741604764065,0.0
T006591,69.63227833938943,3.0,3.0,6.412508817661533,0.0
T006592,125.48415386211644,,2.0,9.331455592742971,0.0
T006593,138.58493553241723,2.0,1.0,41.216124771631,0.0
T006594,144.50288662377298,3.0,4.0,42.58365313272565,0.0
T006595,107.57036953123888,2.0,5.0,,0.0
T006596,79.59495804198897,3.0,5.0,62.636907531725406,0.0
T006597,29.881535828808765,1.0,4.0,62.6377820447973,0.0
T006598,117.3251940865358,,2.0,22.271271797649288,0.0
T006599,146.0900750988626,3.0,3.0,37.099170568442624,0.0
T006600,123.62031389401886,3.0,1.0,1.9138193312363605,0.0
T006601,49.26216346535666,2.0,9.0,0.0527024236260196,0.0
T006602,49.35844398327881,3.0,1.0,17.593958910789706,0.0
T006603,75.82192580767315,2.0,4.0,2.252686084776654,0.0
T006604,116.04987818430116,2.0,4.0,11.70382898325112,0.0
T006605,88.71718096438742,2.0,5.0,19.061861465436696,0.0
T006606,73.26216645778385,2.0,,16.923578847518357,0.0
T006607,25.7219813481514,2.0,5.0,,0.0
T006608,100.9200815391719,3.0,7.0,15.531916378795252,0.0
T006609,135.7587195064029,2.0,,9.10614240951423,0.0
T006610,90.58987806135896,3.0,0.0,,1.0
T006611,122.38542800086574,2.0,6.0,18.92512155693435,0.0
T006612,175.0421515140189,3.0,2.0,14.759074581273286,
T006613,93.79893063050017,1.0,5.0,,0.0
T006614,154.4475298483683,3.0,0.0,31.063068155748507,0.0
T006615,55.800057162677966,1.0,0.0,24.558164334005298,1.0
T006616,70.30942959656474,2.0,24.0,4.416199927682071,0.0
T006617,150.33650356135325,3.0,18.0,0.9005131616641283,0.0
T006618,142.9793943489901,2.0,12.0,35.35068767775203,0.0
T006619,143.5562351715846,2.0,7.0,60.62396384788642,0.0
T006620,128.68722105022067,2.0,3.0,13.581793901558363,0.0
T006621,163.72142133437907,2.0,2.0,9.807535400831016,0.0
T006622,84.7277648779159,2.0,0.0,28.207747862173555,0.0
T006623,32.70101598766257,3.0,1.0,12.716014148149712,0.0
T006624,144.1829968743336,3.0,9.0,52.35720902337169,0.0
T006625,94.42455864285282,3.0,,35.605050071955894,0.0
T006626,71.46797848999437,2.0,,8.072537902565752,0.0
T006627,95.89244108037155,2.0,5.0,20.9037191116714,0.0
T006628,195.6002734526349,3.0,1.0,33.40512153048326,0.0
T006629,73.45145510940178,2.0,0.0,5.373590768251924,0.0
T006630,196.66798738571785,3.0,0.0,34.572111183508824,0.0
T006631,147.8919815554134,3.0,1.0,14.592985183087752,0.0
T006632,,3.0,1.0,,0.0
T006633,58.23264733701213,3.0,1.0,12.496981038401236,0.0
T006634,59.11588016974331,1.0,5.0,3.494953985432604,0.0
T006635,136.4259321757268,1.0,3.0,18.584508022599906,0.0
T006636,62.52920065215133,2.0,4.0,4.566411280166472,0.0
T006637,177.16217641360944,2.0,11.0,36.33288811256264,0.0
T006638,72.58998509166136,3.0,4.0,0.8562669072991999,0.0
T006639,82.1004782793332,2.0,6.0,21.331158643061908,0.0
T006640,66.59547731784755,2.0,,66.03505716304949,0.0
T006641,222.0610861235957,2.0,3.0,32.5756904902883,0.0
T006642,130.63953707916448,2.0,0.0,98.65596099844366,0.0
T006643,51.26591648863393,2.0,,24.99935143530344,0.0
T006644,114.8622136690062,1.0,0.0,54.8147031028776,0.0
T006645,114.76162875203016,,1.0,30.899759289982004,0.0
T006646,117.1362673188852,2.0,3.0,26.264215429713506,0.0
T006647,79.37930908917598,3.0,5.0,1.8070170449357124,0.0
T006648,35.977221449876666,3.0,1.0,,0.0
T006649,,2.0,,20.87071098134553,0.0
T006650,38.57780843671187,1.0,0.0,61.06107785026242,0.0
T006651,71.92211268346873,2.0,,101.3321669357704,0.0
T006652,1.0,2.0,8.0,17.304630191270565,0.0
T006653,56.93452101514461,1.0,3.0,0.0926235084662885,0.0
T006654,69.57051383801499,1.0,2.0,1.8787668903322745,0.0
T006655,50.077957356164085,3.0,4.0,20.09978863759913,0.0
T006656,190.21740548933715,2.0,3.0,2.436609487639423,0.0
T006657,100.25567283212304,2.0,3.0,2.888169693451485,0.0
T006658,1.0,3.0,,52.40556864307253,0.0
T006659,100.16877532985804,2.0,4.0,43.47127097425948,0.0
T006660,83.46053878362213,2.0,0.0,32.58338736151834,0.0
T006661,151.62326302755736,2.0,7.0,15.12504384881233,0.0
T006662,19.42163204485861,3.0,1.0,,0.0
T006663,128.55897031096043,1.0,9.0,,0.0
T006664,,3.0,11.0,18.89677945212113,0.0
T006665,147.62309852680846,3.0,4.0,36.71637477625176,0.0
T006666,159.36930257823755,3.0,12.0,6.802427584899753,0.0
T006667,173.5517345408552,2.0,8.0,11.677036646140444,0.0
T006668,84.82178373670425,2.0,0.0,20.39599935225749,1.0
T006669,76.43681296487402,1.0,2.0,28.77596722009858,0.0
T006670,49.98343376972127,3.0,1.0,13.448532504894292,0.0
T006671,135.61610797900812,,6.0,22.120403380311323,0.0
T006672,76.17230992832377,2.0,2.0,7.278947358322209,0.0
T006673,133.93640346397095,2.0,9.0,0.5586665275339434,0.0
T006674,40.290529945385536,3.0,10.0,4.511882876673167,0.0
T006675,182.10075800681847,3.0,19.0,,0.0
T006676,118.1815941312484,3.0,5.0,31.78920114196834,0.0
T006677,54.81490696349359,3.0,11.0,16.732022548220314,0.0
T006678,52.712696965160944,3.0,1.0,7.711900480649906,0.0
T006679,76.18895632276704,2.0,11.0,38.50212796314291,1.0
T006680,45.06897874110939,2.0,1.0,6.01397021575377,0.0
T006681,127.85688092017408,3.0,0.0,5.088041145021223,0.0
T006682,122.53017064312697,2.0,,38.29687962536609,0.0
T006683,120.52750426638084,3.0,6.0,24.469982388758822,0.0
T006684,10.68122673226567,1.0,7.0,19.79878958327153,0.0
T006685,35.720449962198614,3.0,7.0,16.602726247873164,0.0
T006686,95.44620698234864,1.0,2.0,,0.0
T006687,107.75953419294896,2.0,2.0,0.5060411360957605,0.0
T006688,168.92348137307522,3.0,10.0,32.679884494034745,0.0
T006689,98.2496194996882,3.0,0.0,16.898940517794788,0.0
T006690,121.121748645072,2.0,8.0,6.7336415937956735,0.0
T006691,167.2710023077489,3.0,0.0,11.982072370191371,0.0
T006692,166.04978947703552,3.0,2.0,2.8225889570809946,
T006693,184.0746228709008,2.0,0.0,5.687355974286912,0.0
T006694,24.97617254184992,1.0,7.0,50.33350501223784,0.0
T006695,1.0,3.0,0.0,4.185284508327816,0.0
T006696,92.75607190260564,2.0,2.0,23.970394970994928,0.0
T006697,106.55325931079244,1.0,15.0,11.97345023437268,0.0
T006698,113.9633919108263,3.0,1.0,48.06097008331456,0.0
T006699,91.97903090123262,2.0,5.0,5.851613895428096,0.0
T006700,40.45417470131366,2.0,12.0,24.23820311211021,0.0
T006701,86.35333398872436,2.0,,1.1593274934197733,0.0
T006702,154.47682915383203,2.0,4.0,24.09319997854303,0.0
T006703,64.57966165447687,3.0,1.0,0.0828455609121389,0.0
T006704,60.45591041527173,2.0,16.0,,0.0
T006705,37.29195065021981,1.0,0.0,21.035734843479563,0.0
T006706,,3.0,1.0,12.561904059887285,0.0
T006707,126.03447482113344,1.0,4.0,,0.0
T006708,142.6600772525777,3.0,3.0,29.75888355641452,0.0
T006709,111.16194570645798,3.0,0.0,,0.0
T006710,163.18533388273343,3.0,9.0,12.912742130621826,0.0
T006711,184.35708175362825,2.0,1.0,48.90865468770611,0.0
T006712,104.64224505705572,2.0,2.0,,0.0
T006713,139.9970950971025,2.0,3.0,9.916347449443348,0.0
T006714,117.922680910481,,6.0,102.69442899274212,0.0
T006715,136.07396618786717,3.0,2.0,28.600334676877846,0.0
T006716,38.1524644560959,1.0,,36.21514218170535,0.0
T006717,,,22.0,38.10113039576808,0.0
T006718,136.25478934239987,2.0,3.0,,0.0
T006719,55.75986429865495,3.0,7.0,10.84028812236765,0.0
T006720,21.028185064120063,3.0,3.0,13.148161010368195,0.0
T006721,151.0018253451045,3.0,18.0,4.070798734318816,0.0
T006722,68.22210792977984,2.0,1.0,28.45703377036952,0.0
T006723,92.78197940380288,2.0,6.0,5.883078647565053,0.0
T006724,110.65983141188444,3.0,2.0,,1.0
T006725,127.36323986889836,2.0,0.0,,
T006726,174.45565541641446,2.0,19.0,51.03007546356111,0.0
T006727,157.96905216502608,3.0,0.0,68.43106762900959,0.0
T006728,27.99745587028528,1.0,4.0,22.326976079278356,1.0
T006729,144.07037644617856,3.0,2.0,4.703610851732246,0.0
T006730,11.063987554786069,2.0,3.0,24.91259230396432,0.0
T006731,134.94078351402382,2.0,1.0,74.89209161204342,
T006732,196.01837510721305,2.0,6.0,5.361216888336942,0.0
T006733,38.52252027737916,3.0,0.0,26.90743012716673,0.0
T006734,107.6862552972764,1.0,5.0,2.1740635013232104,0.0
T006735,77.22302369880646,2.0,9.0,,0.0
T006736,80.64501487627994,2.0,1.0,,1.0
T006737,129.2649718258169,2.0,5.0,10.683721431774114,0.0
T006738,98.25057547515192,2.0,9.0,16.79078009920965,0.0
T006739,59.741412412856185,1.0,1.0,121.30496361250376,0.0
T006740,116.22293021762584,1.0,3.0,12.74411643273874,0.0
T006741,107.4044709899138,2.0,4.0,7.33626837032084,0.0
T006742,154.15256215876386,2.0,8.0,11.35560816503591,1.0
T006743,161.0410649406524,3.0,2.0,,0.0
T006744,1.0,2.0,6.0,41.80697373599413,0.0
T006745,2.907067031029697,2.0,6.0,4.289400846775263,0.0
T006746,225.04502489671407,1.0,17.0,34.66310324208408,
T006747,84.84101085828623,2.0,2.0,10.428338222423172,0.0
T006748,1.0,2.0,7.0,,0.0
T006749,87.92512770646105,1.0,0.0,15.221897258274398,0.0
T006750,194.9940967447608,2.0,2.0,23.944274697167515,0.0
T006751,79.26865497140685,3.0,,14.540315886273172,0.0
T006752,121.1944741221993,2.0,3.0,7.610090989801933,0.0
T006753,83.42843143592486,2.0,5.0,5.4079683083205845,0.0
T006754,64.14919254360319,2.0,6.0,67.94940270650953,0.0
T006755,100.9799808288814,2.0,4.0,43.4808251603033,0.0
T006756,10.089263029544624,3.0,2.0,49.4356299950916,0.0
T006757,171.02521239949274,1.0,17.0,11.918075282895684,1.0
T006758,25.29811033551248,2.0,1.0,19.721432993369305,1.0
T006759,134.16062020005344,2.0,4.0,,0.0
T006760,101.70040481140734,1.0,9.0,10.282417598746765,
T006761,70.50526217685545,2.0,0.0,26.69991628826953,0.0
T006762,44.4271021531484,3.0,0.0,27.361705140378305,0.0
T006763,146.20135096034505,,0.0,26.46989594178876,0.0
T006764,43.44663822487062,3.0,1.0,6.086546879020608,0.0
T006765,92.23704755876255,2.0,6.0,28.44546468069741,1.0
T006766,71.41269790219692,3.0,0.0,23.30744134472176,0.0
T006767,52.243871032532354,3.0,0.0,89.68842744228098,0.0
T006768,81.1849637537502,3.0,5.0,13.681696475770156,0.0
T006769,166.56695309942018,2.0,2.0,,0.0
T006770,224.64997587163955,2.0,3.0,31.387724232689763,0.0
T006771,59.88599864302282,2.0,2.0,22.110644138537445,
T006772,105.17690769745876,,5.0,6.546966193982572,0.0
T006773,91.58075387635738,3.0,1.0,4.697322314101825,0.0
T006774,145.95770868050008,3.0,7.0,49.86802767690185,0.0
T006775,47.19846000166662,3.0,1.0,5.028980780405112,0.0
T006776,141.16399578388527,1.0,0.0,5.9839249779747945,
T006777,,2.0,2.0,8.276216186439719,0.0
T006778,109.3495104862332,3.0,2.0,,0.0
T006779,88.47068007381935,2.0,3.0,55.73523965597293,0.0
T006780,108.402990298341,,9.0,13.983877983571812,0.0
T006781,42.949574512363085,2.0,2.0,22.38876821157064,0.0
T006782,91.8466518028118,3.0,13.0,,0.0
T006783,72.82876144331175,2.0,0.0,,0.0
T006784,1.0,2.0,4.0,10.024815951336535,0.0
T006785,158.11297987528334,3.0,,37.528440521002935,0.0
T006786,171.44288539067838,3.0,2.0,,0.0
T006787,1.0,3.0,1.0,16.71739607282762,0.0
T006788,,2.0,1.0,66.33776201444267,0.0
T006789,164.60301671632612,2.0,0.0,50.96057670300704,0.0
T006790,2.133070543300505,2.0,0.0,126.12022536559118,0.0
T006791,,1.0,0.0,15.606520609675188,1.0
T006792,135.40543383442952,3.0,,56.43190908749138,0.0
T006793,71.66474459724736,3.0,7.0,44.889188575930206,0.0
T006794,98.97197213247463,3.0,11.0,82.918793057273,0.0
T006795,1.868715416371046,3.0,6.0,16.249977922549174,1.0
T006796,143.60765528420274,2.0,6.0,11.035173681988644,0.0
T006797,140.10642293090598,3.0,8.0,26.873195917926168,1.0
T006798,101.40905786845642,2.0,0.0,,0.0
T006799,93.57268533740216,1.0,0.0,12.279357840509608,0.0
T006800,75.81914302222816,3.0,15.0,14.016662423725425,0.0
T006801,52.30302903016776,2.0,7.0,1.6908204749628124,0.0
T006802,110.83124877023096,3.0,4.0,28.322516899945605,0.0
T006803,62.30689431545193,1.0,2.0,48.02048165195185,1.0
T006804,98.72128439040029,2.0,15.0,3.661792237374787,0.0
T006805,44.01912833554944,2.0,1.0,27.20744185767624,0.0
T006806,69.60890064527837,3.0,2.0,11.410983156188124,1.0
T006807,77.90755363795881,3.0,9.0,4.28689670061466,0.0
T006808,1.0,2.0,1.0,7.276092670053558,0.0
T006809,172.32816456256836,3.0,0.0,34.55301593258648,0.0
T006810,138.20148907864296,3.0,10.0,33.08626259607866,1.0
T006811,104.9466893514442,3.0,2.0,,0.0
T006812,,2.0,0.0,,0.0
T006813,39.03577667389031,2.0,0.0,24.662165389188797,0.0
T006814,93.27516077991336,1.0,1.0,26.30234264727668,0.0
T006815,115.87266306250876,3.0,2.0,39.05529673433482,0.0
T006816,,1.0,1.0,21.492600346008647,1.0
T006817,159.55453415730958,1.0,4.0,0.1574548650217139,0.0
T006818,,1.0,22.0,11.404955440193463,0.0
T006819,56.94560449132148,3.0,4.0,14.900584817633783,0.0
T006820,55.32424537403599,3.0,4.0,14.314558947775277,1.0
T006821,105.4704235916485,2.0,4.0,0.8019973615562929,0.0
T006822,81.92686166530072,2.0,7.0,29.396111193063177,0.0
T006823,136.94052404437514,3.0,5.0,9.847284040162693,0.0
T006824,103.94820228340424,3.0,,6.344525412089634,0.0
T006825,119.28749840908476,,2.0,7.306066949942451,0.0
T006826,81.4692833956947,2.0,5.0,26.897672718362305,0.0
T006827,126.16115928685166,3.0,14.0,,1.0
T006828,16.570037056090243,3.0,1.0,15.264096491004915,0.0
T006829,149.91554490739802,2.0,1.0,39.8493135111894,0.0
T006830,91.41631730376083,2.0,0.0,2.622348625557531,1.0
T006831,70.4490772133284,2.0,,19.093833141166805,1.0
T006832,147.64372736014695,3.0,0.0,8.692655760002852,0.0
T006833,148.19627115277854,,4.0,32.633973164378844,0.0
T006834,113.17754059773924,1.0,0.0,5.0521167489398815,0.0
T006835,,3.0,8.0,27.15779070957217,1.0
T006836,83.69882339160795,3.0,15.0,11.060462103432656,0.0
T006837,129.75147329177824,3.0,15.0,51.20217274950907,0.0
T006838,189.7938836547761,3.0,4.0,6.51712643280004,0.0
T006839,111.2342362875943,3.0,20.0,28.760264737050107,0.0
T006840,,2.0,4.0,29.845591636602187,1.0
T006841,20.888841662676118,1.0,4.0,70.21525671054914,0.0
T006842,125.751763360433,2.0,0.0,10.294552407957337,0.0
T006843,144.05733604066845,3.0,5.0,50.21421670300862,0.0
T006844,91.15263862529751,3.0,2.0,23.490201122784445,0.0
T006845,77.06806819494577,2.0,,46.94582187034017,0.0
T006846,,1.0,0.0,15.893253562692134,0.0
T006847,130.67589863652083,2.0,6.0,24.9082583146799,0.0
T006848,69.28384279518528,2.0,1.0,35.19232522726552,
T006849,49.16584357117514,2.0,6.0,18.875231928736767,0.0
T006850,151.15282776261196,2.0,0.0,13.750075110741363,0.0
T006851,117.30586643988612,1.0,14.0,25.572705253128262,0.0
T006852,135.46762572276586,3.0,1.0,38.67735102202977,0.0
T006853,,,18.0,56.04220405832678,0.0
T006854,22.569085056812668,3.0,6.0,33.42746518417324,0.0
T006855,115.3194741036707,3.0,2.0,23.37458832165058,0.0
T006856,184.25071393542547,1.0,1.0,57.708759402695264,0.0
T006857,166.6275733832564,1.0,1.0,12.738879603212224,0.0
T006858,78.27518862838423,2.0,3.0,51.27953600908128,0.0
T006859,50.28224671845633,2.0,13.0,16.238017847920023,0.0
T006860,44.29767749190033,1.0,11.0,42.72858459061944,0.0
T006861,134.102603285631,2.0,0.0,,0.0
T006862,121.08900371254354,2.0,27.0,10.277838595846186,0.0
T006863,63.519876509629526,3.0,23.0,6.12804750464621,0.0
T006864,,2.0,4.0,13.453496676738856,0.0
T006865,202.6909345043298,,1.0,18.35645152946709,1.0
T006866,117.88936801741416,2.0,0.0,25.98573274136461,0.0
T006867,39.5400644380197,3.0,,22.701413249426995,0.0
T006868,128.9928642647566,1.0,1.0,9.894087881441084,0.0
T006869,96.9451245997066,1.0,8.0,71.92875826942344,0.0
T006870,133.3156250454606,3.0,0.0,,0.0
T006871,,1.0,4.0,37.72156421296452,0.0
T006872,30.046078590776236,3.0,5.0,30.9772719293735,0.0
T006873,142.2901436281464,3.0,2.0,17.90594855167341,1.0
T006874,25.920961422431603,2.0,1.0,11.465604536090524,0.0
T006875,91.1041062097801,2.0,1.0,9.027574679195116,0.0
T006876,85.75815311288993,3.0,6.0,21.093002008642845,0.0
T006877,124.59595857532528,3.0,3.0,44.14042929194251,0.0
T006878,140.58527858066327,2.0,1.0,25.887773711994416,0.0
T006879,119.51830971976878,1.0,4.0,15.170563767152968,0.0
T006880,18.649753956662565,2.0,6.0,12.254610275159298,0.0
T006881,200.30464440795612,3.0,1.0,2.038081976817721,0.0
T006882,,3.0,4.0,6.809922779806446,0.0
T006883,161.94731764697187,2.0,6.0,10.6671053331935,0.0
T006884,140.96866340697034,2.0,1.0,2.6688766623197786,0.0
T006885,62.595196768917646,2.0,0.0,4.965940978740239,0.0
T006886,142.92255583283327,2.0,10.0,1.6818630881504375,0.0
T006887,140.6262911197099,2.0,4.0,83.73387204049722,0.0
T006888,96.79611179256416,3.0,8.0,1.8825950163380525,0.0
T006889,119.52324249644448,2.0,1.0,5.62669534041901,0.0
T006890,26.475522438437466,3.0,3.0,1.107986897060798,0.0
T006891,103.86841538238092,3.0,2.0,26.441692730128665,
T006892,59.585085732242426,2.0,4.0,,0.0
T006893,32.09125392612032,1.0,9.0,,0.0
T006894,92.92371233165258,2.0,14.0,35.12303497141664,0.0
T006895,144.91797841734927,2.0,12.0,9.851532609645645,0.0
T006896,137.5549727253655,2.0,3.0,2.3403642675870566,0.0
T006897,180.47603328879865,1.0,2.0,74.71549839682811,0.0
T006898,22.17090506701244,1.0,1.0,70.32819886058269,0.0
T006899,99.1788551963624,,0.0,21.16281616156952,0.0
T006900,83.93070791735033,1.0,5.0,28.34085460160105,0.0
T006901,112.83753993308936,2.0,3.0,35.01517901939492,0.0
T006902,126.39196749577935,3.0,7.0,46.548588698315925,0.0
T006903,67.42909981927758,2.0,3.0,24.270702222618144,0.0
T006904,107.08584568199524,2.0,,90.76966743580655,0.0
T006905,50.33206502090247,2.0,9.0,50.30427071793645,0.0
T006906,141.9674557115801,3.0,1.0,26.470839389021496,0.0
T006907,48.68153961670539,3.0,3.0,6.693486351355861,0.0
T006908,166.26380452185188,1.0,0.0,94.5594665551374,0.0
T006909,116.57354481654475,3.0,4.0,4.485263350602241,0.0
T006910,85.94498535570226,2.0,5.0,14.923881796059185,
T006911,31.01909176055348,2.0,2.0,24.8970940007118,0.0
T006912,106.3133868117034,2.0,5.0,29.885116681327023,0.0
T006913,139.3542301871226,3.0,3.0,82.8796535815221,1.0
T006914,101.00532334345492,2.0,6.0,28.93941063899312,0.0
T006915,77.24005475919205,2.0,9.0,6.06780889770057,0.0
T006916,81.53406149209056,1.0,0.0,20.601078500427487,0.0
T006917,1.0,3.0,1.0,23.302184104918,0.0
T006918,138.91805380833188,1.0,14.0,61.48876281286761,1.0
T006919,31.412843536824724,2.0,17.0,0.5706617635673313,1.0
T006920,46.33359838885522,1.0,23.0,6.119164659958687,1.0
T006921,99.6739342385271,2.0,1.0,6.617549858268639,0.0
T006922,194.8644347386556,2.0,5.0,15.070722304845196,
T006923,71.31499980307105,3.0,2.0,19.27995638261465,1.0
T006924,181.59284495445544,1.0,2.0,3.2438383776059405,0.0
T006925,1.0,2.0,1.0,23.89708014555588,0.0
T006926,134.6552803631572,2.0,4.0,5.785462833875987,0.0
T006927,,1.0,7.0,2.586876404040192,1.0
T006928,,2.0,6.0,35.115303014483395,0.0
T006929,63.95149457650518,3.0,4.0,18.49054610966129,0.0
T006930,141.12724560515946,1.0,2.0,,0.0
T006931,96.0466329067722,3.0,6.0,30.357014285906107,0.0
T006932,21.48876400547718,3.0,0.0,1.33054145707746,1.0
T006933,1.0,2.0,0.0,43.70673920538172,0.0
T006934,55.62539110989499,2.0,,0.885331145406445,0.0
T006935,106.70832079979218,3.0,0.0,16.39129400689418,0.0
T006936,148.4684651204027,2.0,6.0,,1.0
T006937,,2.0,,10.98986059252641,0.0
T006938,89.9254233026241,3.0,0.0,19.508964604238415,0.0
T006939,97.37977747112652,2.0,3.0,28.840190603177746,0.0
T006940,79.5358780943448,2.0,2.0,70.45674171263376,0.0
T006941,94.26317792665505,2.0,2.0,29.40205168877335,0.0
T006942,93.13141058003016,3.0,7.0,32.79819944353887,0.0
T006943,155.63441874949626,2.0,8.0,10.94686611236436,
T006944,137.8494308322676,2.0,1.0,1.9278367811489103,0.0
T006945,81.52365355833207,1.0,2.0,71.51246408521905,0.0
T006946,107.46709555299402,3.0,,47.18670458432708,0.0
T006947,90.74511752893906,2.0,1.0,141.74087195717382,1.0
T006948,80.74890941435682,3.0,11.0,16.641902763129433,0.0
T006949,178.97189458474298,2.0,10.0,1.7063467270595896,0.0
T006950,1.0,2.0,3.0,6.987624089495776,0.0
T006951,134.64287921187184,2.0,4.0,60.23158692871906,0.0
T006952,132.02714675373866,3.0,13.0,36.54924802689452,0.0
T006953,111.1144927900427,2.0,14.0,19.3586868528329,0.0
T006954,75.5575289106863,2.0,5.0,44.399381231666,0.0
T006955,54.804617926760514,2.0,2.0,44.584959510197336,0.0
T006956,85.22598409854199,1.0,6.0,,0.0
T006957,112.30418076582043,3.0,4.0,13.209801692079356,0.0
T006958,33.225921545005434,1.0,1.0,53.65228698329002,0.0
T006959,199.35305558497203,2.0,8.0,59.55674134966789,0.0
T006960,24.257638765706773,3.0,0.0,2.6696544755310283,0.0
T006961,113.35633255057417,2.0,2.0,49.014011775637,0.0
T006962,5.522963452723445,2.0,3.0,37.40308710826839,1.0
T006963,42.44929581902465,3.0,3.0,10.799613329988132,0.0
T006964,99.53498394306928,3.0,6.0,8.646630132332032,0.0
T006965,116.39105864215426,1.0,8.0,,0.0
T006966,83.91824743913087,,10.0,7.819538313070934,0.0
T006967,,3.0,1.0,18.05612282384172,0.0
T006968,24.14131516641605,1.0,,,0.0
T006969,92.91757069949364,3.0,0.0,8.66346930314671,0.0
T006970,105.84150870860918,2.0,1.0,9.171610185818595,0.0
T006971,5.49949144085285,2.0,13.0,15.598111946332452,0.0
T006972,71.80262559708784,2.0,0.0,3.1107046120709017,0.0
T006973,84.97670256396482,2.0,7.0,29.007268805877597,0.0
T006974,50.518593171483126,1.0,2.0,4.726223203250195,0.0
T006975,43.14835584262563,2.0,1.0,40.90611345324651,0.0
T006976,117.5582733813542,3.0,9.0,2.3303805677202765,0.0
T006977,161.68621391680966,2.0,10.0,3.330920407676862,0.0
T006978,91.2822871048582,1.0,14.0,0.201228058298317,0.0
T006979,135.12666569669278,,1.0,,1.0
T006980,188.32559001638168,2.0,12.0,,0.0
T006981,53.5244569903795,2.0,0.0,13.019876409690896,0.0
T006982,190.62242789984649,1.0,9.0,,0.0
T006983,159.38396942307818,3.0,1.0,8.981719380685927,1.0
T006984,22.46682844669337,2.0,0.0,19.41144671416302,0.0
T006985,164.79358909315073,2.0,11.0,8.397288686483508,0.0
T006986,130.41230958424842,2.0,2.0,19.9266102531516,0.0
T006987,134.77012372751494,3.0,0.0,12.022955594234794,0.0
T006988,81.82133525424854,2.0,2.0,5.69355995056682,0.0
T006989,32.59114772862549,1.0,3.0,55.606370353731336,0.0
T006990,117.51851081931692,3.0,7.0,26.22176956443805,0.0
T006991,,1.0,,44.59118904502983,0.0
T006992,130.70833500217125,2.0,1.0,18.859645496758,0.0
T006993,106.98268447826754,2.0,0.0,,0.0
T006994,71.29587114563651,3.0,0.0,18.753218173973902,0.0
T006995,95.27706427789988,2.0,4.0,93.40583711478487,0.0
T006996,60.89982537444815,3.0,10.0,11.916055544325657,
T006997,97.93536564963586,2.0,,20.204431379921857,0.0
T006998,78.55760371969633,3.0,2.0,9.210915872489393,1.0
T006999,65.02927299383563,2.0,1.0,3.315391483390342,0.0
T007000,110.14615104256498,,0.0,88.89501936564152,1.0
